ID;artigo;ano;pais_dados;desenho;A_identificacao;B_desfecho;C_preditores;D_modelo;E_validacao;F_desempenho;G_eventos;H_calibracao;n_divergencias;n_alta;finalidade_proposta;auditor_concorda;finalidade_correta;antropometria_do_desfecho_entre_preditores;detalhe_antropometria;confianca;coerencia_geral;leitura;obs
AA_36;Advanced Machine Learning Techniques for Stunting Classification Using a Stacking Ensemble Approach;2024;Indonesia;transversal (inquerito nacional de saude, uma unica onda);PARCIAL;OK;OK;OK;PARCIAL;PARCIAL;OK;OK;6;1;classificacao diagnostica (nowcasting);True;classificacao diagnostica (nowcasting);False;"Nenhuma variavel antropometrica entre os preditores. A Table I (p.2) lista 18 features, todas sociais/economicas/ambientais/demograficas; peso, altura, comprimento, peso ao nascer, WAZ/WHZ e perimetro braquial nao aparecem. A Introducao (p.2) reforca: 'this study focuses solely on external factors that influence stunting, such as social, economic, environmental, and demographic factors'. Nao ha ranking de importancia no artigo, entao antropometria_top3 = False e trivialmente correto (3 Most Important Features = NR esta certo).";alta;O nucleo quantitativo da extracao esta correto: as 24 celulas de Accuracy/Precision/Recall/F1 das 6 linhas batem exatamente com a Table III (p.5, individuais) e a Table IV (p.5, stacking), a lista de algoritmos cobre os 5 base learners mais o stacking sem sobra nem falta, o Best Model? = stacking confere com a Conclusao (p.6) e o rotulo de nowcasting bate com o desenho transversal. O problema central e o AUC: a planilha diz NR, mas a Fig. 4 (p.6) traz 0,58 / 0,55 / 0,58 por classe, e a propria Secao II.D (p.3) chama o AUC de metrica primaria do estudo. Nada aqui sugere fabricacao ou metrica de treino no lugar de teste — ao contrario, o desempenho baixo e internamente coerente: accuracy 0,79 e praticamente a prevalencia da classe Normal (79,11%, Fig. 1, p.4), a matriz de confusao (Secao III.F, p.5) registra apenas 5 acertos na classe 'Stunting' e 26 em 'Severely Stunting', e o AUC fica em 0,55-0,58, o que descreve um modelo que essencialmente prediz 'Normal' para todos. Consequencia pratica: Precision/Recall/F1 da planilha sao medias entre as 3 classes, nao sensibilidade para stunting, e ler 'Recall = 0,34' como sensibilidade do desfecho superestima muito o modelo.;texto via PyMuPDF + paginas 4,5,6 visuais (Fig. 1, Fig. 3, Fig. 4 e Tabelas III/IV) + zoom raster na Fig. 4 (p.6);"Duas inconsistencias internas do artigo que a extracao registrou apenas em parte: (a) o Results III.A (p.4) diz '20 dependent variables' e nomeia 'family income' e 'parental education', que NAO constam da Table I (p.2) — a nota de Predictor Notes sinaliza a contagem 19 vs 20 mas nao essa divergencia de nomes; (b) a Secao III.F (p.5) discute 'the visualization of the confusion matrix', porem nenhuma figura de matriz de confusao existe no artigo (Fig. 1 = pizza, Fig. 2 = correlacao, Fig. 3 = barras de accuracy, Fig. 4 = ROC) — a nota da planilha ja registra isso corretamente. O artigo tambem nao tem Table II (numeracao pula de I para III). Confirmado ainda que a Fig. 1 (p.4) traz so percentuais (6,27% / 14,62% / 79,11%), sem contagens absolutas, o que valida N Events = NR."
AA_44;Conceptualizing bias in EHR data: performance disparities by demographic subgroups for a pediatric obesity incidence classifier;2024;EUA (area metropolitana de Filadelfia, PA - CHOP);caso-controle pareado 1:1 retrospectivo, derivado de coorte retrospectiva de EHR (Pediatric Big Data, CHOP, 2009-2017);PARCIAL;OK;OK;OK;OK;OK;PARCIAL;OK;6;1;predicao prospectiva;False;"classificacao diagnostica (nowcasting) - preditores concorrentes ao desfecho, com historico imediato anterior; NAO ha horizonte temporal declarado";False;Os 74 candidatos sao 70 padroes temporais de diagnosticos codificados em EDC (binarios) + 4 demograficas (sexo ao nascer, raca/etnia, Medicaid/CHIP, faixa etaria na visita indice) - Feature selection, p.5-7. IMC/z-score entram apenas na DEFINICAO de caso e controle (Study population, p.5), nunca como preditor. Table 3, p.10, confirma: os 10 top features de cada algoritmo sao codigos EDC ou variaveis demograficas. Ressalva: o codigo '2-END05' (GBT, rank 6) nao e traduzido no texto principal e sua definicao esta so na S2 Table (suplemento nao incluido no PDF), entao nao e possivel excluir com 100% de certeza que algum EDC seja endocrino/relacionado a obesidade - mas nenhuma MEDIDA antropometrica figura entre os preditores. Flag antropometria_top3 = False esta correto.;alta;"O conjunto quantitativo extraido e fiel: as 4 AUC (LR 0.78, RF 0.77, GBT 0.78, NN 0.76, todas SD 0.01) batem exatamente com a linha 'Total Study Population' da Table 2, p.9; os top-3 de cada algoritmo batem exatamente com a ordem de rank 1-3 da Table 3, p.10; Accuracy/Precision/Recall/Specificity/F1 = NR esta certo porque o artigo so reporta AUC-ROC; N = 9.554, 4.777 casos, 44,6% feminino e faixa 24-216 meses conferem com Table 1 e Methods. Os problemas sao de rotulagem, nao de numero: (1) o rotulo derivado 'predicao prospectiva' contradiz o proprio campo Predictor Timing da planilha ('before or at the outcome') e o desenho do artigo, que aferiu desfecho e boa parte dos preditores na mesma visita indice; (2) o flag antropometria_preditores = True nao tem lastro no artigo. Ha ainda um ponto metodologico que a planilha reproduz fielmente mas que vale registrar: o artigo usa as MESMAS 200 particoes estratificadas para escolher hiperparametros e para reportar o desempenho da Table 2 (p.8), sem conjunto de teste realmente independente - ou seja, o 'test set' da coluna Metrics Source e otimista, mas a planilha nao inventou nada, apenas copiou a linguagem do artigo.";texto via PyMuPDF + pagina 6 visual (Fig 2, fluxograma);O artigo nao declara a proporcao do split treino/teste em momento algum - a planilha registra isso como 'split proportion not reported', o que esta correto. Calibracao realmente nao foi avaliada (nenhuma curva, Brier ou Hosmer-Lemeshow no texto, tabelas ou lista de suplementos S1-S5), entao 'Calibration Assessed: No' confere.
AA_19;Enhancing Early Stunting Detection: A Novel Approach using AI with an Integrated SMOTE Algorithm and Ensemble Learning Model;2024;Indonesia (Yogyakarta);"transversal (registro unico de altura/peso/idade/sexo por crianca, coletado via posyandu; sem seguimento)";PARCIAL;OK;OK;PARCIAL;OK;PARCIAL;OK;OK;6;0;classificacao diagnostica (nowcasting);True;classificacao diagnostica (nowcasting);True;Altura (Height, cm) e peso (Weight, kg) sao 2 dos 4 preditores (Fig. 2.4, p.2). O desfecho e uma funcao deterministica de altura-para-idade: 'stunted' = z-score de altura/idade mais de 3 DP abaixo da mediana, 'stunting' = entre 3 e 2 DP (Data Understanding, p.2, ref [6] Standar Antropometri Anak). Como altura e idade em meses tambem sao preditores, o rotulo e recuperavel a partir dos proprios preditores — a tarefa e circular. O campo antropometria_top3=False esta correto por ausencia de ranking de importancia reportado (nao porque nao haja antropometria).;alta;"O conjunto extraido bate com o artigo: todos os valores numericos de precision/recall/F1/accuracy/support das 8 linhas conferem exatamente com as Tables V, X, XIII e XVI, e as variantes alternativas anotadas em 'Notes' conferem com as Tables IV, VI-IX, XI, XII, XIV e XV. Os desempenhos quase perfeitos (0.98-1.00) para classes com apenas 18 e 89 eventos reais so se explicam por dois erros do proprio artigo, e a extracao capturou os dois: (i) o oversampling foi aplicado ANTES do split — 'the next step is to process the data with SMOTE, SMOTE-ENN, and SMOTE-Tomek Link techniques to balance the data. After the pre-process procedure, we split the data into training (80%) and testing (20%)' (Modeling Phase, p.4) —, de modo que os suportes de teste sobem de 151 para 382-387 e o conjunto de teste contem amostras sinteticas; (ii) o desfecho e derivado deterministicamente de altura + idade, que estao entre os 4 preditores. Sem reamostragem os mesmos modelos caem para F1 0.20-0.41 (stunted) e 0.29-0.57 (stunting), o que confirma o diagnostico. O artigo nao reporta AUC, especificidade nem calibracao, e a planilha registra NR/No corretamente.";"texto via PyMuPDF (o PDF usa fontes subsetadas sem ToUnicode e o texto saiu embaralhado; reconstrui o CMap a partir dos programas de fonte embutidos e reextrai) + paginas 2,3,4,5,6,7,8 conferidas visualmente para todas as tabelas e figuras";"N amostral: o artigo so escreve 'roughly 750 data records' (p.3); os 752 da planilha vem da soma da Table I (645+89+18) e do indice 751 da Fig. 2.4 — coerente, mas nunca declarado como numero. O Predictor Notes da planilha esta correto: a Fig. 3 (p.4) tem mesmo uma caixa 'Feature Selection and Data visualization', embora nenhuma selecao seja descrita e as 4 variaveis sejam usadas. Table VIII (Ada Boost sem SMOTE, p.5) traz Normal com P=0.86, R=0.94 e F1=0.50, valores internamente impossiveis — erro tipografico do artigo, sem impacto nas linhas extraidas."
AA_10;Prediction of Child Malnutrition using Machine Learning (Kar et al., IEMECON 2021);2021;"Asia (dataset open-source mundial filtrado para a Asia; autores na India)";"transversal / analise secundaria de dataset open-source unico (837 registros, 12 features); sem seguimento";PARCIAL;OK;OK;PARCIAL;PARCIAL;PARCIAL;OK;OK;5;0;classificacao diagnostica (nowcasting);True;classificacao diagnostica (nowcasting);True;"Methods III.A, p.2 lista 'Height, Weight record' entre as features do dataset usadas para ajustar o modelo, e o desfecho e desnutricao definida antropometricamente; alem disso a mesma secao diz que as entidades Overweight/Underweight/Stunning ja estavam no dataset e por isso a analise antropometrica foi pulada, sem esclarecer se essas colunas de rotulo tambem entraram entre as 12 features — se entraram, o modelo e circular.";alta;"CONFIRMADO: o desfecho e composto e unico. O artigo modela uma so variavel binaria, 'malnourished or not' (Conclusion, p.3), com um unico valor de acuracia por algoritmo; nao existe nenhuma tabela, figura ou paragrafo com stunting, wasting, underweight ou overweight modelados separadamente. As Fig. 2 e Fig. 3 (p.3) sao barras por ALGORITMO, nao por desfecho, e Methods III.A (p.2) diz explicitamente que overweight/underweight/stunting ja eram colunas do dataset e que a analise antropometrica foi pulada, ou seja, essas categorias entram como insumo do rotulo e nao como desfechos modelados. A extracao esta fiel ao artigo nos numeros: os quatro valores de acuracia (91.11, 84.40, 77.612, 71.10) existem no texto de Results e as celulas de AUC, precisao, recall, especificidade, F1, eventos, sexo, idade, periodo e calibracao estao corretamente como NR, porque o artigo so reporta acuracia. O que nao fecha e do proprio artigo, nao da extracao: LR aparece com 91.11% e com 84.40% na mesma pagina, KNN com 66.66% e 71.10%, o 'test size of 0.2%' contradiz o '10% TESTSET' da Fig. 1, e as barras da Fig. 3 nao batem com nenhum numero do texto; a extracao documentou essas inconsistencias nas Notes de cada linha.";texto via PyMuPDF + paginas 3 visual (Fig. 1, Fig. 2 e Fig. 3 sao imagens rasterizadas, sem texto extraivel);"Dois pontos para nao induzirem erro depois: (1) 'Age (months) = NR' esta correto sob a regra de ignorar o abstract, pois a faixa 1-5 anos so aparece no abstract e as mencoes a 'under 5 years' no corpo (Introducao e Literature Survey, p.1-2) sao contexto epidemiologico, nao descricao da amostra; (2) 'Calibration Assessed = No' esta correto — a frase 'its outputs are well calibrated and predicted probabilities' (Methods III.C, p.3) e descricao generica do algoritmo de regressao logistica, nao avaliacao de calibracao do modelo ajustado. Nota adicional: a caixa da Fig. 1 (p.3) le-se '80 %-70 % TRAIN SET' (primeiro digito borrado, pode ser 60), enquanto a Notes da linha 65 registra '60-70%'; e campo de I_obs e a imagem tem resolucao baixa demais para resolver o digito."
AA_13;Health and Socio-Demographic Risk Factors of Childhood Stunting: AI Predictive Model (CatBoost);2024;"Indonesia (nao declarado explicitamente para o dataset; ver obs)";transversal - analise secundaria de dataset aberto do Kaggle, um registro por crianca (idade, sexo, altura, status nutricional);OK;OK;OK;OK;PARCIAL;PARCIAL;PARCIAL;OK;5;0;classificacao diagnostica (nowcasting);True;classificacao diagnostica (nowcasting) - e mais: rotulo deterministicamente derivado dos proprios preditores;True;"Height (cm) e preditor e e a propria base do escore z altura-para-idade que define o rotulo 'Nutritional Status'. Fig. 7, p.10 (rotulos em indonesio) mostra o ranking de importancia: Tinggi Badan/altura ~53 > Umur/idade ~44 > Jenis Kelamin/sexo ~2, confirmando 'height; age; gender' da planilha na ordem correta. Como o rotulo WHO e funcao de altura + idade + sexo, os tres unicos preditores reproduzem a formula do desfecho: circularidade completa, nao apenas vazamento parcial.";alta;A transcricao numerica e impecavel: as 30 celulas de desempenho das 5 linhas batem digito a digito com a Tabela 7 (p.9), inclusive Kappa e MCC, e o 'AUC NR' das linhas 70-73 corresponde ao '-' da tabela. O desenho, porem, e circular: o rotulo de status nutricional e o escore z altura-para-idade da OMS calculado a partir de altura, idade e sexo, e esses tres sao os unicos preditores, de modo que accuracy ~0.95 e AUC 0.997 medem a reproducao de uma formula, nao capacidade preditiva. O unico problema material da extracao e de proveniencia: as metricas da Tabela 7 nao sao do holdout de 800 como as linhas 70-73 assumem, ja que a Fig. 6 da accuracy 0.96 no conjunto de teste de 800 para o mesmo CatBoost e as cinco accuracies so fecham em contagem inteira com denominador 4000. Vale registrar ainda que a Tabela 2 (p.5) reporta 81.574 linhas duplicadas nas 121.000 do dataset original, nunca tratadas, o que torna plausivel contaminacao entre treino e teste e ajuda a explicar o desempenho.;texto via PyMuPDF + paginas 9,10 visuais (Figura 6 e Figura 7 sao imagens, ausentes da camada de texto);Country/Region 'Indonesia' nao e afirmado para o dataset em lugar nenhum do texto (o artigo so diz 'comes from Kaggle'), mas a Fig. 7 (p.10) exibe os nomes das variaveis do proprio dataset em indonesio (Tinggi Badan, Umur, Jenis Kelamin), o que sustenta a extracao - inferencia defensavel, nao invencao. Ja 'Sex (%F): Not reported' e conservador demais frente ao tratamento dado a N Events: o desenho de 500 por classe por sexo torna a amostra analitica 50% feminina por construcao, derivavel pela mesma aritmetica usada para chegar a 2000/4000.
AA_37;Classification of Stunting in Toddlers from Bandarharjo Using K-Nearest Neighbors and Random Forest Algorithms (Kani & Gunawan, COMNETSAT 2024);2024;Indonesia (Bandarharjo Health Center, Central Java);"transversal — registros de monitoramento de crescimento de um unico centro de saude; preditores e desfecho vem do mesmo registro de medicao (o termo 'cross-sectional' nunca aparece no artigo, e inferencia da estrutura dos dados)";PARCIAL;OK;PARCIAL;OK;OK;PARCIAL;OK;OK;5;0;classificacao diagnostica (nowcasting);True;classificacao diagnostica (nowcasting);True;"Circularidade direta: ZS_Height/Age (o z-score do proprio indice altura/idade) e mantido como preditor enquanto a categoria Height/Age ('Normal'=0 vs 'Stunted'+'Severely Stunted'=1) e o alvo (III.A e III.B, p.3; ZS_Height/Age tambem aparece como feature numerica nas Figs. 3 e 4, p.3-4). Alem dele, Height, Weight, Weight/Age, Weight/Height, ZS_Weight/Age e ZS_Weight/Height sao todos antropometricos — 7 dos 9 preditores. O flag antropometria_top3=False so e verdadeiro por vacuidade: o artigo nao reporta ranking de importancia (3 Most Important Features = NR corretamente), entao nao ha top-3 a inspecionar.";alta;"A extracao e fiel ao artigo: acuracias, F1, matrizes de confusao, n de treino/teste, SMOTE so no treino, hiperparametros, 155/3.632 e prevalencia de 4,1% conferem linha a linha com Tables I-IV (p.4) e Fig. 2 (p.3), e nada foi tirado apenas do abstract. Os dois pontos que exigem cuidado na sintese sao internos ao artigo, nao erros de digitacao: (1) o 'F1-score' da Table IV e macro-media das duas classes, o que infla o desempenho aparente sobre um desfecho de 4,1% de prevalencia; (2) a acuracia de 99,21% com apenas 53 casos positivos no teste se explica por circularidade — o modelo recebe ZS_Height/Age, o z-score continuo do mesmo indice que define o desfecho dicotomizado, entao esta essencialmente relendo o alvo. Nenhum desfecho ou algoritmo esta faltando ou sobrando: o artigo modela so stunting com KNN, RF e Stacked RFKNN, e a planilha tem exatamente essas tres linhas.";texto via PyMuPDF + paginas 3,4 visuais (Fig. 2, Fig. 3, Tabelas I-IV);"O artigo nao reporta AUC, precisao, recall nem especificidade numericamente (NR esta correto), mas as matrizes de confusao permitem deriva-los exatamente para o conjunto de teste: KNN P=65,22% R=84,91% Esp=97,79%; RF P=90,57% R=90,57% Esp=99,54%; Stacked RFKNN P=94,00% R=88,68% Esp=99,72%. Selecao de 27->10 features e descrita antes do split 70/30 no texto, sem metodo declarado."
AA_40;A Case Study on Stunting Classification in Toddlers from Karyajaya South Sumatra Using XGBoost and KNN;2025;Indonesia (Puskesmas Karyajaya, Palembang, Sumatra do Sul);transversal / base de registros de medicao fisica de rotina de um posto de saude (o artigo nunca nomeia o desenho);PARCIAL;OK;OK;OK;PARCIAL;PARCIAL;PARCIAL;OK;5;0;classificacao diagnostica (nowcasting);True;classificacao diagnostica (nowcasting);True;Vazamento direto do desfecho. O alvo e ZS TB/U (z-score altura-para-idade, Normal vs Stunting) e o preditor mais importante e a propria categoria TB/U (Height-for-Age), codificada 'Normal'=0, 'Short'=1, 'Very Short'=2, 'Tall'=3 (III.B, p.3), seguida de Height e Weight (Fig. 5 / texto, p.4-5: 'TB/U (Height-for-Age Z Score) is the most significant feature, followed by Height and Weight'). Na Table I, p.3, Height/Age e ZS Height/Age coincidem linha a linha nos quatro exemplos (1/1, 1/1, 0/0, 0/0). Alem disso a altura bruta, que define o desfecho, entra como preditor. Todo o conjunto de 5 preditores (LiLA, Weight, Height, BB/U, TB/U) e antropometrico.;alta;"A extracao reproduz fielmente os numeros publicados: accuracy 99,93% / F1 99,62% (XGBoost) e 99,43% / 93,89% (KNN) estao na Table IV, p.4, e precision/recall macro estao no texto da secao III.E, p.4 — nenhum valor veio do abstract e nenhum foi inventado. As metricas quase iguais a 1 se explicam por dois defeitos do proprio estudo, nao por erro de extracao: (i) circularidade, porque o preditor de maior ganho e a categoria altura-para-idade TB/U, que e a mesma informacao do alvo ZS TB/U, e a altura bruta tambem entra como preditor; (ii) conjunto de avaliacao, porque apesar do split 70/30 declarado as duas matrizes de confusao somam os 3000 registros da base inteira, de modo que o desempenho reportado nao e de teste independente nem media de CV identificavel (o numero de folds nunca aparece). O artigo tambem se contradiz internamente (28 vs 62 casos de stunting; recall macro 99,98% em III.E vs 99,15% na Conclusao; accuracy 99,93% vs 2999/3000=99,97% pela Table III) e a planilha registrou essas contradicoes em Events Notes / Other Metrics em vez de escolher em silencio.";texto via PyMuPDF;"AUC e especificidade nao sao reportados (a secao II.D, p.3, lista so accuracy, precision, recall e F1), entao 'NR' esta correto — embora especificidade fosse derivavel das matrizes (XGBoost 2937/2938=0,9997; KNN 2923/2938=0,9949). Duas ressalvas menores sem status de divergencia: a frase que apresenta a Table I (p.3) chama o alvo de 'ZS Weight/Age' enquanto o restante do artigo e o cabecalho da tabela dizem ZS TB/Age (altura-para-idade) — a planilha adotou a leitura dominante e correta; e a faixa etaria '0-60 meses' e traducao de 'toddlers / children under five' (p.1), ja que o artigo nunca da idade em meses nem qualquer estatistica descritiva de idade ou sexo."
AA_58;Predicting stunting status among under-5 children in Rwanda using neural network model (RDHS 2019-20);2025;Ruanda;transversal (inquerito domiciliar nacional DHS, analise de dados secundarios);OK;OK;PARCIAL;OK;PARCIAL;PARCIAL;OK;OK;5;0;classificacao diagnostica (nowcasting);True;classificacao diagnostica (nowcasting);False;As flags derivadas antropometria_top3=True e antropometria_preditores=True precisam ser qualificadas: a antropometria presente e a dos PAIS, nao a da crianca. Top-3 da Fig. 4 (p.9) = mother_height (altura MATERNA), Child_size (tamanho ao nascer percebido, categorico large/average/small, nao medida) e Sex. Entre os preditores ha ainda Mothers_BMI (IMC materno, Fig. 4, p.9) e birthweight (peso ao nascer da crianca, Table 1 p.5). NAO ha nenhuma medida de estatura/comprimento/HAZ da propria crianca no momento do desfecho entre os preditores, portanto nao ha circularidade com o desfecho (stunting = HAZ < -2 DP). Antropometria da crianca entre preditores existe, mas so ao NASCER (peso ao nascer e tamanho percebido ao nascer), nao a antropometria que define o desfecho.;alta;"O conjunto extraido bate com o artigo no essencial: um unico desfecho (stunting), um unico algoritmo (ANN/MLP), AUC 0,84 confirmado na propria Fig. 3 (p.8, legenda 'ROC curve (area = 0.84)') e acuracia de 72% repetida em Results (p.8) e Discussion (p.9); precisao, recall, especificidade e F1 sao de fato NR, e o proprio artigo admite na p.9 que 'this study only used the ROC for assessment'. Nao ha calibracao, matriz de confusao nem contagem absoluta de eventos (so 33,35% de 3.814, Results p.8), tudo isso corretamente marcado como NR/No. Os dois pontos que so se explicam por deslize sao: (a) a atribuicao dos 72% ao conjunto de teste, que so existe no abstract, enquanto a Fig. 2 citada pelo corpo e uma curva de treino/validacao com Training Accuracy ~0,72 e Validation Accuracy ~0,70-0,71; (b) a justificativa de que as 23 entradas do modelo seriam dummies das 19 variaveis da Table 1, contradita pela Fig. 4, que exibe 24 features nomeadas incluindo cinco (IMC materno, televisao, radio, nascimentos nos ultimos 5 anos, parasitose intestinal) que nao constam da Table 1. Essa segunda incoerencia e do proprio artigo, mas a planilha a resolveu com uma explicacao que o artigo nao sustenta.";"texto via PyMuPDF (23 paginas) + paginas 8 e 9 renderizadas em imagem para ler as Figuras 2, 3 e 4 (nao ha tabela de resultados no artigo; todas as metricas e o ranking de importancia so existem em figura)";"Confirmado que o artigo modela um unico par desfecho x algoritmo: nao ha wasting, underweight nem qualquer comparador (LR/RF/SVM/XGBoost aparecem apenas como referencia ao artigo-irmao Ndagijimana et al. 2023, JPMPH, ref. 17, que usou o mesmo banco - corretamente fora da planilha). 'Best Model? = Yes' e convencao, nao declaracao do artigo, ja que nao ha comparacao entre modelos. As inconsistencias internas registradas em Notes foram todas confirmadas: 2 camadas ocultas na p.6 vs 1 camada (MLP) na p.10 (reclamacao 12 do revisor, p.14); tamanhos de teste vs validacao dentro dos 763 nao especificados (reclamacao 9, p.14); e resposta do autor 'I did however I get the same before balancing and after balancing' sobre SMOTE (p.16)."
AA_23;Improving Stunting Detection in Toddlers with Boosted KNN and Boosted Naive Bayes Techniques;2024;Indonesia (Bojongsoang Community Health Center, Bandung);transversal (uma unica rodada de medicao, agosto de 2024), com dataset sintetico gerado por oversampling para modelagem;OK;OK;PARCIAL;OK;OK;OK;PARCIAL;OK;4;0;classificacao diagnostica (nowcasting);True;classificacao diagnostica (nowcasting);True;Height e Z-Score estao entre os 4 preditores (p.3, III.A) e o desfecho e a classificacao height-for-age (coluna Height/Age). Alem disso, no dataset sintetico as proprias classes foram atribuidas pelo Z-score (p.4: 'every data point with Z-scores less than -2 was classified as very short, those with Z-scores less than -1 were labeled as short'), ou seja, o preditor Z-Score e a variavel que define o rotulo. Circularidade completa, nao apenas sobreposicao. Nao ha ranking de importancia no artigo, entao antropometria_top3 = False esta correto por vacuidade (3 Most Important Features = NR).;alta;"Os valores numericos extraidos batem com o artigo: acuracia 98,62% / F1 macro 97,44% (BK) e 80,62% / 57,91% (BN) estao em Table III, p.5, e sao reproduzidos nas Conclusions, p.6; as duas matrizes de confusao conferem digito a digito com Tables I e II, p.5, e recalculam exatamente as acuracias reportadas (30.347/30.769 = 98,63% e 24.807/30.769 = 80,62%). A acuracia quase perfeita do BK nao e erro de extracao, e artefato do desenho: o split 9:1 foi feito DEPOIS de gerar 307.506 registros sinteticos a partir de 7.507 reais (p.4), de modo que treino e teste contem dados da mesma geracao sintetica; o preditor Z-Score e a variavel que define o rotulo no dataset sintetico; e os Algorithms 1 e 2 (p.3) fazem o reweighting do AdaBoost com base nos erros no proprio conjunto de teste T ('Predict dataset with knn(T)... if Predicted result != values in T then Reweight'), de forma que o 'holdout' nao e realmente independente do procedimento de treino. A planilha registra os dois primeiros pontos nos campos Notes e Predictor Notes, mas nao o terceiro. A unica correcao substantiva e a contagem de eventos, que soma 'short' como caso positivo contra a definicao explicita do artigo.";texto via PyMuPDF + pagina 4 visual (Fig. 3, Fig. 4, Fig. 5);"O campo 'Age (months): 0-60' nao aparece em texto, mas e sustentado pelo eixo do boxplot 'Distribution of Age' (Fig. 3, p.4), que vai de 0 a 5 com bigodes nos extremos e nenhum outlier, assumindo unidade em anos. Detalhe menor: o conjunto de teste soma 30.769 nas duas matrizes de confusao, contra 30.750,6 esperados por 10% de 307.506; diferenca de 18 registros, sem impacto nas metricas."
AA_24;Utilizing AI to Tackle Child Overnutrition in Morocco (Berrouyne et al., ICOA 2024);2024;Marrocos (2018 National Population and Family Health Survey, NPFHS);transversal (inquerito domiciliar nacional, amostragem estratificada em dois estagios);OK;OK;PARCIAL;OK;OK;PARCIAL;OK;OK;4;0;classificacao diagnostica (nowcasting);True;classificacao diagnostica (nowcasting);True;"O unico preditor antropometrico e o peso ao nascer (Methods III.C, p.2: 'birthweight records the child's weight at the time of birth'), que aparece como variavel mais importante para overweight (Results IV.B.1, p.4-5; Fig. 1, p.5) e em posicao intermediaria para obesidade (birth_weight_4, OR 1.7; Results IV.B.2, p.5). Ressalva importante: NAO ha peso, altura, IMC nem z-score contemporaneos entre os preditores, ou seja, a antropometria usada e a do nascimento e nao a mesma medida da qual o desfecho e derivado — nao ha circularidade. As flags do notebook (antropometria_preditores=True nos dois desfechos, antropometria_top3=True so em overweight) estao corretas na letra, mas devem ser lidas com essa ressalva.";alta;"Os 120 valores numericos das 20 linhas (AUC, acuracia, sensibilidade, especificidade e kappa) batem celula a celula com as Tabelas I (overweight, p.4) e II (obesidade, p.4), e a atribuicao das colunas foi confirmada pelo texto narrativo dos Results (IV.A.1 e IV.A.2, p.3-4), inclusive o erro tipografico '0. 651' do Naive Bayes na Tabela II. Os 10 algoritmos da planilha sao exatamente os 10 declarados em III.E, p.3, sem sobra nem falta, e os dois desfechos (overweight e obesidade) sao os dois modelados em III.B, p.2. Precision, F1, N de eventos, missing e calibracao como NR estao corretos: o artigo declara em III.F, p.3, que usa apenas quatro metricas (acuracia, sensibilidade, especificidade, kappa) mais AUC, e nunca informa quantas criancas eram com sobrepeso/obesidade. O padrao de especificidades proximas de zero (0.001 a 0.036) com sensibilidades proximas de 1.000 e acuracias de 0.88/0.97 e coerente com desfecho raro sem tratamento de desbalanceamento (Imbalance Handling = NR esta certo) e com um limiar que praticamente classifica todo mundo como positivo; nao e sinal de erro de extracao, e sim do proprio artigo. A unica incoerencia interna do artigo e o texto de III.A, p.2, falar em 'forecast undernutrition' num estudo de sobrenutricao (aparente resquicio do artigo irmao dos autores, ref. [23]).";texto via PyMuPDF + pagina 5 visual (Fig. 1 e Fig. 2);"DEEP LEARNING (ponto pedido pelo orquestrador): a rotulagem da planilha como 'deep learning' vem apenas do rotulo do proprio artigo — III.E, p.3, lista 'deep learning models (DL)' entre os dez classificadores, e as Tabelas I e II (p.4) trazem uma linha 'Deep Learning Model' com metricas, alem de uma linha separada 'Artificial Neural Networks'. O artigo NAO descreve nenhuma arquitetura: nao ha numero de camadas, funcao de ativacao, framework, hiperparametros, nem mencao a MLP, CNN, RNN, LSTM ou transformer em nenhum ponto do texto; o unico algoritmo com paragrafo metodologico proprio e o Random Forest (III.E.1, p.3), e nem a diferenca entre a linha 'ANN' e a linha 'Deep Learning Model' e explicada. Ou seja: o rotulo 'tem deep learning' e fiel ao que o artigo escreve, mas a arquitetura e NAO_VERIFICAVEL/NR, e as unicas arquiteturas neurais nomeadas sao 'artificial neural networks' e um 'deep learning model' generico (os DL/ANN citados na revisao de literatura, secao II, p.2, sao de outros estudos, nao deste). Segundo ponto menor: 'Data Collection Period = 2018' vem do nome do inquerito; o artigo nao informa as datas de campo (o relatorio do Ministerio e de 2019, III.A, p.2)."
AA_50;Use of Machine Learning to Determine the Information Value of a BMI Screening Program (Zare et al.);2021;EUA (Arkansas);"coorte retrospectiva / painel longitudinal administrativo (screening escolar de IMC, Act 1220 of 2003); preditores no jardim de infancia, desfecho na 4a serie";OK;OK;OK;OK;OK;OK;OK;OK;4;0;predicao prospectiva;True;predicao prospectiva;True;"O kindergarten BMI z-score e medida antropometrica DA PROPRIA CRIANCA (nao dos pais - o artigo nao usa nenhuma medida antropometrica parental) e entra como preditor do desfecho obesidade na 4a serie, que e definido pelo mesmo instrumento (IMC >=P95, z-score CDC) medido 4 anos depois. Ele e o preditor de rank 1 nos QUATRO algoritmos (Figure 2, p.13: rank 1 para NN, RF, DT e LR, escalado a 100 em todos); media 0,61 (DP 1,06) na Table 1, p.14. A magnitude da dependencia esta quantificada no proprio artigo (Results, p.6): sem o z-score do jardim de infancia o AUC cai para 51,2% (95% CI 51,0-51,4, random forest) e SO com o z-score o AUC ja e 78,2% (95% CI 77,9-78,6, regressao logistica), contra 78,1-78,5% do modelo completo. Ressalva de interpretacao: nao e vazamento no sentido de circularidade temporal - a medida e anterior ao desfecho por ~4 anos e e exatamente a exposicao de interesse do estudo (valor informacional do rastreamento). O que existe e autocorrelacao alta do preditor com o desfecho: Results, p.5 - 'Of the 38,958 kindergartners classified as obese, 32,580 (84%) continued to be classified as obese in the 4th grade'. As flags antropometria_top3=True e antropometria_preditores=True estao corretas.";alta;"O conjunto extraido bate com o artigo em todos os campos de peso. Table 2, p.16 confirma exatamente acuracia/sensibilidade/especificidade das 4 linhas (DT 0,835/0,608/0,906; LR 0,869/0,621/0,947; ANN 0,869/0,623/0,947; RF 0,865/0,620/0,942) e a Figure 1, p.12 confirma os 4 AUCs com IC e ate o rotulo dos paineis (1A=LR 78,4% 78,0-78,8; 1B=DT 75,7% 75,3-76,0; 1C=RF 78,1% 77,7-78,4; 1D=ANN 78,5% 78,2-78,9). Os quatro top-3 de importancia batem um a um com a Figure 2, p.13 (decodificacao internamente consistente: cada algoritmo tem exatamente uma variavel em cada rank de 1 a 5). Nao ha metrica com cara de erro: sem AUC inflado, sem valor de treino no lugar de teste, sem troca de linha. Os dois cenarios extras do artigo (sem o z-score e so com o z-score) foram atribuidos ao algoritmo certo (RF e LR, respectivamente) e ficaram em 'Other Metrics' em vez de virarem linhas espurias. O unico ponto de atencao real e substantivo e nao um erro de extracao: o artigo inverte as definicoes de sensibilidade e especificidade (Methods, p.5 - 'sensitivity measured the proportion of non-obese 4th graders who were correctly classified... Specificity... which is the proportion of obese students who were correctly classified'), tratando os NAO obesos como classe positiva; a extracao registrou os valores como impressos e sinalizou a inversao no campo Notes, que e a conduta correta.";texto via PyMuPDF + paginas 12 e 13 visuais (Figuras 1 e 2 sao imagens rasterizadas, sem camada de texto);"Duas inconsistencias sao do proprio artigo, nao da planilha: (i) o texto de Results, p.5 cita 'Table 1' para acuracia/sensibilidade/especificidade, mas os valores estao na Table 2, p.16 ('Out-of-Sample Performance by Prediction Algorithm') - a planilha cita a tabela certa; (ii) Results, p.6 diz 'only about 16% of the sample corresponded to the obese category' ao justificar o down-sampling, mas 16% e a prevalencia no jardim de infancia (Table 1) e nao a do desfecho na 4a serie (24%) - a planilha usou corretamente 24% (58.640/244.053 = 24,03%, consistente com 'Obesity indicator - 4th grade 0.24' da Table 1). O PDF nao contem o Appendix (remetido ao PMC), entao 'Missing Data (n)' = NR e correto para o corpo do artigo e os numeros da analise com amostra balanceada permanecem nao verificaveis."
AA_56;Exploring Risk Factors and Predictive Modeling of Child Malnutrition in Pakistan Using Machine Learning;2025;Paquistao (PDHS 2017-2018, arquivo Kids Record);transversal (inquerito domiciliar nacionalmente representativo);PARCIAL;PARCIAL;PARCIAL;OK;OK;OK;OK;OK;4;0;classificacao diagnostica (nowcasting);True;classificacao diagnostica (nowcasting);False;"Nenhuma medida antropometrica entra como preditor, nem da CRIANCA nem dos PAIS. As 12 covariaveis (Methods 2.2.2, p.3; Table 2, pp.6-9) sao: casamento consanguineo, indice de riqueza, faixa etaria da MAE em grupos de 5 anos (15-19 a 45-49), regiao, area de residencia, situacao de trabalho da mulher, escolaridade do marido, escolaridade da mulher, fonte de agua, numero de moradores, tipo de sanitario e ordem de nascimento. Nao ha peso, altura, IMC nem z-score da crianca (o que evitaria circularidade com HAZ/WAZ/WHZ), e tambem nao ha antropometria materna ou paterna (altura/peso/IMC dos pais) - das maes so entram idade, escolaridade e trabalho; do pai so escolaridade. Portanto antropometria_top3=False e antropometria_preditores=False estao corretos.";alta;"As 12 linhas reproduzem a Table 4 (p.12) com fidelidade total: conferi os 48 valores (4 metricas x 4 algoritmos x 3 desfechos) contra a tabela em texto e visualmente, e o pareamento algoritmo x desfecho esta correto em todas as linhas, sem valor certo em linha errada. Os N de eventos e denominadores reproduzem exatamente a Table 2 (p.6): stunting 1580/4141 (38,2%), wasting 334/4151 (8,0%), underweight 984/4265 (23,1%). AUC, precisao e calibracao sao corretamente NR - o artigo so reporta acuracia, sensibilidade, especificidade e F-measure (Figura 1, p.4, caixa 'Key Performance metric'), nunca ROC/AUC, curva de calibracao, Brier ou Hosmer-Lemeshow. O unico erro real de extracao e o campo '3 Most Important Features', preenchido a partir de frase narrativa quando o artigo nao reporta ranking algum. Ha ainda um problema do PROPRIO artigo que a planilha copiou fielmente e que convem sinalizar na revisao: os valores de F-Measure da Table 4 nao se reproduzem pela Eq. 8 (2 x Sens x Espec / (Sens + Espec)) com a sensibilidade e a especificidade reportadas - RF/wasting daria 0,878 pela Eq. 8 (e ~0,766 pela F1 classica com precisao na prevalencia de 8%), mas a tabela traz 0,972; e a acuracia tampouco fecha com sensibilidade/especificidade (RF/wasting daria 0,961 na prevalencia bruta ou 0,887 com classes balanceadas por resampling, contra 0,951 reportado). Ou seja, o bloco F esta extraido corretamente, mas os numeros de origem sao internamente inconsistentes.";texto via PyMuPDF + paginas 4, 12 e 13 visuais (conferencia da Tabela 4, Figura 1 e Figuras 2-3);"A fonte das metricas ('Table 4, final 80:20 hold-out test set') e sustentada pela Figura 1, p.4, onde 'Models Evaluation' e a caixa 'Key Performance metric' vem depois do 'Train-Test Split (80:20)'; o artigo reporta um unico conjunto de valores e afirma (p.14) que 'Performance metrics reported across folds and the final test set remained consistent', o que a coluna Notes ja registra. Os campos 'elegivel'=False para wasting/underweight e a acao 'fora do escopo declarado (T1.5)' sao decisoes de escopo da revisao, nao fatos do artigo: o artigo modela os tres indicadores com o mesmo desenho, os mesmos quatro algoritmos e os reporta lado a lado na Table 4."
AA_63;An Interoperable Machine Learning Pipeline for Pediatric Obesity Risk Estimation (Fayyaz et al., ML4H 2024, PMLR 259);2024;"EUA (Nemours Children's Health, Wilmington/Delaware, 'large network of pediatric healthcare facilities in the eastern US', p.5; porcao Nemours do PEDSnet)";coorte retrospectiva de EHR (OMOP CDM/PEDSnet) com janelas longitudinais de observacao e horizonte de predicao declarado de 1, 2 e 3 anos;OK;OK;OK;OK;PARCIAL;PARCIAL;OK;OK;4;0;predicao prospectiva;True;predicao prospectiva;True;"Antropometria da PROPRIA CRIANCA esta entre os preditores, nao dos pais. Figura 2, p.4: o fluxo 'Measurements' se divide explicitamente em 'Anthropometric' e 'Others' antes da Quartile Segmentation e da agregacao para o modelo. Criterio de inclusao (2), p.5: 'at least one BMI was recorded in their medical history data'. Figura 4 (UI), p.7: o painel 'Risk Factors' do paciente sintetico diz 'rate of weight gain is impacting Truman's risk'. Figura 5, p.14: subgrupos por 'Last WFL at the age of 2' (peso-para-comprimento da crianca). O mesmo modelo tambem regride o BMI futuro a partir das mesmas entradas. A unica informacao de origem parental/familiar sao as 67 'family history diagnoses' (p.5) — DIAGNOSTICOS familiares, nao antropometria dos pais; peso/altura/IMC dos pais nao sao mencionados em lugar nenhum do artigo. antropometria_top3=False esta correto por vacuidade: nao existe ranking top-3 no artigo.";alta;"O conjunto extraido bate com o artigo: conferi um a um os 18 valores de AUC_raw contra as linhas 'Geographic validation' da Tabela 4 (p.17) e todos batem exatamente, inclusive os ICs; as faixas citadas em Other Metrics (teste interno 0.81-0.93, temporal 0.81-0.92, MAE 0.74-1.92, net benefit 0.16/0.11/0.09 para 0-7 a 1 ano) tambem batem com as Tabelas 1 e 4, e a ausencia de acuracia/precisao/recall/especificidade/F1 e real (o artigo so reporta AUROC, MAE e net benefit). Tres pontos merecem atencao do orquestrador, nenhum deles erro de transcricao: (1) a planilha colocou a validacao GEOGRAFICA no campo AUC_raw e deixou o teste interno em Other Metrics — escolha declarada em Metrics Source, mas que torna o headline deste estudo (0.77-0.90) nao comparavel com estudos cujo AUC vem do teste interno; (2) o dataset foi balanceado por undersampling da populacao de peso normal ANTES da divisao (p.5), de modo que os AUROCs de 0.87-0.93 vem de um case mix artificialmente balanceado e nenhuma prevalencia ou contagem de eventos e reportada — o 'N Events = NR' da planilha esta correto e nao ha como derivar; (3) a alta discriminacao e parcialmente explicada por antropometria previa da propria crianca (BMI/WFL/rate of weight gain) estar entre os preditores de um desfecho definido por BMI, mas medida ANTES da janela do desfecho, logo nao ha circularidade transversal. Ha ainda uma inconsistencia do PROPRIO artigo (nao da planilha): os N por subgrupo da Figura 5 somam ~8.900-8.982 no conjunto de teste, enquanto 20% de 36.191 seriam ~7.238.";texto via PyMuPDF + paginas 4, 5, 7 e 14 visuais (Figuras 2, 3, 4, 5 e Tabela 3);"Tres registros para o orquestrador. (a) VALIDACAO EXTERNA: existe validacao geografica com numeros proprios (Tabela 4, p.17, uma linha 'Geographic validation' para cada uma das 6 janelas x 3 horizontes), em 'two different regional sites' (p.7, p.14) da propria rede Nemours/PEDSnet; nao ha base nem instituicao independente, os sites nao sao nomeados nem caracterizados, e o termo 'external' e do extrator. Alem disso, a Sec. 3.2 (p.6) atribui todo o programa de avaliacao ('temporal ... and geographic ... validations. We have calibrated our model and checked for its fairness') a trabalhos anteriores via citacao (Gupta et al. 2024a, 2022a, 2021), o que deixa ambigua a procedencia dos numeros da Tabela 4 — a RESSALVA ja registrada no campo Notes da planilha esta correta e deve ser mantida. (b) DESENHO PROSPECTIVO: confirmado pela estrutura da Tabela 4, mas com duas qualificacoes. Primeira: prospectivo no sentido de preditores antes do desfecho com horizonte declarado — os DADOS sao retrospectivos de EHR, e o proprio artigo diz na Discussao (p.9) que 'A natural next step of our project would be a prospective evaluation of the pipeline', ou seja, nao houve avaliacao prospectiva. Segunda: ha ambiguidade no proprio artigo sobre a entrada do decoder — a Sec. 3.2 (p.6) diz 'the decoder concatenates this vector with the 3-7 yrs EHR data' e a Figura 3 (p.5) mostra uma caixa '3-7 years data' -> Embedding entrando na concatenacao antes dos decoders, no mesmo cenario em que a predicao e para 3-5 anos; pela arquitetura flexible-window de Gupta et al. 2022b isso provavelmente indexa o tempo-alvo e nao conteudo clinico futuro, mas o artigo nao esclarece. Registro como ressalva, NAO como divergencia, porque o enquadramento explicito e dominante (Tabela 4, Sec. 4.1, Sec. 3.2) e inequivocamente prospectivo. (c) DEEP LEARNING — arquiteturas efetivamente descritas (Sec. 3.2, p.6 e Fig. 3, p.5): camadas de embedding mapeando diagnosticos/medicacoes/procedimentos/medidas para espaco latente de 256 dimensoes; embedding separado para os demograficos; encoder = duas camadas de celulas LSTM com 512 neuronios; decoder = TRES redes feed-forward separadas (uma por horizonte), cada uma com duas camadas totalmente conectadas (512 com LeakyReLU de slope 0.1, depois 256, dropout 0.2) e softmax final; escores de ATENCAO usados para importancia de variaveis. Extensao do encoder-decoder de Gupta et al. 2022b. A descricao da planilha ('LSTM encoder-decoder; 2-layer LSTM encoder + feed-forward decoders per horizon') esta correta; omite apenas o mecanismo de atencao e o fato de a mesma rede produzir tambem a regressao de BMI. Notas menores de precisao, sem divergencia: o 'Sex (%F) = 54' vem da Tabela 3 (p.14), que descreve os 68.003 pacientes da coorte, nao a amostra analitica de 36.191 (o artigo nao reporta sexo dos 36.191); e o campo 'Age (months)', embora correto quanto as janelas de modelagem (0-24 a 0-84 meses, predicao ate 10 anos, confirmado na Tabela 4 e no guia de entrevista da p.15: 'children under the age of seven'), nao registra a faixa etaria da coorte da Tabela 3, que e [0-20] anos com media 5. Finalmente, '3 Most Important Features = NR' esta correto: a Figura 4 (p.7) mostra fatores de risco por atencao para um paciente SINTETICO ('rate of weight gain', 'Abilify tablet 10 mg daily'), nao um ranking de importancia em nivel de estudo."
AA_01;Predictive Power of AI: Tackling Child Undernutrition in Morocco;2024;Marrocos;transversal (inquerito nacional domiciliar 2018, amostragem estratificada em dois estagios);OK;OK;OK;OK;PARCIAL;OK;OK;OK;3;0;classificacao diagnostica (nowcasting);True;classificacao diagnostica (nowcasting);True;"birthweight ('records the child's weight at the time of birth', Methods II.C, p.2) esta entre os preditores dos TRES modelos: aparece na Fig. 1 (stunting, ~5o lugar), na Fig. 2 (wasting) e na Fig. 3 (underweight, 3o lugar, 'birth_weight_2'). Ressalva importante: e peso AO NASCER, nao a antropometria concomitante da qual o desfecho foi construido, entao nao ha circularidade. Alerta sobre a flag do notebook: 'antropometria_preditores' esta False para stunting e True para wasting/underweight, mas o conjunto de preditores e o MESMO nos tres modelos (Methods II.C descreve uma unica lista de variaveis explicativas); a diferenca so se explica pela regra de casar o tipo de antropometria com o desfecho (peso -> underweight/wasting), nao por nada que o artigo faca de diferente entre os modelos.";alta;"O conjunto extraido e uma transcricao fiel da Table I (p.4): conferi as 15 linhas x 6 celulas (AUC, acuracia, sensibilidade, especificidade, kappa) contra o texto e contra a renderizacao visual da tabela, e todas batem exatamente, sem troca de algoritmo nem de desfecho. Os tres 'top-3 features' tambem batem com a ordem real das Figs. 1-3 (stunting: area/region/genre; wasting: region/twin_child/maternal_age; underweight: region_12/child_age_months/birth_weight), inclusive nos casos em que o texto corrido omite o primeiro colocado (o paragrafo de wasting em III.C, p.5, comeca em 'twin child' e so menciona regiao na comparacao entre desfechos, mas a Fig. 2 confirma region em 1o lugar). O padrao acuracia 0.81-0.97 com sensibilidade 0.016-0.088 e especificidade ~1.000 e internamente coerente com desbalanceamento severo sem nenhum tratamento, exatamente como a planilha registra em Imbalance Handling. Nao ha nada que so se explique por erro de extracao: as inconsistencias que sobram (conclusao elegendo LR para wasting enquanto a Table I da AUC maior ao GB, 0.69 vs 0.67; texto dizendo GB 0.67 para wasting) sao do proprio artigo e ja estao corretamente sinalizadas nos campos Notes.";texto via PyMuPDF + paginas 4,5,6 visuais (Table I e Figs. 1-3 renderizadas em alta ampliacao);Precision e F1 como NR estao certos: o artigo so define e reporta acuracia, sensibilidade, especificidade, kappa de Cohen e AUC (Methods II.F, p.3). N Events NR tambem esta certo: nao ha contagem de casos em lugar nenhum, e as unicas prevalencias sao as bivariadas de stunting por sexo (17.3% meninos, 12.9% meninas, Results III.A, p.3) e o 15.1% nacional citado na Introducao, p.1, que e estatistica de relatorio externo e nao da amostra. Calibracao realmente nao foi avaliada (a ref. [29] de Hosmer & Lemeshow e citacao do livro-texto de regressao logistica, nao teste de calibracao). Um detalhe nao registrado na planilha: o ranking de importancia vem de modelos diferentes por desfecho (Gradient Boosting nas Figs. 1-2, Logistic Regression na Fig. 3, conforme os titulos dos graficos), o que nao tem campo proprio na extracao.
AA_03;Early Detection of Stunting in Indonesian Toddlers: A Machine Learning Approach;2024;Indonesia (Bojongsoang Community Health Center);transversal (registros de monitoramento de crescimento de um unico mes, agosto/2022);PARCIAL;OK;OK;PARCIAL;OK;OK;OK;OK;3;0;classificacao diagnostica (nowcasting);True;classificacao diagnostica (nowcasting);True;"Peso e altura sao 2 dos 4 preditores (Table I, p.2: Gender, Age, Weight, Height; Status = desfecho). Como stunting e definido por altura-para-idade, o modelo usa altura e idade para classificar um rotulo derivado de altura e idade — circularidade direta. O rotulo antropometria_top3=False e tecnicamente correto porque o artigo nao reporta nenhum ranking de importancia (nao existe top-3), nao porque a antropometria esteja ausente.";alta;"O conjunto extraido corresponde ao artigo: os seis numeros de desempenho das duas linhas (ACC e F1_0/F1_1 nos tres cenarios de resampling) saem exatamente da Table IV, p.4, e o cenario escolhido como principal (oversampling) e o mesmo nas duas linhas, com os outros dois cenarios preservados em 'Other Metrics' — consistente. AUC, precisao, recall e especificidade estao corretamente como NR: o artigo cita esses indicadores como metricas de avaliacao (Results, p.3) mas nunca reporta valores numericos. A acuracia de 0.998 do Random Forest nao e erro de extracao, e o que o artigo diz (Table IV e Results, p.4), mas e um numero implausivel produzido pelo desenho: com apenas 64 casos reais de stunting e oversampling aparentemente aplicado antes da avaliacao (fluxo II.D -> II.F, p.2-3), duplicatas da classe minoritaria vazam para o teste; somado a circularidade de prever stunting a partir de altura e idade, o desempenho nao e interpretavel como validacao. A extracao ja registra essa ressalva na coluna Notes da linha 40.";texto via PyMuPDF;"Dois pontos de contexto: (1) o proprio artigo se contradiz sobre os rotulos — II.E, p.3 afirma que os rotulos foram invertidos ('converting instances of stunting (previously labeled as 1 to 0 and vice versa)'), mas Results, p.4 declara 'F1 0 corresponds to class 0 (normal), while F1 1 pertains to class 1 (stunting)'; a planilha seguiu o texto de Results, que e a leitura defensavel, mas a atribuicao F1_1 = stunting herda a ambiguidade do artigo. (2) A afirmacao 'Tables II-III show 10 runs per resampling scenario' e inferencia a partir da contagem de linhas das tabelas (10 valores por coluna, sem rotulo de linha), nao esta escrita no artigo; a media dessas 10 linhas reproduz os valores da Table IV (LR over 0.8937 -> 0.894; RF over 0.9983 -> 0.998; LR under 0.7769 -> 0.777; RF under 0.8154 -> 0.815), o que sustenta a leitura mas nao a torna explicita."
AA_46;Determination of Relevant Feature Combinations For Detection Stunting Status of Toddlers (Hakimah et al., ISRITI 2022);2022;Indonesia (Surabaya, Java Oriental);transversal - registros de checkup de rotina de criancas menores de cinco anos em centros de saude (288 registros, 2021-2022);PARCIAL;OK;OK;OK;OK;PARCIAL;OK;OK;3;0;misto (conferir);False;classificacao diagnostica (nowcasting);True;"Table I, p.3 (impressa 326): entre os 7 preditores estao Birth Height (cm), Weight according to Height (W/H), Weight according to Age (W/A), Upper Arm Circumference (cm) e Birth Weight (kg) - todos antropometricos. O caso critico e W/H: ele e derivado da MESMA medida de altura atual usada para calcular o desfecho H/A (e AGE entra nos dois indices), ou seja, ha compartilhamento direto de medida entre preditor e desfecho. Sobre a flag 'antropometria_top3=False': o top-3 da Table II (p.4) e W/A, UAC, BW - nenhum e altura/HAZ, entao 'False' esta correto na leitura ESTRITA (antropometria do proprio desfecho); na leitura ampla (qualquer antropometria) os tres do top-3 sao antropometricos e a flag deveria ser True. Registrar a ambiguidade.";alta;O conjunto extraido bate com o artigo: os tres classificadores (NB, KNN, SVM-RBF), o unico desfecho (stunting = H/A binario), as tres acuracias (76.24 / 63.37 / 84.16) e o 'melhor modelo = SVM' foram conferidos celula a celula na Table III (p.4) e no texto de Fig. 4 e da Conclusao (p.5). A extracao acertou ao marcar AUC, precisao, recall, especificidade e F1 como NR - o artigo so define e so reporta acuracia (eq. 12, p.3) - e ao NAO usar a prevalencia nacional de 24,4% (Introduction, p.1) como prevalencia da amostra, que de fato nunca e reportada. O ponto substantivo que a extracao registra mas nao enfatiza e a circularidade parcial: W/H e um preditor construido a partir da mesma medida de altura que define o desfecho H/A, o que ajuda a explicar acuracias altas do SVM sem qualquer ajuste de hiperparametro. Nada aqui exige explicacao por erro de extracao.;texto via PyMuPDF + pagina 4 visual (confirmacao de Table II e Table III);"Dois pontos analiticos (inferencia minha, nao afirmados pelo artigo): (1) o passo das acuracias da Table III e ~0,495 pp, compativel com um conjunto de avaliacao de 202 registros (151/202=74.75%, 170/202=84.16%, 122/202=60.4%), isto e, ~70% dos 288 - o artigo realmente nao reporta a proporcao do split, e a extracao acerta ao dizer 'NR', mas o tamanho sugerido levanta duvida sobre se a Table III e teste ou treino; (2) o campo '3 Most Important Features' reproduz o ranking de ANOVA/CHI/IG (W/A, UAC, BW), que e o de 3 dos 4 filtros, mas o mRMR da um top-3 diferente (W/A, BW, Gender) na Table II, p.4 - o campo nao registra essa divergencia entre filtros."
AA_54;Prediction models for stunting at 2-years-old from Indonesian newborn population;2025;Indonesia (13 de 38 provincias, IFLS waves 2-5);"analise secundaria de survey domiciliar (IFLS); dados de uma unica onda por crianca (crianca com 24-35 meses), com variaveis do periodo do nascimento por recordatorio parental -> estrutura transversal com exposicoes retrospectivas";PARCIAL;OK;OK;OK;OK;PARCIAL;OK;OK;3;0;misto (conferir);True;misto;False;"As flags do notebook (antropometria_top3=True, antropometria_preditores=True) so sao verdadeiras se 'antropometria' incluir medidas DOS PAIS. O top-3 do ranking (Table 3, p.8) e altura da MAE (IG 0.045), altura do PAI (IG 0.023) e escolaridade do pai (IG 0.020) - antropometria parental, nao da crianca, portanto sem circularidade com o desfecho. Antropometria DA CRIANCA entre os 23 candidatos existe apenas como peso ao nascer (Table 3 posicao 11, IG 0.003) e 'infant body size' percebido pelos pais ao nascer (posicao 8, IG 0.006): ambos sao medidas de peso/tamanho ao nascimento, ~2 anos antes do desfecho, nenhum entra no modelo final de 6 variaveis, e nenhuma medida de altura/comprimento/HAZ da propria crianca e usada como preditor. O desfecho e HAZ < -2 SD aos 24-35 meses (Methods, p.2). Conclusao: nao ha circularidade antropometrica; para efeito de risco de circularidade as duas flags deveriam ser False.";alta;O conjunto extraido bate quase integralmente com o artigo: os 5 algoritmos (kNN, RF, decision tree, neural network, naive Bayes), as 20 metricas das 5 linhas, o top-3 do ranking, os 23 preditores candidatos, 10-fold CV sem hold-out, 1803/5093 eventos (35%), 93 outliers excluidos e a imputacao por arvore com os percentuais de missing - todos conferidos contra Table 3/4/5 (p.8), Table 1 (p.5-6) e Fig. 1 (p.4). A extracao acertou tambem ao usar a Table 4 e nao o abstract, que troca os F1 de neural network (71,2%) e decision tree (68,7%) em relacao a Table 4 (0.687 e 0.712). O ponto que so se explica por erro esta no proprio artigo: a linha 'Sensitivity' da Table 4 e identica a 'Accuracy' nos 5 algoritmos, e a matriz de confusao do kNN (Table 5) reproduz exatamente a acuracia (4312/5093 = 0.847), o PPV (0.8038) e o NPV (0.8678), mas devolve sensibilidade 0.750 e F1 0.776 para a classe positiva - ou seja, o F1 de 0.845 e a 'sensibilidade' de 0.847 da Table 4 sao medias ponderadas entre classes, nao metricas do desfecho. Quem for agregar sensibilidade ou F1 desta revisao precisa saber disso, porque o valor da planilha (fiel ao artigo) superestima em ~10 pontos a sensibilidade real do modelo para stunting.;texto via PyMuPDF + paginas 4 e 8 renderizadas em imagem (Fig. 1 e Fig. 2/Tabelas 3-5 sao imagem/tabela que nao saem legiveis no texto);"Specificity_raw = NR esta correto no sentido do que o artigo REPORTA (specificity aparece como metrica prevista em Methods p.3 e na caixa 'Perform model validation' da Fig. 1, mas nao ha valor por algoritmo em lugar nenhum); para o kNN ela seria 2960/3290 = 0.900 pela Table 5, caso a revisao aceite metricas derivadas da matriz de confusao. A Fig. 2 (p.8) confirma que a Table 4 corresponde a configuracao de 6 variaveis para todos os 5 algoritmos, e nao a cenarios diferentes por algoritmo, entao o uso de um unico cenario e consistente entre as 5 linhas."
AA_57;Predicting stunting status among under five children in Ethiopia using ensemble machine learning algorithms;2025;Etiopia (EDHS 2011 e 2016, nacionalmente representativo);transversal (secundario, dois rounds de inquerito domiciliar DHS agrupados);OK;OK;PARCIAL;OK;PARCIAL;PARCIAL;PARCIAL;OK;3;0;classificacao diagnostica (nowcasting);True;classificacao diagnostica (nowcasting);True;"Child_height e Child_weight estao entre os 18 preditores e ocupam a 2a e a 3a posicao do ranking de importancia (Fig. 4, p.9); child_age e a 1a. O proprio artigo assume a circularidade em Results, p.7: 'child age emerged as the most important factor, followed by child height and child weight, which represent basic anthropometrics that directly contribute to the stunting determination'. Como o desfecho e HAZ (altura para idade), altura e idade sao literalmente os dois insumos do calculo do desfecho - antropometria_top3 = True e antropometria_preditores = True confirmados.";alta;"O conjunto extraido reproduz o artigo com fidelidade quase completa: todos os 24 valores de desempenho das 4 linhas batem exatamente com as Tabelas 2 e 3 da p.6, os N (18.451 / 33.495 / 26.796 / 6.699), a distribuicao de classes, o tuning, o SMOTE e o desfecho estao corretos, e nenhum algoritmo sobra ou falta. O desempenho quase perfeito NAO se explica por erro de extracao, e sim por dois problemas do proprio estudo, ambos ja anotados no campo Notes da linha 211: (i) o SMOTE foi aplicado ao dataset inteiro antes do split 80/20, de modo que o conjunto de teste tem exatamente 2.233 casos por classe (matriz de confusao, p.8) e contem observacoes sinteticas derivadas de vizinhos do treino; (ii) altura e idade da crianca, os dois insumos do HAZ que define o desfecho, sao os preditores mais importantes (Fig. 4, p.9). O achado novo desta auditoria e que a AUC de 0.99995 nao e corroborada pela figura de curva ROC do proprio artigo (p.7), que da 0.997/0.999/0.998 por classe para o Random Forest e apenas 0.968-0.996 para o XGBoost, contra 0.99984 na tabela - inconsistencia interna material que a extracao nao registrou. Sobre o bloco em disputa: a evidencia textual e inequivoca de que as metricas registradas vem do holdout de 20%, nao da CV; o unico defeito do rotulo da planilha e a palavra 'only', porque a Tabela 3 reporta sim uma linha 'Cross validation' por modelo.";texto via PyMuPDF + paginas 5,6,7,8,9 visuais (tabelas 1-3 e Figs. 1-4 sao imagens sem camada de texto);"O artigo tem as legendas de figura trocadas: o grafico da p.5 legendado 'Fig. 1. Confusion matrix' e na verdade o de tempo de treinamento; o da p.7 legendado 'Fig. 2. Training time comparison' e a curva ROC; o da p.8 legendado 'Fig. 3. ROC curve comparison' e a matriz de confusao. So a Fig. 4 (importancia de variaveis, p.9) esta com legenda correta. A numeracao das tabelas tambem esta desencontrada entre texto e legenda (o texto da p.6 chama de 'Table 1' e 'Table 2' o que as legendas identificam como Table 2 e Table 3); a planilha seguiu as legendas, que e a leitura correta. Nenhum valor da planilha depende do abstract: todos foram confirmados em Methods, Results, Tabelas 2-3 ou Fig. 4."
AA_59;Prediction of undernutrition and identification of its influencing predictors among under-five children in Bangladesh using explainable machine learning algorithms;2024;Bangladesh (BDHS 2017-18, nacionalmente representativo);transversal (inquerito domiciliar DHS, amostragem por conglomerados em dois estagios);PARCIAL;OK;OK;OK;OK;OK;OK;OK;3;0;classificacao diagnostica (nowcasting) - para stunting, wasting e underweight;True;classificacao diagnostica (nowcasting);False;"NAO ha antropometria da CRIANCA entre os 28 preditores: nao entram peso, altura, IMC nem z-score da crianca (Table 1, p.5). A unica medida antropometrica no conjunto de preditores e o IMC DA MAE ('BMI', categorizado em Underweight/Normal/Overweight/Obese), confirmado por Results 3.1, p.11 ('Underweighted mothers found the greater percentage of stunting...') e pela Discussion, p.15 ('Mothers who are underweight face a much greater risk of stunting and wasting'). Esse BMI materno foi selecionado pelo Boruta nos TRES desfechos (Results 3.2, p.11) e aparece nas TRES listas SHAP (Results 3.4, p.13), sendo o 1o colocado em wasting. Logo nao ha circularidade desfecho-preditor em nenhuma das 12 linhas; o que ha e um preditor antropometrico PARENTAL. Observacao correlata: o preditor 'Age' tambem nao e da crianca - e a idade da MAE (categorias 15-19 a 45-49, Table 1 p.5; 'Mothers aged 45-49 years showed the highest percentage (66.7%) of stunting', Results 3.1 p.8), e 'Sex' e o sexo do CHEFE DO DOMICILIO (o sexo da crianca entra como 'Child sex'). Ou seja, a idade da crianca nao entra como preditor, apesar de o desfecho ser z-score ajustado por idade.";alta;"O conjunto extraido bate com o artigo: 3 desfechos x 4 algoritmos = 12 linhas, todos os 60 valores de desempenho (12 AUC + 48 acuracia/precisao/recall/F1) conferidos um a um contra a Table 4 (p.15) e as Figs 5-7 (pp.16-18), sem uma unica troca de linha, algoritmo ou desfecho; eventos, denominadores e prevalencias batem com a Table 3 (p.9); split, tuning, Boruta, K-NN e ausencia de calibracao conferem com Methods. O extrator inclusive acertou nos dois pontos em que o proprio artigo se contradiz (o texto da Section 3.3 repete os numeros de stunting para wasting e para underweight, e a Table 4 imprime '87,53' com virgula) e registrou a troca de siglas WAZ/WHZ da Section 2.3. O que so se explica por erro DO ARTIGO: precisao ~78-88% e recall ~82-89% sao aritmeticamente incompativeis com AUC 0,594-0,802 e com prevalencias de 8,5% a 31,3% sob qualquer convencao (classe positiva, negativa, macro ou ponderada) - metricas assim so aparecem quando se reporta o desempenho de um ponto de operacao que nao existe ou se mistura conjunto/classe. Isso e limitacao do estudo, nao da extracao, mas deve ser sinalizado na revisao. Do lado dos rotulos derivados, 'classificacao diagnostica (nowcasting)' esta certo para os tres desfechos; os flags de antropometria estao errados por confundir IMC MATERNO com antropometria da crianca.";texto via PyMuPDF + paginas 16,17,18 visuais (AUC so existe nas legendas das Figs 5-7);"Sex (%F) marcado NR e defensavel: o artigo nao reporta a distribuicao por sexo da amostra, apenas casos de stunting por sexo da crianca na Table 3 (p.10: Male 1283 (31,5); Female 1159 (31,1)), de onde %F ~47,8% seria apenas derivavel, nao reportado. Especificidade NR confere: o artigo so cita '1-specificity' como eixo da curva ROC (p.8) e nao reporta valor. Imbalance Handling NR confere: nao ha SMOTE, reamostragem nem peso de classe em nenhuma parte do texto - a unica ocorrencia de 'bootstrap' e o Step 1 da construcao do random forest (p.7), corretamente NAO tratada como tipo de validacao. Calibracao confere: 'calibration', 'Brier' e 'Hosmer-Lemeshow' nao aparecem no artigo."
AA_61;Prediction of Stunting Among Under-5 Children in Rwanda Using Machine Learning Techniques;2023;Rwanda;transversal (analise secundaria da RDHS 2019-2020, inquerito domiciliar nacionalmente representativo);PARCIAL;OK;OK;OK;OK;OK;OK;OK;3;0;classificacao diagnostica (nowcasting);True;classificacao diagnostica (nowcasting);False;"Nao ha altura nem HAZ da propria crianca entre os preditores. A antropometria presente e (a) da MAE: Mother_height <160 vs >=160 cm e Mothers_BMI (Table 1, p.3), sendo a altura materna o preditor de maior importancia (Fig. 1, p.6); e (b) da CRIANCA ao NASCER: Birthweight (<2.5 vs >=2.5 kg) e Size of a child at birth (large/average/small) (Table 1, p.3; Table 2, p.4). Portanto os dois flags do notebook estao marcados True por antropometria parental e antropometria neonatal, nao por medida do proprio desfecho; nao ha circularidade.";alta;As seis linhas da planilha reproduzem exatamente as seis linhas da Table 3 (p.5), coluna a coluna, incluindo as acuracias de treino no campo Other Metrics. Verifiquei aritmeticamente que a acuracia de teste reportada e reproduzida a partir de precisao e recall sobre um conjunto balanceado 2542/2542 (LR 66.34, RF 76.18, SVM 73.04, NB 67.33, XGB 79.14, GB 79.33 calculados vs reportados identicos), o que confirma que as colunas 'Precision'/'Recall' da Table 3 sao metricas binarias da CLASSE POSITIVA, e nao macro-media nem ponderada, e que nao sao sensibilidade/especificidade apesar de o texto de Methods (p.4), de Results (p.5, 'evaluated in terms of the training accuracy, the test accuracy, the sensitivity, specificity, and the F1') e do abstract usarem esses rotulos. A escolha da extracao de seguir os cabecalhos da Table 3 e de deixar Specificity = NR esta correta: nenhum valor de especificidade e efetivamente reportado no artigo. Nada aqui so se explica por erro: as AUCs (0.71-0.89) sao coerentes com n=3814 e prevalencia 33.3%, e o modelo declarado melhor (gradient boosting) e o mesmo da planilha.;texto via PyMuPDF + pagina 6 visual (Figure 1);"Tres inconsistencias sao do ARTIGO, nao da extracao, e a planilha transcreve fielmente: (1) F1 do Naive Bayes na Table 3 = 77.36, identico ao do SVM e incompativel com sua propria precisao/recall (calculado 71.87) — ja anotado no campo Notes da linha 235; (2) F1 do random forest = 79.08 vs 79.80 calculado, pequena inconsistencia nao anotada; (3) 'Candidate Predictors (n) = 29' segue o texto de Results (p.5, '10 factors were chosen ... out of the 29 factors initially included'), mas a Table 1 (p.3) lista 27 variaveis e a Fig. 1 (p.6) mostra 29 CATEGORIAS dummy derivadas dos 10 fatores selecionados — o campo Predictor Notes ja sinaliza o 27 vs 29. Sobre '3 Most Important Features': a ordem da planilha (altura da mae; idade do bebe; televisao) bate com o ranking da Fig. 1 (p.6), enquanto o texto narrativo de Results (p.6) inverte televisao e idade do bebe; adotei a figura como ranking reportado, portanto o campo esta OK."
AA_02;Predicting and identifying factors associated with undernutrition among children under five years in Ghana using machine learning algorithms (Anku & Duah, PLOS ONE 2024);2024;"Gana (10 regioes administrativas; MICS 2017, out/2017 a jan/2018)";transversal - analise secundaria de inquerito domiciliar de rodada unica (MICS 2017);PARCIAL;OK;PARCIAL;OK;OK;OK;OK;OK;2;0;classificacao diagnostica (nowcasting);True;classificacao diagnostica (nowcasting);True;"Peso (weight) e comprimento/altura (length/height) da crianca sao covariaveis declaradas (Methods, Covariates, p.3) e sao exatamente os componentes dos z-scores que definem os tres desfechos (WHZ, HAZ, WAZ - Methods, Outcome, p.3). Dominam os rankings de importancia do XGBoost: wasting = child_weight_kg, child_lenhei_cm, sex_Female (Fig 4, p.12); stunting = age_days, child_lenhei_cm, sex_Female (Fig 5, p.13); underweight = age_days, child_weight_kg, sex_Female (Fig 6, p.13). Portanto antropometria_top3 = True e antropometria_preditores = True estao corretos nos tres desfechos.";alta;"O conjunto extraido e fiel ao artigo: os 21 pares desfecho x algoritmo existem (3 desfechos x 7 algoritmos), os 63 valores de acuracia/sensibilidade/especificidade batem celula a celula com a Table 4 (p.10) e os 21 valores de AUC batem com as legendas das Figs 1-2 (p.11) e Fig 3 (p.12), todos do conjunto de teste. Os numeros implausiveis (AUC 1.00 para XGBoost nos tres desfechos e para Logistic no wasting; AUC 0.99 de LDA/LASSO no wasting com sensibilidade 100% e especificidade 83-96%) sao do proprio artigo, nao da extracao, e tem explicacao estrutural: circularidade do desfecho (peso e altura entram como preditores de z-scores derivados de peso e altura) e, no wasting, oversampling do treino (Methods, p.4-5). Ponto positivo relevante: no XGBoost para underweight o abstract diz AUC 82% e a Fig 3 diz 1.00 - a planilha usou 100%, ou seja, a fonte do corpo do artigo, como manda a regra; o proprio campo Notes da linha 38 registra a inconsistencia. Nao ha sinal de troca de linha, de metrica de treino no lugar de teste, nem de macro-media.";texto via PyMuPDF + paginas 11,12,13 visuais (Figs 1-6 sao imagens: AUC nas legendas ROC e ranking de importancia);"Inconsistencias internas do ARTIGO (nao da extracao), registradas para nao virarem falso achado: (a) Results p.6 diz '57% resided in urban areas' enquanto a Table 2 (p.7) traz Rural 4.866 (57%) / Urban 3.698 (43%) e a Discussion p.10 diz 'most resided in rural areas' - a planilha nao extrai esse campo; (b) na Table 2 os estratos de wasting (7.985+578) e de stunting (7.080+1.483) somam 8.563, um a menos que o N=8.564. O artigo nao menciona calibracao, Brier ou Hosmer-Lemeshow em nenhum ponto (Calibration Assessed = 'No' confirmado), e nao reporta precisao nem F1 (NR confirmado). O 'Missing Data (n)' de 342 e uma subtracao feita pelo extrator (8906-8564), nao um numero reportado; o proprio texto do campo deixa isso explicito. O flag 'Best Model?' segue de forma consistente o criterio de maior acuracia da Table 4 (XGBoost sozinho no wasting; XGBoost e SVM empatados em 98% no stunting e no underweight), coerente com Results p.6/p.8 e com a Conclusion p.14. Os campos 'elegivel' e 'acao_sugerida' de derivado_pelo_notebook sao decisoes de escopo da revisao e nao sao verificaveis contra o artigo."
AA_04;Stunting Prediction in Children Using Random Forest Algorithm (Kanz et al., ICORIS 2024);2024;"nao declarado no artigo; dataset Kaggle 'Stunting Toddler (Balita) Detection' com rotulos de variaveis em indonesio (Fig. 3, p.3), autores em Jakarta/Indonesia";"transversal (analise secundaria de dataset publico Kaggle; um registro por crianca com preditores e rotulo simultaneos)";PARCIAL;OK;OK;OK;OK;OK;OK;OK;2;0;classificacao diagnostica (nowcasting);True;classificacao diagnostica (nowcasting);True;"Height (cm) e um dos 3 preditores (Methodology III.A e Table I, p.2) e e a feature #1 no SHAP (Fig. 3 e Results, p.3-4: 'Height (cm) has the highest SHAP values across various classes'); como o rotulo de stunting e derivado de altura-para-idade, o preditor e praticamente a propria regra de rotulagem - circularidade. Age (months) e a feature #2, o outro componente do indice.";alta;O conjunto extraido corresponde ao artigo: um unico modelo (Random Forest), tres features (idade em meses, sexo, altura em cm), rotulo de estado nutricional em 4 classes vindo pronto do Kaggle, split 80/20 e metricas do teste reproduzidas digito a digito (Section IV Result, p.3). A acuracia de 0.99893 nao e erro de extracao, mas e artefato do desenho: o rotulo de stunting e funcao deterministica de altura-para-idade e duas das tres features sao exatamente altura e idade, entao o modelo reconstroi a regra de rotulagem em vez de predizer risco. A consistencia aritmetica confirma a leitura: 1 - 0.9989256198 = 0.0010744, identico ao Test MSE 0.001074 reportado, o que equivale a 26 erros em 24.200 casos (20% de 121.000). O tratamento dado a AUC e a especificidade esta correto sob a regra do abstract: ambas sao citadas so no Abstract como metricas pretendidas e nenhum valor aparece no corpo, portanto NR.;texto via PyMuPDF + paginas 3,4 visuais (Fig. 2 e Fig. 3);"Imprecisao menor (nao contabilizada como divergencia): 'Metrics Source' cita 'text and Fig. 2', mas a Fig. 2 (p.3) e apenas um scatter 'Actual vs Predicted' para treino e teste, sem valores numericos - todas as metricas estao no texto corrido da Section IV. Registro tambem que Recall = Accuracy ate o ultimo digito, padrao de media micro/weighted em multiclasse; o artigo nao declara o metodo de media, como a propria coluna Notes ja assinala."
AA_05;Risk factors of stunting, wasting and underweight among under-five Bangladeshi children and its prediction based on machine learning;2021;Bangladesh;transversal (BDHS 2014, inquerito domiciliar nacional, amostragem estratificada em dois estagios);PARCIAL;OK;PARCIAL;OK;OK;OK;OK;OK;2;0;classificacao diagnostica (nowcasting) para os tres desfechos (stunting, wasting, underweight);True;classificacao diagnostica (nowcasting);False;"DIVERGENCIA NO ROTULO DERIVADO: o notebook marca antropometria_preditores = True para underweight e para wasting, mas nenhum dos 13 preditores candidatos e medida antropometrica. A Table 1 (p.4) lista os 13 fatores: regiao, tipo de local (urbano/rural), sexo, idade da crianca, escolaridade da mae, escolaridade do pai, idade da mae, situacao de trabalho da mae, ordem de nascimento, gemelaridade, fonte de agua, tipo de sanitario, indice de riqueza. Nenhum peso, altura, IMC ou z-score entra como preditor. Os subconjuntos efetivamente modelados sao ainda menores (5 fatores para stunted/underweight; 4 para wasted - Results 3.2, p.5), todos socioeconomicos/demograficos. Portanto antropometria_preditores deveria ser False nas tres familias, e antropometria_top3 = False esta correto (nao ha ranking de importancia reportado). Provavel falso-positivo de busca por palavra-chave ('weight' em 'underweight'/'weight-for-age' nos campos de desfecho).";alta;"O conjunto extraido reproduz fielmente os numeros publicados: as 9 linhas (3 desfechos x LR/SVM/RF) batem celula a celula com a Table 4 (acuracia, p.7) e a Table 5 (AUC, p.7), as acuracias por kernel batem com a Table 3 (p.7), os eventos batem com a linha Total da Table 1 (p.4: 2506/35,4%, 1090/15,4%, 2322/32,8% sobre 7079) e Best Model = RF nos tres desfechos bate com Results 3.4 (p.7) e a Conclusao (p.9). Nao ha algoritmo nem desfecho faltando ou sobrando, e Precision/Recall/Especificidade/F1 = NR esta correto porque o artigo so reporta acuracia e AUC. O que nao fecha e do proprio artigo, nao da extracao: acuracia de 88,3% com AUC 0,714 e prevalencia de 35,4% (stunting), e acuracia de 87,7% com AUC 0,523 (wasting, prevalencia 15,4%, linha de base de classe majoritaria 84,6%) sao pares internamente incompativeis; alem disso o texto de Results 3.4 (p.7) atribui as acuracias de 88,3/87,7/85,7 ao 'SVM with RBF kernel' quando a Table 4 as atribui ao RF, e da 84,5% para LR/underweight contra 84,9 da Table 4. A extracao ja identificou e documentou essas tres inconsistencias nos campos Notes, adotando sempre o valor da tabela, que e a escolha correta.";texto via PyMuPDF;"Outra contradicao interna do artigo, tambem ja sinalizada pela extracao: Methods 2.3 (p.3) define wasted por WAZ e underweight por WHZ (invertido), enquanto a Introducao (p.2) usa o mapeamento padrao ('weight-for-height (wasted), and weight-for-age (underweight)'); a planilha adotou o padrao WHO e registrou o aparente erro de digitacao do artigo - considero a decisao defensavel e nao a conto como divergencia. Notar tambem que 'Age (months) 0-59' e inferido de 'under-five'/kids recode, o artigo nunca da a faixa em meses (Table 1 so categoriza <=1 ano vs >1 ano). Por fim, os rotulos elegivel=False e a acao_sugerida 'fora do escopo declarado (T1.5)' para wasting e underweight sao decisao de escopo da revisao, nao erro de extracao: o artigo modela os tres desfechos com os tres algoritmos."
AA_06;Food patterns associated with overweight in 7-11-year old children: machine-learning approach (Kupek & Liberali);2024;Brasil (Florianopolis, Santa Catarina) - escolas publicas municipais;"estudo de base escolar rotulado pelos autores como longitudinal (recrutamento 2013, seguimento 2014 e 2015 com o mesmo questionario), mas analisado como pool de inqueritos repetidos com 'survey year' como covariavel; dieta (recordatorio de 24h) e antropometria aferidas na MESMA ocasiao";PARCIAL;OK;OK;OK;OK;OK;OK;OK;2;0;classificacao diagnostica (nowcasting);True;classificacao diagnostica (nowcasting);False;"Os preditores sao 192 MSFIs (6 refeicoes x 32 alimentos/bebidas, binarios) mais 5 controles sociodemograficos (idade, sexo, turno escolar, ano do inquerito, quintil de renda do setor censitario) - Methods, p.3. Peso, altura, IMC ou z-score nao aparecem como preditores em nenhum modelo (Table 3, p.5; Table 4, p.5). Nao ha circularidade antropometrica; antropometria_top3 = False tambem confere.";alta;"O conjunto extraido e fiel ao artigo: as duas linhas correspondem exatamente aos dois modelos que o artigo compara (controles apenas, AUROC 0,55 IC95% 0,52-0,56; controles + variaveis selecionadas por lasso, AUROC 0,62 IC95% 0,60-0,63, Results p.6), e o restante das metricas e corretamente NR porque o artigo nao reporta acuracia, sensibilidade, especificidade, precisao nem F1. Nao ha sinal de erro de extracao (AUCs baixas, coerentes com a propria ressalva do artigo de que 'the values of AUROC obtained in the present study were still rather low for individual classification', Discussion p.7). O que ha sao DUAS inconsistencias internas DO ARTIGO que a extracao reproduziu corretamente e que valem como flag de qualidade: (1) o ponto de corte declarado (BMI z-score >= 2,00) e o corte da OMS para OBESIDADE em 5-19 anos, mas a prevalencia reportada e de ~35% ('Overweight (including obesity) was found in about 35% of the participants', Results p.3 = 20,88 + 14,11 da Table 1), compativel com o corte de sobrepeso (z > +1) e nao com z >= 2,00 - ou seja, definicao e prevalencia nao fecham entre si; (2) o percentual de exclusao por dado dietetico implausivel aparece como 9,1% em Methods (p.2) e como 3,18% em Results/Table 1 (p.3-4). Ambas ja estao registradas na planilha nos campos 'Outcome Definition' e 'Missing Data (n)'.";texto via PyMuPDF;"Tres pontos que nao configuram divergencia mas importam para a revisao: (a) '3 Most Important Features' esta correto no sentido da regra (top-3 na ordem em que o artigo os apresenta na Table 4, p.5: Cereals/Late B 24,7%; Milk/Late B 17,0%; Green leaves/Late D 15,2%), mas a Table 4 e um ranking de tamanho de efeito (DPO de contrastes post-hoc, N=6.420), nao um ranking de importancia de variaveis do modelo; se o criterio fosse magnitude do OR do lasso (Table 3, p.5) o top-3 seria outro (Nuggets no lanche da tarde OR 2,35; Vegetables no lanche noturno OR 1,81; Chips no jantar OR 1,61) - e ha empate em 15,2% entre Green leaves e Nuggets na Table 4. (b) O N analitico de 6.585 refere-se a RELATOS/observacoes WebCAAFE agregados em 2013-2015 ('Approximately 3.18% of the WebCAAFE reports over the 2013-2015 period were excluded', Results p.3), nao necessariamente a 6.585 criancas distintas; o artigo nunca informa o numero de criancas unicas. (c) A linha 52 e um modelo baseline so com covariaveis de controle (sem nenhum componente de machine learning); e legitimamente extraivel porque o artigo reporta seu AUROC, mas nao e um modelo preditivo de ML."
AA_22;Implementation of Artificial Neural Network (ANN) to Construct Model for Stunting in Toddlers;2024;Indonesia (Surabaya);"transversal (registros de servico de saude de Community Health Centers; sem seguimento)";PARCIAL;OK;OK;OK;OK;OK;OK;OK;2;0;classificacao diagnostica (nowcasting);True;classificacao diagnostica (nowcasting);True;"Todos os 5 preditores nao demograficos sao antropometricos (Table I, p.3): birth weight, birth height, weight by age, weight according to height, upper arm circumference. Dois pontos: (1) o top-1 do ranking de importancia e 'Birth Height' (comprimento ao nascer, importancia 0,391555 — Table II, p.3), mesma dimensao antropometrica do desfecho (height-for-age), embora medida ao nascimento e nao concomitante; (2) 'Weight According to Height' (peso-para-altura) embute a altura ATUAL, que e exatamente a medida que define o desfecho height-for-age — circularidade direta. Essa variavel, porem, e a 6a do ranking (importancia 0,014116) e NAO entra no modelo final, que usa so as 4 primeiras (birth height, weight by age, upper arm circumference, birth weight — Conclusion, p.4). Os flags antropometria_top3=True e antropometria_preditores=True estao corretos.";alta;"O conjunto extraido bate com o artigo. As quatro metricas (Acc 0,87 / Prec 0,88 / Recall 0,87 / F1 0,83) sao exatamente a linha em negrito da Table III, p.4 — bloco '2 Hidden Layer with 32 Node', 4 features importantes, coluna 'Test Size = 0.2' — que e a configuracao que o proprio artigo declara como melhor (Results IV.B, p.4 e Conclusion, p.4); nenhuma troca de cenario, de arquitetura ou de test size. AUC e especificidade sao NR corretamente: a Table III so traz acuracia, precisao, recall e F1, e a secao III.E, p.3 lista essas quatro como as unicas medidas de avaliacao (a mencao a 'specificity' na secao II.C, p.2, e definicao teorica, nao resultado). O Random Forest aparece so como ranqueador de importancia com grid search (III.C, p.3), nao como classificador comparativo, e a planilha registra isso corretamente em Notes — nao ha algoritmo faltando. N=415 (117 stunted + 31 severely stunted + 267 normal) confere com III.A, p.3, e N Events=148 e a soma aritmetica correta das duas classes de desfecho. Ponto de atencao metodologico (nao e erro de extracao): em TODAS as 84 celulas da Table III o Recall e identico a Accuracy, o que confirma a leitura do extrator de que precisao/recall sao medias ponderadas multiclasse, e nao sensibilidade da classe positiva — o Recall 0,87 nao deve ser lido como sensibilidade para stunting. Alem disso, com n=415 e teste de 20% (83 casos) num problema de 3 classes com 31 severely stunted no total (~6 no teste), as estimativas do teste unico sao instaveis; nada indica metrica de treino nem vazamento no modelo final.";texto via PyMuPDF + paginas 3,4 visuais (conferencia das Tabelas I, II e III);"Duas ressalvas de rastreabilidade, ambas sem impacto numerico: 'Age (months) = 0-60' e traducao de 'children under 5 years of age (toddlers)' (Introduction, p.1) — o artigo nunca da faixa etaria em meses; e 'Outcome Definition' esta correto ao dizer que o padrao de referencia nao e nomeado (o corte -2SD/-3SD vem da Introduction, p.1, citando a referencia [2], sem mencao a WHO 2006, CDC ou IOTF em nenhum ponto do texto)."
AA_26;Stunting Classification Analysis for Toddlers in Bojongsoang: A Data-Driven Approach (ICoSEIT 2024);2024;Indonesia (Bojongsoang Community Health Center);transversal (registros de uma unica rodada de medicao, agosto/2022);PARCIAL;OK;OK;OK;OK;OK;OK;OK;2;0;classificacao diagnostica (nowcasting);True;classificacao diagnostica (nowcasting);True;"Sim, e o caso mais forte possivel: Height e Age estao explicitamente entre os 5 preditores (p.3 §III.A) e o desfecho E a classificacao da coluna Height/Age do mesmo registro. Ou seja, o rotulo e funcao deterministica de dois dos cinco preditores. Weight tambem entra. Sobre a variavel 'Z-Score': o artigo nao declara de qual indice ela e; a Fig. 5 (p.4, so casos de stunting) mostra o Z-Score dos stunted centrado em ~0 com caixa entre ~-1 e ~+0.6, o que exclui que seja o HAZ (que seria todo < -2) e indica z-score de peso/altura, coerente com a Fig. 4 (81,2% dos stunted com 'good nutrition'). 'antropometria_top3': False esta consistente, mas apenas porque o artigo nao reporta ranking algum de importancia (3 Most Important Features = NR) — nao porque a antropometria esteja ausente.";alta;"O conjunto extraido e fiel ao artigo: os tres algoritmos (KNN n=3, RF 100 arvores, Boosted KNN), os pares Accuracy/F1 macro da Tabela V (93,67/93,55; 97,76/97,70; 97,94/98,00), o cenario alternativo desbalanceado da Tabela IV e as tres matrizes de confusao (Tabelas I-III) conferem valor a valor, e AUC/precisao/recall/especificidade sao de fato NR (o artigo so publica acuracia, F1 macro e matrizes de confusao). Dois pontos do proprio artigo, corretamente registrados pela extracao mas que merecem atencao na sintese: (1) o desenho e circular — Height e Age sao preditores e o desfecho e a propria coluna Height/Age, o que explica acuracias de 93-98% com apenas 5 variaveis; (2) as metricas da Tabela V vem de uma base em que 6.000 dos 6.064 casos de stunting (99%) sao registros SINTETICOS gerados aleatoriamente dentro dos limites Q1-Q3 da classe minoritaria (p.3-4), de modo que o desempenho 'balanceado' e majoritariamente desempenho sobre dados fabricados, nao sobre casos reais. Ha ainda uma inconsistencia interna do artigo fielmente reproduzida na extracao: com o mesmo split 7:3 as matrizes de KNN e BK somam 3.802 registros de teste, mas a do RF soma 3.814.";texto via PyMuPDF + paginas 3,4 visuais (Fig. 2, Fig. 3, Fig. 4, Fig. 5 e Tabelas I-IV) + crop em alta resolucao da imagem embutida da Fig. 2 (xref 21, p.3);"Dois registros uteis para a revisao. (a) N Events: NR esta correto porque o artigo nunca escreve o numero de casos, mas ele e deduzivel de forma determinada — 6.064 - 6.000 gerados = 64 casos reais de stunting, e os percentuais da Fig. 4 (81,2/7,8/6,2/3,1/1,6%) resolvem exatamente para 52/5/4/2/1 = 64. O denominador 6.677 e o bruto pre-limpeza; o pos-limpeza (6.608 normal + 64 stunting = 6.672) o artigo nao declara. (b) 'Metrics Source' afirma 'holdout test set': o artigo descreve o split 7:3 (p.4 §III.C) mas nunca rotula em palavras de qual particao vem a Tabela IV/V — e a leitura unica defensavel, porem e inferencia, nao afirmacao textual (NAO_VERIFICAVEL em sentido estrito, por isso nao foi listada como divergencia). O 'Hyperparameter Tuning' da planilha le '100 KNN base learners' onde o artigo escreve '100 BK are generated'; a frase seguinte ('In generating those KNN models for BK...', p.4) confirma que a leitura da planilha e a correta."
AA_35;Machine Learning Classification Analysis for Proactive Prevention of Child Stunting in Bojongsoang: A Comparative Study;2024;Indonesia (Bojongsoang);transversal (registros rotineiros de um posto de saude comunitario, snapshot unico);PARCIAL;OK;OK;OK;OK;PARCIAL;OK;OK;2;0;classificacao diagnostica (nowcasting);True;classificacao diagnostica (nowcasting);True;"Circularidade direta: o desfecho e a categoria da coluna height/age ('short'/'very short' vs 'normal'), e Height, Age, Weight, weight/age e weight/height entram como preditores (Results III.A e III.B, p.3). Altura e idade sao exatamente os insumos que definem o height-for-age, entao o desfecho e funcao deterministica de variaveis que estao no conjunto de preditores. O campo 'antropometria_preditores': True esta correto; 'antropometria_top3': False e trivialmente correto porque o artigo nao reporta ranking de importancia.";alta;"A extracao e fiel: os seis valores de desempenho (LR 79,87%/52,73%; RF 98,12%/65,44%; NB 86,66%/60,12%) batem exatamente com a Tabela V (p.4), os valores do cenario desbalanceado batem com a Tabela IV, e as tres matrizes de confusao (Tabelas I-III, p.4) foram mapeadas corretamente para TP/FN/FP/TN, com linhas = Actual e colunas = Predicted (conferido visualmente). Algoritmos (LR, RF, NB), melhor modelo (RF, Conclusao p.5), split 60:40, oversampling por quartis (6.548 gerados) e N (6.677 -> 6.612+6.612) tambem conferem, e AUC/precisao/sensibilidade/especificidade sao corretamente NR porque o artigo so reporta acuracia, F1-macro e matrizes de confusao. O que nao se explica por erro de extracao mas por fragilidade do estudo: (i) circularidade do desfecho, ja descrita acima, que explica a acuracia de 98,12% do RF; (ii) 99% da classe positiva do conjunto balanceado e sintetica (64 casos reais + 6.548 gerados) e o oversampling aparenta ter sido feito ANTES do split 60:40, de modo que copias sinteticas vazam entre treino e teste; (iii) os totais das matrizes de confusao (6.605 para LR e RF, 6.530 para NB) excedem 40% de 13.224 (5.290) e nao fecham entre si, inconsistencia interna do artigo que a planilha ja registrou corretamente no campo Notes.";texto via PyMuPDF + pagina 4 visual (conferencia da orientacao das matrizes de confusao, Tabelas I-III, e dos valores das Tabelas IV-V);"Dois pontos para harmonizacao, nao divergencias: (1) o artigo tem um deslize aritmetico proprio - 64 stunting + 6.612 normais = 6.676, nao os 6.677 registros declarados (Results III.A, p.3); a planilha usou 6.677 como denominador, que e o total declarado pelo artigo. (2) o campo 'F1-Score' carrega o F1 MACRO (rotulado corretamente em F1-Score_raw), nao o F1 da classe positiva - se o pool comparar F1 entre estudos, esses tres valores nao sao comparaveis com F1 de classe positiva. Sensibilidade/especificidade nao sao reportadas mas seriam derivaveis das Tabelas I-III se a revisao quiser calcula-las."
AA_41;Stunting Classification in Toddlers: Implementation and Evaluation of the Decision Tree Algorithm;2024;"nao declarado no artigo (dataset publico do Kaggle; contexto/autores indonesios)";transversal, analise secundaria de dataset publico (Kaggle), rotulo derivado por formula z-score altura-para-idade;PARCIAL;OK;OK;OK;OK;OK;OK;OK;2;0;classificacao diagnostica (nowcasting);True;classificacao diagnostica (nowcasting) — e, no limite, reconstrucao algebrica do rotulo;True;"Height (cm) e preditor (Table I e Table II, p.4: atributos Age (months), Gender, Height (cm)) e e exatamente a medida que define o desfecho — o rotulo de estado nutricional e o z-score altura-para-idade calculado a partir de altura, idade e sexo (III.A, p.3; II.F, p.3, com os cortes <-3 SD, -3 a <-2 SD, -2 a +3 SD, >+3 SD). Ou seja, os 3 preditores sao os proprios argumentos da formula do desfecho. O flag antropometria_top3=False e coerente apenas porque o artigo nao reporta ranking de importancia (nao ha figura da arvore nem tabela de importancia); nao significa ausencia de antropometria.";alta;"O conjunto extraido reproduz fielmente o que o artigo reporta: acuracia 83,26%, precision/recall por classe (stunted 92,66 / 67,66%; severely stunted 97,06 / 61,47%), split 70/30, arvore de decisao unica no RapidMiner, sem AUC, sem especificidade, sem F1 e sem calibracao. Refiz a aritmetica da Fig. 5 (p.5) e ela fecha exatamente com a Table III: 2804/4144 = 67,66% e 2804/3026 = 92,66% (stunted); 3664/5961 = 61,47% e 3664/3775 = 97,06% (severely stunted); (2804+3594+20160+3664)/36299 = 83,26%. Os N de eventos (4144 e 5961) e o denominador (36299) estao corretos e vem do conjunto de teste. O problema do estudo nao e erro de extracao e sim desenho: o desfecho e uma funcao deterministica de dois dos tres preditores (altura e idade, condicionados a sexo), de modo que o modelo nao prediz nada — reaproxima uma formula. Nesse enquadramento, 83,26% e baixo, e a variacao de recall entre classes (61-99%) reflete a discretizacao da arvore nos limiares de SD, nao dificuldade preditiva.";"texto via PyMuPDF + paginas 4,5 visuais (Table I, Table II e Fig. 5 sao imagens, nao saem no texto; crops ampliados de Table II e Fig. 5 conferidos)";"Table III imprime precision sem sinal de % e recall com %, mas o texto de p.5 confirma que ambos sao percentuais (98,84%, 97,06%, 92,66%, 77,95%) — a planilha registrou isso corretamente. Dois pontos menores nao lancados como divergencia: (i) o artigo nao diz explicitamente que o split 70/30 e aleatorio (a planilha escreve 'single random train/test split'), embora o operador Split Data do RapidMiner apareca na Fig. 2, p.4; (ii) a Table II e rotulada 'training data attributes' mas os totais (61002+59997 = 120.999) mostram que descreve o dataset inteiro, nao os 70% de treino — a leitura da planilha (sexo e missing do conjunto todo) esta certa apesar do rotulo enganoso do artigo."
AA_47;Improved Malnutrition Classification: A Grey Wolf Optimization-Based Feature Selection Approach with Random Forest Model;2023;Indonesia (Semarang);analise secundaria transversal de uma rodada unica de inquerito nacional (SSGI 2023), n=114 criancas <5 anos;OK;OK;OK;OK;PARCIAL;OK;OK;OK;2;0;classificacao diagnostica (nowcasting);True;classificacao diagnostica (nowcasting);True;"Caso de antropometria DA PROPRIA CRIANCA (nao dos pais). Os 13 preditores da Table I (p.3), confirmados pelos rotulos da Fig. 1 (p.5), sao todos de nivel infantil: Gender, Age, Birth Weight, Birth Height, Weight, Height, LiLA, W/Age, ZS W/Age, H/Age, ZS H/Age, ZS W/H, Weight Gain. NAO ha nenhuma variavel de antropometria dos pais (altura materna, IMC materno/paterno) nem de domicilio, apesar de o texto (III.B.2, p.2) afirmar 'attributes related to the child, parents, and household' — a planilha ja registra corretamente essa contradicao em 'Predictor Notes'. A circularidade e direta e literal: 'H/ Age' e 'ZS H/ Age' sao o proprio indice altura-para-idade usado para definir o desfecho (HAZ < -2 SD, III.B.1, p.2). Na linha 172 (RF sem selecao) as 13 features sao usadas, incluindo ambos. Na Table III (p.6), H/Age permanece selecionado em SA=5 (linha 173) e SA=20 (linha 174); ZS H/Age nao e selecionado em nenhuma configuracao. Em SA=50 (linha 175) nem H/Age nem ZS H/Age entram, mas Height e Age sim — e HAZ e funcao deterministica de altura, idade e sexo pelos padroes WHO, de modo que a circularidade persiste em forma indireta nas quatro linhas.";alta;"O conjunto extraido bate com o artigo em praticamente todos os campos verificaveis. As 24 metricas das quatro linhas (172-175) reproduzem exatamente a Table IV (p.6) na leitura correta do cabecalho agrupado precision/recall/f1-score x classe 0/1, e cada uma foi cruzada com a matriz de confusao correspondente da Fig. 4 (p.6): RF 12/23=52%, SA=5 15/23=65%, SA=20 16/23=70%, SA=50 17/23=74%, com precisao e recall da classe 1 batendo digito a digito; a atribuicao de 'Specificity' ao recall da classe Normal e a colocacao de precision/recall/f1 da classe Normal em 'Other Metrics' estao corretas e consistentes nas quatro linhas. N Events=52 e denominador=114 conferem com a Fig. 2 (p.5: Normal(0)=62, Malnutrition(1)=52), e as composicoes de teste anotadas em 'Events Notes' (9/23 so para o painel RF; 11/23 para os tres paineis GWO) conferem visualmente. A anotacao de inconsistencia interna Table III (5 features em SA=20) vs Fig. 3b (6 features em SA=20) foi verificada e esta correta. O ponto estrutural do estudo, que a planilha ja sinaliza, e a circularidade: H/Age e ZS H/Age, o proprio indice que define o desfecho, figuram entre os 13 preditores candidatos, e mesmo o modelo declarado melhor (SA=50) retem Height e Age. Nao ha metrica implausivelmente perfeita a explicar por erro de extracao: precision=100% e specificity=100% em SA=50 vem de contagens minusculas (5 de 5 positivos preditos, 0 falsos positivos em 12 negativos) num conjunto de avaliacao de 23 criancas nunca descrito no artigo, o que e fragilidade do estudo e nao da extracao. Vale registrar que a prevalencia do desfecho no dado (52/114 = 45,6%) e mais que o dobro dos 21,6% nacionais que o proprio artigo cita na referencia [5], mas isso tambem e do artigo.";texto via PyMuPDF + paginas 5,6 visuais (Fig. 2, Fig. 3b, Fig. 4, Table III, Table IV);Todos os campos 'NR' da planilha foram confirmados por busca no texto completo: o artigo nao reporta AUC/ROC (a secao III.D, p.4, formula apenas accuracy, recall, precision e F1), nao descreve train/test split nem validacao cruzada, nao menciona calibracao (curva, Brier ou Hosmer-Lemeshow), nao trata dados faltantes, nao aplica tecnica de balanceamento e nao informa distribuicao por sexo. Duas inconsistencias internas adicionais do artigo, sem impacto sobre a extracao: o texto (p.4) afirma 'The SSGI dataset consists of three classes' enquanto a Fig. 2 mostra so duas barras (Normal 62, Malnutrition 52), e o texto (p.4) afirma que a maior correlacao e entre 'Age' e 'Height' enquanto a Fig. 1 mostra Age-Height = 0,63 contra Weight-Height = 0,96.
AA_55;Advancing predictive analytics in child malnutrition: machine, ensemble and deep learning models with balanced class distribution for early detection of stunting and wasting;2025;"Malawi (dados LSMS-ISA 2019/20; autores afiliados a AGRA, Nairobi/Quenia)";transversal (survey nacional de domicilios, rodada unica 2019/20);PARCIAL;OK;PARCIAL;PARCIAL;OK;OK;OK;OK;2;0;classificacao diagnostica (nowcasting);True;classificacao diagnostica (nowcasting);False;"Nao ha antropometria de nenhum tipo entre os preditores. As onze covariaveis (Section 3.3, p.7) e as 13 variaveis da Table 1, p.2 sao todas de nivel domiciliar: escolaridade, terra, tamanho do domicilio, renda, residencia, tres distancias, HDDS, FCS, MAHFP, alem de idade e genero DO CHEFE DO DOMICILIO. As unicas medidas antropometricas do arquivo (HAZ e WHZ) sao os proprios desfechos (Table 1, p.2; Table 4, p.7). Nao ha antropometria dos PAIS (nenhum peso, altura ou IMC materno/paterno) - 'Age' e 'Gender' sao atributos do chefe do domicilio, nao medidas corporais. Ressalva: a Discussao usa a expressao 'anthropometric features' entre os insumos dos modelos (p.13, paragrafo do DNN; p.12, paragrafo dos modelos lineares), o que NAO se sustenta na lista de preditores - e linguagem solta, nao evidencia de vazamento. Portanto antropometria_preditores = False e antropometria_top3 = False estao corretos.";alta;"O conjunto extraido e fiel ao artigo: as 70 celulas de desempenho (14 linhas x 5 metricas) reproduzem exatamente as Tables 5 e 6, os top-3 batem painel a painel com a Fig. 5, os N de eventos fecham por reconstrucao das matrizes de confusao e as inconsistencias internas do artigo (ROC x tabela, 5-fold CV x split 80/20 da Section 2.7, 11 x 13 preditores, prevalencia 35% x 30% e 2-3% x 20%) estao todas registradas nas Notes em vez de silenciadas. As metricas proximas de 1 nao sao erro de extracao: sao o que o artigo publica, e so se explicam por erro DO ARTIGO - SMOTE aplicado ao conjunto inteiro antes do particionamento, de modo que o 'conjunto de validacao' agregado ja e ~1:1 (2947 vs 2994; 3078 vs 3077) contra prevalencia real de ~35% e 2-3%, com replicas sinteticas de treino reaparecendo na avaliacao; a Fig. 7/Fig. 8 do proprio artigo da AUC ~0,85-0,94 para os mesmos modelos, ordem de grandeza incompativel com AUC 1,000. Reforca a suspeita a Table 4, p.7, que reporta HAZ medio de -0,00 (urbano) e -0,12 (rural) com DP ~1: com essa distribuicao, a fracao abaixo de -2 DP seria de poucos por cento, e nao os 35% de stunting alegados. Nada disso e imputavel a extracao - a planilha copiou o que o artigo publicou e sinalizou o problema.";texto via PyMuPDF + paginas 10,11 visuais (Fig. 5, Fig. 6, Table 5);"Sobre o rotulo de deep learning: o unico modelo 'profundo' e um MLP feed-forward de DUAS camadas ocultas (128 e 64 neuronios), ReLU, dropout 0,3, Adam e early stopping (Section 2.5, p.5), em TensorFlow 2.11.0 (Section 2.7, p.6) - nao ha CNN, RNN/LSTM, transformer, embedding nem qualquer arquitetura sequencial ou convolucional. O rotulo 'DNN (Deep Neural Network)' da planilha reproduz a terminologia do proprio artigo e por isso nao e divergencia, mas quem for classificar o estudo como 'tem deep learning' na sintese deve saber que se trata de um MLP raso. Duas observacoes menores: (a) 'Hyperparameter Tuning' resume como 'GBM/RF 200 trees, max_depth=6', mas max_depth = 6 e declarado apenas para o Gradient Boosting (Section 2.5, p.5); para o Random Forest o artigo so informa 200 arvores; o veredito 'NR' de tuning esta correto, pois nenhum procedimento de busca e descrito. (b) O artigo afirma media de importancia 'across six algorithms' e 'four of the six models' (Section 3.3, pp.9-10), mas a Fig. 5 mostra apenas cinco paineis por desfecho - mais uma incoerencia interna do artigo."
AA_07;Factors associated with underweight, overweight, and obesity in Chinese children aged 3-14 years using ensemble learning algorithms;2025;China (Beijing e Tangshan);duas pesquisas transversais escolares (amostragem por conglomerados estratificada), ondas 2020 e 2022;PARCIAL;OK;OK;OK;OK;OK;OK;OK;1;0;classificacao diagnostica (nowcasting);True;classificacao diagnostica (nowcasting);False;"Discordo dos dois flags do notebook como enunciados na regra ('medida antropometrica do proprio desfecho'). (1) A antropometria CONCORRENTE da propria crianca (peso/altura/IMC atual, que definem o desfecho) NAO aparece entre os preditores modelados: a Figura 3, p.8, lista os 15 fatores mais importantes de cada desfecho e nenhum deles e peso, altura ou IMC da crianca — se estivessem no modelo, ocupariam o topo por construcao. Ressalva localizada: Methods, p.2, inclui 'height, and weight' na dimensao 'demographic characteristics' coletada por questionario; essas sao as medidas que geram o BMI z-score (o desfecho), e a Table S1 (suplemento, ausente deste PDF) e que resolveria em definitivo se entraram como preditores — por isso o ponto e NAO_VERIFICAVEL em ultima instancia, mas a evidencia disponivel (Figura 3) aponta para nao. (2) 'antropometria_top3=True' para overweight e obesity e disparado por 'maternal BMI' (Figura 3 B e C, p.8: IMC materno em 3o lugar, 41.07 e 53.33), que e antropometria do PAI/MAE, nao da crianca nem do desfecho. (3) O flag e internamente inconsistente: para underweight o top-3 e maternal BMI, age, paternal BMI (Figura 3 A, p.8: 100.00, 65.21, 47.89), ou seja DUAS medidas de IMC parental, e mesmo assim 'antropometria_top3' esta marcado False. (4) Antropometria da propria crianca que entra como preditor e apenas a do nascimento (birth weight, birth length — Figura 3 A/B/C e Table 2, p.9), anterior ao desfecho e nao circular.";alta;"O conjunto extraido bate com o artigo. As tres AUROCs de random forest (0.759 underweight, 0.806 overweight, 0.849 obesity) estao no corpo do texto (Results, 'Selection of optimal algorithm', p.6), nao so no abstract, e sao coerentes com a Table 2, p.9, onde os conjuntos cumulativos chegam a valores ligeiramente menores (0.754 / 0.805 / 0.845 no maximo), como se espera de um modelo com todas as variaveis versus subconjuntos. Accuracy/Precision/Recall/Specificity/F1 como NR e correto: a Figura 2 (p.7) mostra accuracy, brier_class e roc_auc apenas como dot plots sem rotulos numericos, e os unicos numeros de accuracy e precision do artigo (Table 2) pertencem aos conjuntos cumulativos de fatores do random forest, nao ao modelo completo — a extracao os colocou em 'Other Metrics', o que preserva a distincao. Os 4 algoritmos (random forest, decision tree, GBM, logistic regression) e os 3 desfechos conferem com Methods p.3 e com a legenda da Figura 2, fechando exatamente as 12 linhas, sem algoritmo ou desfecho sobrando ou faltando. Nao ha sinal de erro sistematico (nenhuma AUC implausivel, nenhuma metrica de treino disfarcada de teste); a unica fragilidade real e herdada do artigo, que nao reporta o n apos o pareamento por escore de propensao nem o n do conjunto de teste — e a planilha registra isso explicitamente como NR em vez de inventar.";texto via PyMuPDF + paginas 7,8 visuais (Figura 2 e Figura 3);"Dois pontos de contexto, sem status de divergencia: (a) o 'Events Denominator' 18503 e o denominador da amostra completa (Table 1, p.5: 1798 + 10579 + 3257 + 2869 = 18503; prevalencia de underweight 9.7%, coerente com a Discussion p.10, 'approximately one in ten children are underweight'), mas a modelagem usou grupos pareados por sexo via PSM cujo tamanho o artigo nunca informa — a planilha ja anota isso em 'Events Notes'; (b) a Discussion p.10 afirma accuracy 'over 75%' para o random forest, valor que a Table 2 nao sustenta para underweight (maximo 0.693) — a planilha registrou a frase como nao especifica por desfecho e manteve Accuracy_raw = NR, o que e a conduta correta. O suplemento (Tables S1-S4, Figuras S1-S2) nao acompanha este PDF, entao nada que dependa exclusivamente dele foi verificado."
AA_16;Social and economic predictors of under-five stunting in Mexico: a comprehensive approach through the XGB model (Fogarty et al., J Glob Health);2025;Mexico;analise transversal agrupada (pooled cross-sectional) de tres rodadas da ENSANUT (2006, 2011/12, 2018/19);PARCIAL;OK;OK;OK;OK;OK;OK;OK;1;0;classificacao diagnostica (nowcasting);True;classificacao diagnostica (nowcasting);False;"Os 15 preditores listados em 'Social and economic predictors', p.3-4 (idade e sexo da crianca; idade, sexo, escolaridade e estado civil do chefe do domicilio; tipo de seguro de saude; tamanho do domicilio; proporcao de membros 0-5 e <15 anos; status indigena; participacao no CCT-POP; indice de SES de ativos/moradia; estado; indice de privacao social municipal) nao incluem nenhuma medida antropometrica da propria crianca (peso, altura, HAZ, WAZ, IMC). A altura entra somente na construcao do desfecho (HAZ < -2, p.3). O top-3 reportado (Figure 1 e Results, p.6) e SES, estado e idade da crianca - tambem sem antropometria. antropometria_top3 = False e antropometria_preditores = False estao corretos.";alta;"O conjunto extraido corresponde ao artigo. Todas as 36 celulas metricas das 6 linhas (AUC, acuracia, sensibilidade, especificidade, mais YI e MCC em 'Other Metrics') batem exatamente com a Table 2, p.6, para o algoritmo certo, e sao do conjunto de teste ('In Table 2, we present performance metrics for the six classification algorithms using the testing data', Results, p.6); a consistencia interna YI = sensibilidade + especificidade - 1 se verifica nas seis colunas, confirmando que nenhuma linha foi trocada de algoritmo. A lista de algoritmos (LGB, logistica, NN, MARS, RF, XGB) e exatamente a do artigo (Methods, p.5), e os quatro descartados (SVM-RBF, KNN, CART, Bagged CART) estao corretamente registrados como sem metricas. Best Model = XGB reproduz o criterio declarado pelo artigo (maior Youden Index, 0.255; Results, p.6), e nao o maior AUC (logistica, 0.674) - o que a planilha ainda assim registra em 'Other Metrics'. Precision, F1 e N de eventos absoluto estao corretamente como NR: a Table 2 nao traz precisao/F1 e a Table 1 (p.4) so da 13.86% (13.40-14.34) de stunting, sem contagem. Nada aqui so se explica por erro: o desempenho e modesto (AUC 0.66-0.67) e coerente com um modelo de determinantes sociais sem antropometria, sem circularidade com o desfecho.";texto via PyMuPDF;"Dois pontos que nao chegam a ser divergencia: (a) o rotulo do algoritmo na linha 75, 'Logistic regression (elastic net...)', e uma inferencia legitima do Box 1, p.5 ('Logistic: amount of regularisation = 0.0549, proportion of Lasso penalty = 0.0668'), mas o artigo em nenhum momento usa o termo 'elastic net' - chama so de 'logistic'; (b) o artigo tem uma inconsistencia propria em Table 1, p.4, onde o IC de 'Stunted in 2006 wave' (13.40, 14.34) repete o IC da linha geral - a planilha copiou apenas o ponto (13.28%), que e o correto. A prevalencia de 16.3% citada na Discussion, p.8, e de literatura externa [79,80], nao do proprio estudo, e a planilha corretamente nao a usou."
AA_28;Analysis of Stunting Prediction for Toddlers in Bekasi Regency Using KNN and Random Forest;2024;Indonesia (Bekasi Regency, Java Ocidental);transversal - registros de medicao unica (fevereiro/2024) do Bekasi Regency Health Office, criancas com LBW/LBL;OK;OK;OK;OK;OK;OK;OK;OK;1;0;classificacao diagnostica (nowcasting);True;classificacao diagnostica (nowcasting);True;Results III.A, p.3: Height/Age ZS (z-score do proprio indice que define o desfecho) esta na lista de atributos incluidos na analise e NAO e o alvo (o alvo e a categoria Height/Age), portanto entra como preditor - vazamento direto do rotulo. Alem dele entram Weight, Height, Weight/Age (+ZS) e Weight/Height (+ZS), todos antropometricos da mesma medicao. O artigo nunca diz ter excluido Height/Age ZS. 3 Most Important Features = NR, logo antropometria_top3=False esta correto por vacuidade (nao ha ranking de importancia no artigo).;alta;"O conjunto extraido bate com o artigo em praticamente todos os campos: N=2.255 e 165 stunted (III.C, p.4; Fig. 2, p.3 mostra 7,3% vs 92,7%, coerente com 165/2255=7,32%), split 60/40 = 1.353/902 (III.D, p.4), SMOTE com 2.504 por classe (III.C, p.4), KNN k=5/euclidiana/distance e RF 100 arvores/gini/sem profundidade/sem bootstrap (III.D e III.E, p.4), Table III = 96,19%/87,16% (KNN) e 99,14%/96,68% (RF) com nota de media de 20 execucoes. A extracao acertou ao usar a Table III (media) em vez do 99,22%/96,94% que aparece no abstract, na Discussao (III.F, p.5) e no intervalo da Conclusao (98,99-99,22%; F1 96,13-96,99%), e documentou a divergencia interna do proprio artigo. As incoerencias apontadas nas Notes sao do artigo, nao da extracao: matrizes somam 893 (Table I) e 897 (Table II) contra os 902 do teste, e 2.504 por classe nao cabe num treino de 1.353. O desempenho quase perfeito do RF so se explica pelo vazamento: Height/Age ZS, o z-score do indice que define o desfecho, fica entre os preditores - a extracao ja registra isso em Predictor Notes, e e o principal motivo para tratar este estudo como classificacao diagnostica com rotulo circular, nao como predicao.";texto via PyMuPDF + paginas 3,4 visuais (Fig. 2, Fig. 3, Tabelas I-III);"Dois pontos para o orquestrador. (1) 'Age (months)' = 0-60 nao esta escrito em nenhuma frase do artigo; e sustentavel pela Fig. 3, p.3, cujo boxplot de Age_at_Measurement tem eixo 0-60 meses com bigodes cobrindo toda a faixa e sem outliers ('Age at Measurement and Height do not contain outliers', p.3) - considerei verificavel por figura, mas o campo e inferido, nao reportado. (2) Precision, Recall e Specificity estao como NR corretamente (o artigo so define as formulas em II.D, p.3, e nunca imprime os valores), mas sao recuperaveis das matrizes de confusao se a revisao quiser: KNN (Table I, p.4) precisao 67,9%, sensibilidade 87,3%, especificidade 96,9%; RF (Table II, p.4, run de maximo) precisao 93,7%, sensibilidade 90,8%, especificidade 99,5%. Valores calculados por mim a partir das celulas reportadas, nao impressos no artigo."
AA_39;Machine Learning Solutions for Stunting Classification in Karya Jaya: KNN and SVM;2025;Indonesia (Karya Jaya Health Center);transversal (registros rotineiros de medicao de 2024, corte unico);PARCIAL;OK;OK;OK;OK;OK;OK;OK;1;0;classificacao diagnostica (nowcasting);True;classificacao diagnostica (nowcasting);True;Height (altura atual) e preditor e o desfecho e a classe 'Height/Age' derivada da mesma medicao de altura (Results III.A, p.2). Birth Height tambem entra como preditor. Nao ha ranking de importancia no artigo, entao antropometria_top3=False esta correto por ausencia de top-3 reportado, e nao por ausencia de antropometria.;alta;"O conjunto extraido reproduz o artigo com fidelidade quase total: os cinco algoritmos (KNN e SVM com kernels linear, RBF, polinomial e sigmoide), as cinco acuracias e os cinco F1 macro batem exatamente com a Table III (p.4), e as cinco matrizes de confusao batem com as Tables I e II (p.4). Refiz a aritmetica: cada acuracia da Table III e reproduzida pela sua propria matriz de confusao ate a 2a casa, e o split e estratificado (7020/1755 normais e 48/12 stunted), o que fecha com os 60:8775 da secao III.B e com os 12 stunted do teste. AUC, precisao, recall e especificidade sao corretamente NR: o artigo define as formulas na secao II.D (p.2) mas so tabula acuracia e F1 macro. O que precisa de alerta na sintese nao e erro de extracao, e sim propriedade do estudo: (i) o desfecho e circular, porque Height entra como preditor de uma classe Height/Age derivada da mesma medicao; (ii) com prevalencia de 0,68%, a acuracia de 99,20% do KNN e INFERIOR a linha de base trivial de 99,32% (prever 'Normal' para todos, 1755/1767), ou seja, o 'melhor modelo' do artigo perde para o classificador nulo; (iii) o F1 de 64,80% e macro-media, nao F1 da classe positiva, e a classe rotulada como positiva pelo artigo e a NAO-stunted (secao II.D, p.2), o que inverte a leitura usual de qualquer metrica por classe derivada dali. A planilha rotula (i) e (iii) nas Notes, o que e adequado.";texto via PyMuPDF + pagina 4 visual (Tabelas I, II e III);"Dois pontos menores sem status de divergencia: 'Candidate Predictors (n)' = 5 e defensavel (as features selecionadas), embora o artigo parta de 29 colunas (Results III.B, p.3) — a coluna Predictor Notes ja registra os dois numeros. E a definicao HAZ < -2 aparece no corpo (Introduction, p.1) e nao apenas no abstract, entao o campo Outcome Definition tem lastro fora do resumo; o artigo, porem, nunca diz qual referencia de crescimento gerou o rotulo 'Height/Age' do posto, e a planilha registra essa lacuna corretamente."
AA_45;"Identifying determinants of malnutrition in under-five children in Bangladesh: insights from the BDHS-2022 cross-sectional study (Tamanna et al., Sci Rep 2025;15:14336)";2025;Bangladesh (BDHS-2022, nacionalmente representativa);transversal (inquerito domiciliar DHS, dados secundarios);OK;OK;PARCIAL;OK;OK;OK;OK;OK;1;0;classificacao diagnostica (nowcasting) para os tres desfechos;True;classificacao diagnostica (nowcasting);False;"Nenhum peso, altura ou z-score da propria crianca entra como preditor — os z-scores da crianca sao apenas os desfechos. As unicas variaveis de corpo entre os 34 preditores sao (a) IMC materno (Table 1, p.8: 'Mother's BMI' Underweight/Normal/Overweight; aparece nas Figs. 5-7, p.11-12 como mthr_BMIOverweight/mthr_BMINormal) e (b) tamanho percebido da crianca ao nascer (Table 1, p.7: 'Size of Child at Birth', categorias muito grande a muito pequeno; child_size* nas Figs. 5-7), que e relato materno no momento do nascimento, nao medida concorrente do desfecho. Portanto NAO ha circularidade antropometrica. As flags do notebook parecem disparadas pelo IMC MATERNO: 'antropometria_top3=True' para wasting vem de mthr_BMIOverweight ser o 3o do ranking Gini (Fig. 6, p.11), e 'antropometria_preditores=True' para wasting/underweight vem da mesma variavel. Alem disso as flags sao internamente inconsistentes: os tres modelos partem do MESMO pool de 34 variaveis (incluindo IMC materno e tamanho ao nascer), entao nao ha razao para stunting receber False/False enquanto wasting recebe True/True.";alta;"O conjunto extraido e fiel ao artigo: as 21 linhas reproduzem Table 2 (p.9) celula a celula, com o algoritmo certo no desfecho certo, o RF marcado como melhor modelo nos tres desfechos conforme o proprio texto, os N de eventos batendo com Table 1 (p.7) e AUC/calibracao corretamente como ausentes. O unico achado material nao e erro da extracao e sim do artigo: em todas as 21 celulas a 'Precision' de Table 2 e identica a 'Specificity', e o 'F1 Score' reportado corresponde a classe negativa (nao desnutrido) — reconstruivel a 3 casas a partir de sensibilidade, especificidade e prevalencia — e nao ao par sensibilidade/precisao publicado; a precisao real da classe positiva seria da ordem de 0,28 para RF/stunting (prevalencia 19%, sens 56,3%, esp 66,0%), nao 0,660. Nada sugere vazamento ou metrica de treino: acuracias de 53% a 77% com kappas de 0,013 a 0,158 sao coerentes com um modelo transversal de DHS sobre preditores socioeconomicos, e as matrizes de confusao descritas no corpo fecham com o teste de 25% (~1.977 criancas). O desenho e inequivocamente transversal, entao o rotulo de nowcasting proposto esta certo, e nao ha antropometria da propria crianca entre os preditores.";texto via PyMuPDF + paginas 11,12 visuais (Figs. 5-7, ranking Gini);"Duas inconsistencias internas do artigo que a extracao contornou corretamente e vale registrar: (1) o texto da p.9 atribui F1 0.792 ao SVM/wasting, mas Table 2 traz 0.808 (0.792 e o F1 do RF/underweight) — a planilha seguiu Table 2; (2) Methods (p.3) e Statistical analysis (p.6) listam 'Decision Tree (DT)' junto dos outros algoritmos, mas o artigo diz 'seven algorithms' na Introducao (p.3) e Table 2 traz apenas 7 colunas sem DT, sem nenhum resultado de DT em lugar algum — logo NAO e algoritmo faltando na planilha, e mencao fantasma. As Tabelas suplementares A1-A6 (incluindo a lista completa de variaveis independentes e as matrizes de confusao) nao estao neste PDF; o que foi conferido delas veio do texto do corpo que as descreve."
AA_60;Machine Learning Algorithms for Predicting Stunting among Under-Five Children in Papua New Guinea;2023;Papua Nova Guine (PNG DHS 2016-2018, nacionalmente representativo);transversal (analise secundaria de inquerito domiciliar DHS);OK;OK;OK;OK;OK;OK;OK;OK;1;0;classificacao diagnostica (nowcasting);True;classificacao diagnostica (nowcasting);False;"CRIANCA: o DHS mediu altura/comprimento, peso e MUAC (Methods §2.1, p.3), mas so a altura-para-idade entra como DESFECHO; peso, MUAC e qualquer z-score antropometrico da crianca NAO aparecem entre os preditores (Table 2, p.8-9; Figura 5, p.12). Nao ha circularidade. A unica variavel proxima de antropometria infantil e 'birth size' (Average/Large/Small), que o proprio artigo descreve como avaliacao SUBJETIVA da mae ('the subjective assessment of the child's birth size by mothers', Discussion p.14) e nao como medida aferida; ela ocupa as posicoes 4 e 5 do ranking SHAP (Birth size: Large 0.009; Birth size: Small 0.008, Figura 5 p.12), portanto fora do top-3. PAIS: nenhuma antropometria parental foi usada — o artigo declara explicitamente que altura e peso maternos ficaram como confundidores NAO MEDIDOS ('we could not exclude residual confounding caused by unmeasured variables such as the mother's height and weight', Discussion p.14). As flags antropometria_top3=False e antropometria_preditores=False estao corretas.";alta;"O conjunto extraido bate com o artigo em todos os blocos auditaveis. As 24 metricas das 4 linhas (AUC, acuracia, precisao, recall, F1) reproduzem exatamente a Table 4 (p.11) no conjunto de TESTE, e os limiares otimos (0.394, 0.459, 0.487, 0.367) e os AUCs de validacao cruzada citados em 'Other Metrics' (0.642, 0.653, 0.666) batem com a Table 3 (p.10). A planilha adotou uma regra consistente e explicitada pelo proprio artigo: cada algoritmo entra com a sua MELHOR variante de selecao de variaveis (LASSO para CTree e XGBoost; RF-RFE para LR e SVM-RBF), exatamente como o artigo declara em §3.4, p.12 — 'for CTree and XGBoost, the performance was best with LASSO, while for LR and SVM-RBF, the performance was optimized using RF-RFE' — e as outras duas variantes de cada algoritmo estao registradas no campo Notes, tambem corretas. Nao ha nada que so se explique por erro: AUCs entre 0.729 e 0.767 sao plausiveis para n de teste ~338 com prevalencia 39.7%, nao ha metrica de treino no lugar de teste, nao ha desfecho circular e nao ha AUC inflado.";texto via PyMuPDF + pagina 12 visual (Figura 5, SHAP summary plot);"Precisao/recall/F1 sao da CLASSE POSITIVA (crianca stunted), NAO macro-media nem ponderada: o artigo define Precision = TP/(TP+FP), Recall = TP/(TP+FN) e F1 = 2TP/(2TP+FP+FN) a partir da matriz de confusao (Eqs. 5-8, §2.3.4, p.6) e reporta essas metricas no limiar otimo escolhido pelo metodo closest top-left na curva ROC, nao no limiar 0.50. Confirmei aritmeticamente: nas 12 linhas da Table 4, F1 = 2PR/(P+R) fecha com os valores impressos, o que descarta macro-media. Especificidade realmente nao e reportada em lugar nenhum (busca por 'specific' no PDF nao retorna nada nas metricas) — 'NR' esta certo. Calibracao tambem nao foi avaliada: nenhuma ocorrencia de 'calibration', 'Brier' ou 'Hosmer' no PDF — 'Calibration Assessed: No' esta certo. Sobre 'Candidate Predictors (n)' = NR e 'Missing Data (n)' = NR: o artigo de fato nunca declara nenhum dos dois numeros; a Table 2 (p.8-9) permite CONTAR 29 variaveis candidatas e deduzir missings por variavel (ex.: partner's age N = 2961 de 3380), mas isso e inferencia, nao reporte — 'NR' esta correto pela regra, e a planilha ja registra o '~29 variaveis' no campo Predictor Notes."
AA_62;Performance of Machine Learning Classifiers in Classifying Stunting among Under-Five Children in Zambia;2022;Zambia;transversal (analise secundaria da ZDHS 2018, inquerito domiciliar nacional com amostragem estratificada em dois estagios);OK;OK;PARCIAL;OK;OK;OK;OK;OK;1;0;classificacao diagnostica (nowcasting);True;classificacao diagnostica (nowcasting);False;"Confirmado por leitura visual dos 58 rotulos da Fig. 2, p.4: nenhuma medida antropometrica entra como preditor - nao ha peso, altura/comprimento, IMC, perimetro braquial nem escores z (WAZ/WHZ/HAZ) da CRIANCA, e tambem nao ha antropometria dos PAIS (nenhum IMC/altura/peso materno ou paterno; as variaveis maternas sao idade, escolaridade, alfabetizacao, trabalho, estado civil, paridade). A propria Discussion, p.8-9, contrasta o modelo com o HAZ: 'our study took into consideration key social, economic and environmental factors ... compared to HAZ, which only takes into consideration the age, height and weight of children'. Ressalva menor: 'child_age_months' e o preditor de maior importancia (Fig. 2, p.4) e a idade tambem entra no calculo do HAZ; ainda assim idade nao e medida antropometrica, entao a flag False esta correta.";alta;"O conjunto extraido bate com o artigo em praticamente tudo e a extracao acertou justamente os pontos onde era facil errar. (1) Precisao/recall: a Tabela 3 (p.8) traz colunas separadas de classe negativa, classe positiva e media macro, e o proprio texto do artigo (Secao 3.3, p.8) cita as MEDIAS (XGB 60%, LR 58%/55%, RF e SVC 58-59%); a planilha registrou corretamente a CLASSE POSITIVA (LR 0.39/0.89; RF 0.47/0.50; SVC 0.43/0.67; XGB 0.45/0.67), pos o recall da classe negativa como especificidade, e guardou as macro-medias em 'Other Metrics'. Confirmei por reconciliacao: 2*P_pos*R_pos/(P_pos+R_pos) reproduz o Test F1 da Tabela 2 nos quatro modelos (LR 0.542 vs 0.5411; RF 0.4845 vs 0.4826; SVC 0.5238 vs 0.523; XGB 0.5384 vs 0.5381), o que tambem prova que a Tabela 3 e do conjunto de TESTE, embora o artigo nao diga. (2) Treino vs teste: a planilha usou consistentemente as colunas de teste da Tabela 2 nas cinco linhas e arquivou as de treino em 'Other Metrics'. (3) O abstract afirma para o RF 'accuracy score of 79% in the testing and 61.6% in the training data', invertido em relacao ao corpo (Secao 3.3, p.7 e Tabela 2, p.8: treino 0.7921, teste 0.6162); a planilha seguiu o corpo (0.6162) e documentou a inversao na coluna Notes - exatamente o comportamento exigido. (4) AUC = NR esta certo: o artigo so reporta PR-AUC (area sob a curva precisao-recall), nunca AUC-ROC, e a planilha nao converteu uma na outra. Nada aqui se explica por erro; o unico sinal de alerta e do proprio estudo, nao da extracao (RF com acuracia de treino 0.7921 e kappa 0.5535 contra teste 0.6162 e kappa 0.178 indica sobreajuste, e o rotulo de 'melhor modelo' e do artigo, embora o XGBoost lidere F1, kappa e PR-AUC no teste - a planilha registrou os dois fatos).";"texto via PyMuPDF + paginas 4, 7 e 8 conferidas visualmente (Figura 2 renderizada em alta resolucao para ler os rotulos das 58 features; Figura 3; alinhamento de colunas das Tabelas 2 e 3)";"Tres notas que nao viraram divergencia. (a) 'Imbalance Handling: None/NR' e defensavel (nao ha SMOTE, reamostragem nem pesos de classe), mas o artigo aplica uma etapa relacionada a Methods 2.5, p.5: 'We determined the optimal probability threshold, on the calibrated probabilities, for classifying an instance as stunted or not' - se a coluna admitir ajuste de limiar, caberia registrar. (b) Inconsistencia INTERNA do artigo, nao da extracao: o texto da Secao 3.2, p.6 diz '13 out of 58 features were included' mas nomeia so 12 variaveis, e a lista nomeada inclui 'shared toilet' (posicao 14 na Fig. 2) e omite hhmemtotal_std (posicao 6) e linenokid_std (posicao 7); o top-3 auditado nao e afetado, porque a Fig. 2 esta em ordem decrescente declarada e as posicoes 1-3 sao inequivocas (child_age_months, age_hh, birthintpremo_std), batendo exatamente com o '3 Most Important Features' da planilha. (c) A contagem de 58 barras na Fig. 2 confere com 'Candidate Predictors (n) = 58'."
AA_31;Prediction of early childhood obesity with machine learning and electronic health record data (Pang et al.);2021;EUA (Filadelfia, PA - Children's Hospital of Philadelphia);coorte retrospectiva de prontuario eletronico (EHR), com janela de preditores 0-24 meses e janela de desfecho >2 a <=7 anos;OK;OK;OK;OK;OK;OK;OK;OK;0;0;predicao prospectiva;True;predicao prospectiva;True;Ha antropometria entre os preditores e no top-3, mas NAO ha vazamento/circularidade. Preditores antropometricos: altura, peso, peso-para-altura e perimetro cefalico segmentados em janelas de 0-4, 4-8, 8-12, 12-18 e 18-24 meses (Methods 2.3, p.2). O top-3 da analise de permutacao do XGB (Fig. 4, p.6, confirmado visualmente na ordem decrescente do grafico) e: Weight_height_24 (peso-para-altura aos 18-24 meses), Weight_24 (peso aos 18-24 meses), Weight_height_18 (peso-para-altura aos 12-18 meses). Todas essas medidas sao anteriores a janela do desfecho (>2 a <=7 anos), e o desfecho e definido por percentil de IMC do CDC que so se aplica a partir dos 2 anos de idade (Methods 2.1, p.2). Ou seja: e antropometria de linha de base, nao a antropometria do proprio evento. A flag antropometria_top3=True e antropometria_preditores=True esta factualmente correta, mas a suspeita de vazamento de dados levantada pela analise NAO se sustenta no desenho temporal do artigo.;alta;"O conjunto extraido bate integralmente com o artigo. As 7 linhas (XGB, DT, SVM, LR, NN, GNB, BNB) correspondem exatamente aos 7 algoritmos de Methods 2.5, p.3; os AUCs de cada linha reproduzem sem erro a lista de Results 3.3, p.4 (LR 0.80(0), SVM 0.80(0), NN 0.79(0.002), GNB 0.79(0), BNB 0.76(0.002), DT 0.79(0.018), XGB 0.81(0.001)) e precisao/F1/acuracia/especificidade reproduzem linha a linha a Table 1, p.5, conferida tambem visualmente. Nao ha sinal de metrica de treino, de troca de linha entre algoritmos, nem de mistura de cenarios: o cenario unico usado e o held-out test com sensibilidade fixada em 80% e media de 100 repeticoes Monte Carlo, e o cenario alternativo (XGB simplificado com top-20 features, p.5) foi corretamente isolado no campo Other Metrics em vez de virar linha propria. A extracao inclusive registra duas inconsistencias internas do proprio artigo (SD da acuracia do XGB 0.41 no abstract vs 0.31 na Table 1; coorte 27,302 na Introducao vs 27,203 em Methods e Discussion), o que indica leitura cuidadosa e nao copia do abstract.";texto via PyMuPDF + paginas 3, 5 e 6 visuais (Fig. 1, Table 1, Fig. 4, Table 2, Table 3);"Tres pontos que nao sao divergencia mas merecem registro. (1) 'Sex (%F)_raw' = NR esta correto sob a regra desta revisao: o unico local que reporta sexo e o abstract ('50.78 % male'); o corpo remete a eTable 1, que nao esta no PDF. (2) Em 'Predictor Types', os itens IMC e sexo nao sao verificaveis no texto principal - a lista real de variaveis esta em eTable 2/eTable 3 (nao disponiveis); o texto confirma altura, peso, peso-para-altura, perimetro cefalico (Methods 2.3, p.2), raca/etnia e caresite (Results 3.5, p.5 e Fig. 4, p.6), temperatura corporal, frequencia cardiaca, frequencia respiratoria, saturacao de oxigenio e hemoglobina (Results 3.2, p.3-4 e Fig. 3, p.5). IMC aparece no texto apenas como variavel de controle de qualidade e como base do desfecho. Item classificado como NAO_VERIFICAVEL, severidade baixa. (3) 'N Events' = NR esta correto: o numero de casos de obesidade nao e reportado no corpo. A Table 3, p.6 permite derivar a positividade do conjunto de teste (soma ponderada das taxas por raca e por etnia da ~926 casos em 5.441, ~17.0%), mas isso e derivacao, nao valor reportado. Registro adicional sobre o desenho: o criterio de inclusao exige que a crianca tenha todas as 10 consultas de puericultura recomendadas ate os 7 anos (Methods 2.2, p.2), ou seja, a selecao da coorte usa informacao posterior a janela de preditores - isso afeta a generalizacao do modelo, mas nao contamina o conjunto de features e nao muda o rotulo de predicao prospectiva."
