titulo;ano;periodico;doi;bases;resumo;triagem_IVS;motivo_IVS
A prediction model for childhood obesity risk based on maternal thyroid status and related parameters using machine learning: a mother-newborn-offspring study in a mild-to-moderate iodine deficiency area;2026;INTERNATIONAL JOURNAL OF OBESITY;10.1038/s41366-025-01988-y;Web of Science;"Background Childhood obesity and iodine deficiency are prevalent in developed countries and are linked to adverse health outcomes in adulthood. Mild-to-moderate iodine deficiency and insufficient maternal iodine intake during pregnancy may increase the risk of large-for-gestational-age newborns, which are associated with childhood obesity. Despite this, predicting childhood obesity during pregnancy remains a challenge. We assessed and evaluated machine learning algorithms predicting childhood obesity risk using maternal anthropometrics, thyroid function and iodine intake; and identified key prenatal factors contributing to childhood obesity. Methods A diagnostic accuracy study was conducted based on 87 parameters collected from a mother-newborn-offspring prospective cohort (N = 191) in a mild-to-moderate iodine deficiency region. Maternal iodine status and thyroid function, including serum free tri-iodo-thyronine (FT3) concentrations, were assessed during the second half of pregnancy. Iodine intake was evaluated using a semi-quantitative food frequency questionnaire. Anthropometric measurements were obtained from mothers during pregnancy, from newborns at birth, and from children at 2 years of age. An outcome of overweight at 2 years was defined as a gender-adjusted weight percentile >85%. The dataset was split into training (80%) and test (20%) sets. Synthetic datasets were created to evaluate the performance of six machine learning models, including artificial neural networks (Nnet) that trained and evaluated the model using 5-fold cross-validation. Results The best-performing model was Nnet, which achieved the highest accuracy (1500 instances with a balanced predicted outcome). On the unseen test data, accuracy, Kappa, outcome F1-score and weighted F1 were 0.743, 0.347, 0.500 and 0.769 (respectively). Significant predictors included gravidity, maternal-newborn anthropometrics (height and head circumference, respectively), maternal consumption and dietary intake of iodine-rich foods (popsicle, selected fish, and yogurt) and FT3. Conclusions Machine learning approaches show promise in predicting childhood obesity risk using maternal and dietary factors during pregnancy. If validated, these findings could support interventions to reduce childhood obesity rates.";;
A self-adaptive framework for child healthcare in IoT environment using AI-based prediction;2026;PERVASIVE AND MOBILE COMPUTING;10.1016/j.pmcj.2025.102153;Web of Science;Childhood overweight and obesity have emerged as some of the most serious global public health challenges, as they can lead to a variety of health-related problems and the early development of chronic diseases. The healthcare domain has been transformed by the integration of the Internet of Things (IoT), leading to the development of digital healthcare solutions. This integration has led to an increase in the health data collected from a variety of IoT sources. Consequently, advanced technologies are required to analyze health data, and Artificial Intelligence (AI) has been employed to extract meaningful insights from the data. Moreover, these technologies can be effectively applied in healthcare to address childhood overweight and obesity. A self-adaptive framework is proposed to manage childhood weight using lifelog data from IoT environments. An ensemble-based learning model is applied to predict weight using the lifelog data. A smartphone application providing real-world services was developed, and lifelog data were collected from a cohort of 362 children aged 104 to 152 months. Reasonable results were obtained, indicating that the proposed ensemble model can predict childhood weight change using lifelog data with an accuracy of 0.9711 and an F1-score 0.9725. Also, the results indicated that appropriate rewards can encourage human involvement and positively influence data quality.The results demonstrated the efficiency of the proposed framework with human involvement in weight prediction. The experimental results demonstrate the efficiency of the proposed framework and its potential application in healthcare services to enhance children's health.;;
Enhanced 1D Convolutional Neural Network for superior obesity risk assessment;2026;AIN SHAMS ENGINEERING JOURNAL;10.1016/j.asej.2025.103885;Web of Science;Obesity has emerged as a significant public health challenge worldwide, necessitating advanced predictive models for early intervention. It has now become extremely important to predict the obesity risk level. In this work, we employ deep learning approach, One Dimensional Convolutional Neural Network (1DCNN), on extensive datasets containing demographic information, dietary patterns, and physical activity levels. The purpose of the investigation is to predict the risk factors associated with different levels of obesity. The different layers of the proposed 1DCNN model are presented with their significance enabling it to learn feature interactions hierarchically, and sliding the same kernel over the input drastically reduces the number of trainable parameters, which differentiates the proposed model from other traditional models. Our model asses the obesity prediction using the dataset of 2111 instances with 17 attributes available in the public domain and compares it with nine traditional machine learning models. The proposed model has shown 98 % training accuracy, 97 % validation accuracy and 99 % testing accuracy. The model identifies the most influential risk factors for obesity, and utilizes predictive analytics to estimate the probability of occurrence. The saliency maps, and SHAP depiction show that weight, family, FCVC, height, and age are more influential risk factors for predicting obesity and MTRANS and CALC are not influential factors.;;
Predicting BMI Percentile in Hispanic/Latino Youth Using a Machine Learning Approach: Findings From the Study of Latino Youth;2026;OBESITY;10.1002/oby.70089;Web of Science;"Objective The objective of this study is to use a machine learning approach to identify predictors of BMI percentile among Hispanic/Latino youth in the United States.Methods Participants were Hispanic/Latino 8- to 16-year-olds from the cross-sectional Study of Latino Youth (SOL Youth; n = 1466). A supervised machine learning approach, LASSO regression, was used with BMI percentile as the outcome. A total of 102 predictor variables were examined spanning parent and child demographics; health behaviors; and psychological, sociocultural, and environmental measures.Results Mean age of participants was 12 years, 50% were female, and 44.2% were of Mexican heritage. A 36-variable LASSO model yielded the optimum mean squared error (R2 = 0.42), but a 10-variable solution was selected for parsimony. Six associations were significant. Dieting 1-4 or >= 5 times/year (beta = 8.69 [95% CI: 10.25 to 14.52] or 10.86 [95% CI: 13.14 to 18.33], respectively) and having a parent of Dominican heritage (beta = 3.48 [95% CI: 4.05 to 9.90]) or with obesity (beta = 2.96 [95% CI: 2.99 to 6.85]) were associated with a higher BMI percentile. Perception of being smaller than the ""ideal"" body size (beta = -1.65 [95% CI: -6.84 to -1.35]) and use of the food/activity parenting practice Control (beta = -1.17 [95% CI: -3.63 to -1.69]) were associated with a lower BMI percentile.Conclusions Family-based approaches and focusing on dieting and body image satisfaction may be important for weight management in Hispanic/Latino youth.";;
A Predictive Model for the Development of Long COVID in Children;2025;International Journal of Environmental Research and Public Health;10.3390/ijerph22111693;Embase;Background/Objectives: Machine learning is an extremely important issue, considering the potential to prevent the onset of long-term complications from coronavirus disease or to ensure timely detection and effective treatment. The aim of our study was to develop an algorithm and mathematical model to predict the risk of developing long COVID in children who have had acute SARS-CoV-2 viral infection, taking into account a wide range of demographic, clinical, and laboratory parameters. Methods: We conducted a cross-sectional study involving 305 pediatric patients aged from 1 month to 18 years who had recovered from acute SARS-CoV-2 infection. To perform a detailed analysis of the factors influencing the development of long-term consequences of coronavirus disease in children, two models were created. The first model included basic demographic and clinical characteristics of the acute SARS-CoV-2 infection, as well as serum levels of vitamin D and zinc for all patients from both groups. The second model, in addition to the aforementioned parameters, also incorporated laboratory test results and included only hospitalized patients. Results: Among 265 children, 138 patients (52.0%) developed long COVID, and the remaining 127 (48.0%) fully recovered. We included 36 risk factors of developing long COVID in children (DLCC) in model 1, including non-hospitalized patients, and 58 predictors in model 2, excluding them. These included demographic characteristics of the children, major comorbid conditions, main symptoms and course of acute SARS-CoV-2 infection, and main parameters of complete blood count and coagulation profile. In the first model, which accounted for non-hospitalized patients, multivariate regression analysis identified obesity, a history of allergic disorders, and serum vitamin D deficiency as significant predictors of long COVID development. In the second model, limited to hospitalized patients, significant risk factors for long-term sequelae of acute SARS-CoV-2 infection included fever and the presence of ≥3 symptoms during the acute phase, a history of allergic conditions, thrombocytosis, neutrophilia, and altered prothrombin time, as determined by multivariate regression analysis. To assess the acceptability of the model as a whole, an ANOVA analysis was performed. Based on this method, it can be concluded that the model for predicting the risk of developing long COVID in children is highly acceptable, since the significance level is p < 0.001, and the model itself will perform better than a simple prediction using average values. Conclusions: The results of multivariate regression analysis demonstrated that the presence of a burdened comorbid background—specifically obesity and allergic pathology—fever during the acute phase of the disease or the presence of three or more symptoms, as well as laboratory abnormalities including thrombocytosis, neutrophilia, alterations in prothrombin time (either shortened or prolonged), and reduced serum vitamin D levels, are predictors of long COVID development among pediatric patients.;;
A lifestyle-based prediction model for obesity in Chinese adolescent students;2025;FRONTIERS IN SPORTS AND ACTIVE LIVING;10.3389/fspor.2025.1677707;Web of Science;Introduction Adolescent obesity has emerged as a critical global public health challenge, necessitating effective tools for early identification and intervention. This study aimed to identify significant contributing factors and develop a predictive model for adolescent obesity using machine learning algorithms.Methods An anonymised dataset of 2,338 adolescents was utilised, incorporating variables related to family factors, lifestyle behaviours, and physical fitness scores. Variable selection was performed using LASSO regression with k-fold cross-validation, followed by parameter estimation via logistic regression. The optimal classification threshold was determined using the Youden Index.Results The final predictors included gender, mother's educational level, parental BMI, weight at age 12, parenting style, weekly sweets consumption frequency, meal duration, sleep duration, and physical fitness score. The model demonstrated robust performance, with an AUC of 0.91, accuracy of 0.86, and sensitivity of 0.84. Subgroup analysis indicated consistent performance across genders, with slightly superior predictive efficacy in males (AUC = 0.912) compared to females (AUC = 0.898).Discussion The proposed interpretable framework combines high predictive accuracy and sensitivity, offering a valuable tool for timely identification and intervention in high-risk adolescents. These findings underscore the potential of data-driven approaches in addressing adolescent obesity.;;
AN EXPLAINABLE MACHINE LEARNING APPROACH FOR PREDICTING LINEAR GROWTH FALTERING FOLLOWING A DIARRHEAL ILLNESS AMONG CHILDREN AGED 6-35 MONTHS IN WESTERN KENYA;2025;American Journal of Tropical Medicine and Hygiene;;Embase;Stunting affects one-fifth of children globally with diarrhea accounting for an estimated 13.5% of stunting. Identifying risk factors for its precursor, linear growth faltering (LGF), is critical to designing interventions. Moreover, developing new predictive models for LGF using more recent data offers opportunity to improve model performance and capture new insights. We employed machine learning (ML) to derive and temporally validate a predictive model for LGF among children enrolled with diarrhea in the Vaccine Impact on Diarrhea in Africa (VIDA) study and the Enterics for Global Heath (EFGH) Shigella study in rural western Kenya. We used 7 ML algorithms to retrospectively build prognostic models for the prediction of LGF (≥0.5 decrease in height/length for age z-score [HAZ]) among children 6-35 months. We used de-identified data from the VIDA study (n=1,473) combined with synthetic data (n=8,894) in model development, which entailed split-sampling and K-fold cross-validation with over-sampling technique, and data from EFGH-Shigella study (n=655) for temporal validation. Potential predictors included demographic, household-level characteristics, illness history, anthropometric and clinical data chosen using an explainable model agnostic approach. The champion model was determined based on the area under the curve (AUC) metric. The prevalence of LGF in the development and temporal validation cohorts was 187 (16.9%) and 147 (22.4%), respectively. The following variables were associated with LGF in decreasing order: age (16.6%), temperature (6.0%), respiratory rate (4.1%), SAM (3.4%), rotavirus vaccination (3.3%), breastfeeding (3.3%), and skin turgor (2.1%). While all models showed good prediction capability, the gradient boosting model achieved the best performance (AUC% [95% Confidence Interval], 83.5 [81.6-85.4] and 65.6 [60.8-70.4]) on the development and temporal validation datasets, respectively. Our findings accentuates the enduring relevance of established predictors of LGF whilst demonstrating the practical utility of ML algorithms for rapid identification of LGF among at-risk children.;;
Advancements in pediatric obstructive sleep apnea: cognitive implications and the role of AI in precision medicine;2025;Frontiers in Medicine;10.3389/fmed.2025.1704504;Embase + Web of Science;Background: Obstructive sleep apnea (OSA) in children is linked to cognitive impairment, which is further aggravated by fragmented sleep, intermittent hypoxia, and comorbid attention deficit hyperactivity disorder (ADHD), often resulting in poor academic performance, behavioral problems, and delayed neurodevelopment. Methods: A bibliometric and scientometric analysis was conducted using Web of Science Core Collection (WoSCC) and Scopus databases (1983–2025). After exclusion of non-article records and duplicates, 1,610 studies were included. CiteSpace, VOSviewer, and the R-based Bibliometrix package were employed to analyze publication trends, authorship, institutional collaborations, co-citations, and keyword evolution. Results: Since 2010, scholarly attention to pediatric obstructive sleep apnea and its cognitive implications has grown rapidly, with research output increasing at an annual rate of 11.96%. The United States, China, and several European countries stand out as major contributors, both in terms of publications and international collaboration. Prominent academic centers—such as Harvard University, the University of Michigan, and the University of Chicago—serve as key institutional hubs. Among the most influential contributors to the field are David Gozal and Leila Kheirandish-Gozal, while leading journals include Sleep Medicine and the Journal of Clinical Sleep Medicine. Keyword mapping highlights the central focus on “obstructive sleep apnea,” “children,” and “sleep-disordered breathing,” alongside diagnostic and treatment terms such as “polysomnography” and “adenotonsillectomy.” Notably, there is growing emphasis on cognitive and behavioral aspects, including “cognition,” “behavior,” and “ADHD,” as well as comorbidities like “obesity” and “Down syndrome.” Recent clusters underscore advances in artificial intelligence (AI) and machine learning (ML) based models using oximetry, electrocardiogram (ECG), and acoustic data, enabling early detection and supporting precision medicine approaches. Conclusion: The relationship between pediatric obstructive sleep apnea and neurocognitive development has gained significant attention, with recent research focusing on cognitive outcomes and emerging technologies. While conventional treatments remain important, their limited impact on cognitive recovery underscores the need for early diagnosis and personalized therapies. Advances in artificial intelligence and machine learning are improving diagnostic accuracy, enabling earlier interventions, and supporting neurocognitive function in affected children. These developments reflect a shift toward precision-based, tailored care rather than one-size-fits-all treatments.;;
Advancing predictive analytics in child malnutrition: Machine, ensemble and deep learning models with balanced class distribution for early detection of stunting and wasting;2025;Human Nutrition and Metabolism;10.1016/j.hnm.2025.200340;Embase + Web of Science;Child malnutrition remains a critical public health challenge in sub-Saharan Africa, with traditional surveillance methods proving inadequate for early detection and intervention. This study leverages advanced machine learning and deep learning techniques to revolutionize stunting and wasting prediction in Malawi, utilizing nationally representative World Bank's Living Standards Measurement Surveys (LSMS) data to develop robust predictive models capable of identifying at-risk children before clinical manifestations emerge. Seven classification algorithms were evaluated, including ensemble methods (Random Forest, XGBoost), Deep Neural Networks (DNN), and traditional approaches (SVM, Logistic Regression, KNN, Gradient Boosting). Class imbalance challenges were addressed through SMOTE implementation and strategic class weighting. Model performance was assessed using accuracy, precision, recall, F1-score, and AUC-ROC metrics across balanced datasets. Results demonstrate exceptional predictive capabilities, with Random Forest achieving perfect performance for wasting prediction (100 % accuracy, precision, recall, F1-score, and AUC-ROC) and near-perfect stunting classification (99.98 % accuracy). XGBoost demonstrated comparable excellence with 99.49 % accuracy for wasting and 95.52 % for stunting prediction. DNN showed strong performance (91.50 % wasting accuracy, 76.64 % stunting accuracy), while traditional methods exhibited moderate effectiveness, with logistic regression achieving the lowest performance (66.58 % wasting, 64.72 % stunting accuracy). These findings represent a paradigm shift toward proactive nutritional surveillance, enabling early identification of vulnerable populations through data-driven approaches. The superior performance of ensemble algorithms provides policymakers with powerful tools for evidence-based resource allocation and targeted interventions. Implementation of these predictive models within Malawi's health systems could significantly enhance early detection capabilities, facilitate timely nutritional interventions, and contribute substantially to achieving global nutrition targets while reducing childhood mortality rates.;;
Aflatoxin Contamination in Agri-Food Systems: A Comprehensive Review of Toxicity, Food Security, Economic Impacts, and Sustainable Mitigation Across the Value Chain;2025;FOOD SCIENCE & NUTRITION;10.1002/fsn3.71104;Web of Science;Aflatoxins (AFs) are highly toxic and carcinogenic secondary metabolites produced mainly by Aspergillus flavus and Aspergillus parasiticus, posing serious threats to global food safety, public health, and agricultural economies, particularly in tropical and subtropical regions. This review synthesizes current evidence on the types, sources, and mechanisms of AF toxicity, emphasizing their widespread prevalence in staple crops such as maize, groundnuts, and rice. Climate change, poor agricultural practices, and inadequate storage conditions exacerbate contamination risks. Chronic AF exposure is associated with hepatocellular carcinoma, immune suppression, stunted growth in children, and acute poisoning episodes, such as the 2004 Kenyan outbreak that resulted in 125 deaths. Economically, AFs lead to an estimated USD 6-18 billion in annual losses due to trade rejections, healthcare costs, and productivity decline. This review also explores recent advances in sustainable and innovative mitigation strategies across pre- and post-harvest stages. These include the use of atoxigenic biocontrol strains, genetic resistance, natural inhibitors, hermetic storage technologies, nanotechnology, biological detoxification, and climate-smart agricultural practices. Additionally, emerging digital tools such as Internet of Things (IoT) sensors, blockchain-based traceability, and machine learning models offer promising approaches for real-time monitoring and predictive risk assessment. Despite these advancements, major challenges remain, including limited detection infrastructure, low awareness among smallholder farmers, and fragmented policy enforcement. The review concludes by emphasizing the need for integrated, multi-sectoral interventions anchored in a One Health approach to reduce aflatoxin risks, promote food security, and safeguard human and environmental health globally.;;
An exploration of potential risk factors for gastroschisis using decision tree learning;2025;ANNALS OF EPIDEMIOLOGY;10.1016/j.annepidem.2024.12.004;Web of Science;"Purpose: Despite a wealth of research, the etiology of the abdominal wall defect gastroschisis remains largely unknown. The strongest known risk factor is young maternal age. Our objective was to conduct a hypothesis- generating analysis regarding gastroschisis etiology using random forests. Methods: Data were from the Slone Birth Defects Study (case-control, United States and Canada, 1998-2015). Cases were gastroschisis-affected pregnancies (n = 273); controls were live-born infants, frequency-matched by center (n = 2591). Potential risk factor data were ascertained via standardized interviews. We calculated adjusted odds ratios (aOR) and 95 % confidence intervals (CIs) using targeted maximum likelihood estimation.<br /> Results: The strongest associations were observed with young maternal age (aOR 3.4, 95 % CI 2.9, 4.0) and prepregnancy body-mass-index < 30 kg/m(2) (aOR 3.3, 95 % CI 2.4, 4.5). More moderate increased odds were observed for parents not in a relationship, non-Black maternal race, young paternal age, marijuana use, cigarette smoking, alcohol intake, lower parity, oral contraceptive use, nonsteroidal anti-inflammatory drug use, daily fast food/processed foods intake, lower poly- or monounsaturated fat, higher total fat, and lower parental education. Conclusions: Our research provides support for established risk factors and suggested novel factors (e.g., certain aspects of diet), which warrant further investigation.";;
Analyzing the Contribution of Sequential Patterns in CBR for Childhood Obesity Prediction;2025;CASE-BASED REASONING RESEARCH AND DEVELOPMENT, ICCBR 2025;10.1007/978-3-031-96559-3_28;Web of Science;Childhood obesity is considered one of the main public health concerns. Research in the field of obesity detection and prevention is moving towards promising solutions thanks to the use of Artificial Intelligence applied to data from cohorts of children. Previous studies have analyzed the data without considering the temporal relationship between them. In this work, sequential pattern mining is used to characterize childhood obesity. Then, original data is represented based on these sequential patterns to feed a case-based reasoning system with the aim to predict childhood obesity. Experiments have been carried out on the data collected from 386 children from Girona and Figueres (Spain).;;
Application of Explainable Artificial Intelligence for personalized childhood weight management using IoT data;2025;Computers in Biology and Medicine;10.1016/j.compbiomed.2025.110855;Embase;"Childhood obesity is a growing global health concern as it is correlated with an increased risk of adult-onset and chronic diseases. Recent advances in digital healthcare technologies have enhanced the efficiency of health data analysis and diagnosis, leading to increased interest in artificial intelligence (AI) applications in childhood obesity research; however, several challenges remain, such as data limitations, class-imbalance issues, and difficulties in model interpretability. This study addresses these challenges through a comprehensive framework that utilizes wearable devices for real-time lifestyle data collection and employs Wasserstein generative adversarial networks (WGANs) to address data imbalance concerns. The proposed framework incorporates an explainable model architecture combining tabular attention network (TabNet) with eXtreme Gradient Boosting (XGBoost), complemented by SHapley Additive exPlanations (SHAP) analysis for enhanced interpretability. The framework was validated using data collected from 362 elementary school students over six months, with an additional external validation set of 82 students. The results demonstrated exceptional performance with 98.0% accuracy on the test dataset and 85.2% accuracy on the external validation data. Therefore, the framework can provide personalized health guidance by identifying and explaining individual factors that contribute to weight change, thereby enabling targeted intervention strategies for childhood obesity prevention.";;
Artificial Intelligence in Obesity Prevention;2025;HEALTHCARE;10.3390/healthcare13243262;Web of Science;"Background/Objectives: Obesity is a complex disorder that causes further health issues linked to several chronic diseases, such as cancer, diabetes, metabolic syndrome, and cardiovascular diseases; thus, it is critical to identify and diagnose obesity as soon as possible. Traditional methods, such as anthropometric measures, were popular, although recent advances in artificial intelligence (AI) offer new opportunities for prediction models; as a result, AI has become an essential tool in obesity research. This study provides a comprehensive analysis of the research on the impact of AI on obesity prevention. Methods: In this study, the researchers performed a scoping study using AI to assess and predict obesity in PubMed, Scopus, Web of Science, and Google Scholar from February 2009 to July 2025. The researchers compiled and arranged the employed AI approaches to find connections, patterns, and trends that could guide further research and the application of machine learning algorithms for advanced data analytics. Results: Clinical professionals in obesity medicine may find chatbots valuable as a source of clinical and scientific knowledge, and for creating standard operating procedures, policies, and procedures. According to the findings, AI models can be used to identify clinically significant patterns of obesity or the connections between specific factors and weight outcomes. Moreover, the application of deep learning and machine learning approaches, such as logistic regression, decision trees, and artificial neural networks, appears to have yielded new insight into data, particularly in terms of obesity prediction. Conclusions: This work aims to contribute to a better understanding of obesity detection. While more studies are needed, AI offers solutions to modern challenges in obesity prediction.";;
Artificial Intelligence in TACE: Improving Tumor Targeting and Reducing Non-Target Embolization;2025;CardioVascular and Interventional Radiology;10.1007/s00270-025-04245-x;Embase;Clinical History A 67-year-old male with a history of diabetes mellitus, hypertension, morbid obesity, and cardiac arrhythmia with a dual-chamber pacemaker was under surveillance for hepatocellular carcinoma (HCC). He had a history of cured hepatitis C and liver cirrhosis (Child-Pugh Class B). A routine abdominal CT scan revealed a 3 cm HCC lesion in segment 2. Treatment Right common femoral artery access was obtained using a 5 Fr sheath. A C2 catheter and guidewire were used to cannulate the celiac artery, followed by angiography. Superselective catheterization of the left hepatic artery was performed using a microcatheter and microwire. However, multiple angiograms failed to clearly identify the exact feeding arteries. Cone-beam CT (CBCT) was then performed, and Al-assisted embolization guidance was utilized using Liver ASSIST Virtual Parenchymography (GE Healthcare, Chicago, IL). This software helped identify tumor feeders, ensuring precise embolization while minimizing non-target embolization. Follow-up CT scans at 4 weeks and 3 months demonstrated a complete tumor response with preserved liver function. Discussion C-arm CBCT during TACE procedures provides crucial information, including improved visualization of small tumors and their feeding arteries. Al-based vessel identification software using CBCT data has shown high accuracy, with detectability rates up to 93%, potentially improving treatment precision while sparing healthy liver parenchyma. Several Al-based software solutions, including EmboGuideR, FlightPlanR, and Liver ASSIST Virtual Parenchymography, have been developed to enhance interventional oncology procedures. Conclusion Al-based guidance during TACE improves accuracy, enhances treatment outcomes, and minimizes complications, representing a significant advancement in interventional oncology.;;
Artificial and Convolutional Neural Network Architectures for Childhood Stunting Classification: Design, Evaluation, and Optimization;2025;SAGE OPEN;10.1177/21582440251365428;Web of Science;Childhood stunting is a global health challenge, affecting 148 million children under 5 in 2022. It is a key indicator of chronic malnutrition, often driven by inadequate nutrition, recurrent infections, and socio-economic disparities. In Egypt, 22% of children under 5 are stunted, leading to cognitive delays, poor educational outcomes, and long-term economic losses. Innovative and interdisciplinary approaches are essential to address this issue. This research aims to enhance the detection of growth abnormalities in children using advanced machine learning models, including Artificial Neural Networks (ANN), Convolutional Neural Networks (CNN), and Autoencoder-based architectures. The study utilized secondary data from Demographic Health Surveys (DHS) conducted in Egypt between 2005 and 2014, comprising 37,051 records. Key maternal and child characteristics were analyzed to calculate Height-for-Age Z-scores (HAZ) and Weight-for-Age Z-scores (WAZ). A 70:30 train-test split was applied, and dropout layers were used to prevent overfitting during model training. The ANN model achieved 99.5% accuracy, with a precision of 97.2% for normal cases and 95.4% for severely stunted cases. The CNN model achieved lower accuracy (68%) but provided valuable insights into spatial growth patterns. Autoencoder-enhanced models (e.g., AE + ANN) demonstrated moderate performance, with AE + ANN achieving 77.2% accuracy. Misclassification rates for stunted versus severely stunted cases reached up to 14%. This study demonstrates the potential of machine learning models in early detection and intervention for childhood stunting. By leveraging automated, data-driven approaches, healthcare providers can make evidence-based decisions, allocate resources effectively, and improve child health outcomes in Egypt and beyond.;;
Artificial intelligence for pediatric height prediction using large-scale longitudinal body composition data;2025;DIGITAL HEALTH;10.1177/20552076251395975;Web of Science;Objective We developed a precise, reliable artificial intelligence (AI) model for predicting the future height of children and adolescents based on anthropometric and body composition data.Materials and Methods We used an extensive longitudinal dataset from a large-scale Korean cohort study, which included 588,546 measurements from 96,485 children and adolescents aged 7-18. We developed a prediction model using the light gradient boosting method and integrated anthropometric and body composition metrics along with their standard deviation scores (SDSs) and velocity parameters. Model performance was assessed through root mean square error (RMSE), mean absolute error (MAE), and mean absolute percentage error (MAPE). We employed Shapley additive explanations (SHAP) for model interpretability.Results The model accurately predicted future heights. For males, the average RMSE, MAE, and MAPE were 2.51 cm, 1.74 cm, and 1.14%, respectively, with female prediction results showing comparable accuracy (2.28 cm, 1.68 cm, and 1.13%, respectively). Shapley additive explanations analysis revealed that the SDS of height, height velocity, and soft lean mass velocity were key predictors of future height. The model created personalized growth curves through estimation of individual-specific height trajectories, comparison with actual measurements, and identification of key variables using local SHAP values.Conclusion Our model produces accurate and personalized growth curves, incorporating explainable AI techniques for enhanced clinical understanding. This method advances pediatric growth assessment and provides robust clinical decision support. Despite limitations including the absence of handwrist radiography comparison and Korean population specificity, our approach demonstrates significant potential for early identification of growth disorders and optimization of growth outcomes.;;
Artificial intelligence in globesity research: diagnosis, treatment, and prevention solutions for a healthier world with future recommendations;2025;INTERNATIONAL JOURNAL OF SYSTEM ASSURANCE ENGINEERING AND MANAGEMENT;10.1007/s13198-025-02801-9;Web of Science;Globesity has widely affected the world population. It is a multifactorial health problem. Obesity can be caused by high-fat intake, high-calorie intake, physical inactivity, age, gender, or hormonal issues that can induce many health issues, such as cardiovascular disorders, diabetes, and metabolic disorders. Health facilities are insufficient to provide services to the whole population. In such a case, introducing Artificial Intelligence (AI) in the health sector is one of the most significant steps that can be taken. With the help of AI, the prognosis, diagnosis, and treatment can be provided to individuals within their homes and setups without any physical interactions. Assembling the data collected with AI can help to give more information on the type of obesity prevailing in a particular society so that it could be prevented in the population. Since AI learning is relatively novel within the existing system of medicine, enabling prediction models to be built for medications and examinations that track patients throughout their lifetimes could go a long way toward healthcare delivery. This research brings to the fore information on such personalized AI devices, using machine learning algorithms, which will diagnose the type of obesity and individualized treatment plans. These devices will be more efficient and effective than the current methods, resulting in better obesity control worldwide.;;
Artificial intelligence-driven anthropometric assessment for young children: evaluating the accuracy and practicality of a digital image-based length and weight prediction tool;2025;BMJ HEALTH & CARE INFORMATICS;10.1136/bmjhci-2025-101540;Web of Science;Background Monitoring early childhood growth is vital, as growth faltering could indicate nutritional or health issues requiring prompt intervention. Our study's aim was to assess the performance of a length-weight artificial intelligence (LWAI) tool for predicting children's length and weight from smartphone images.Methods This observational, single-centre study recruited children aged 0-18 months. Investigators measured length and weight in clinic using WHO standard recommendations and captured six images per child in a supine position, while parents took six similar images at home. Within each image, LWAI identifies specific body landmarks and a reference object, then extracts and uses image features to predict the child's length and weight. The LWAI's performance was assessed by comparing length/weight prediction versus actual measurements. User experience was collected through questionnaires.Results A total of 215 participants (mean age 6.1 months) were included, and length/weight predictions were generated for 98% (2184/2224) of the images. The mean absolute error (MAE) and mean absolute percentage error (MAPE) for length were 2.47 cm (4.04%) for individual images and 1.89 cm (3.18%) for grouped images (participants with >= 9 images). The corresponding MAE/MAPE for weight were 0.69 kg (11.68%) and 0.56 kg (9.02%), respectively. Regarding usability, 97% of parents who reported not routinely measuring their child's growth indicated that they would start doing so regularly if a digital tool was available to them.Conclusions The LWAI tool can predict length and weight in children <= 18 months, offering a practical, convenient, artificial intelligence-powered alternative for growth monitoring in home and clinical settings.Trial registration number NCT05079776.;;
Associations of maternal and paternal characteristics with cardiac malformations using real-world data and machine learning;2025;COMMUNICATIONS MEDICINE;10.1038/s43856-025-01139-4;Web of Science;BackgroundEffective prevention of cardiac malformations is constrained by limited understanding of etiology. We used 2011-2021 MarketScan US insurance claims data to identify and characterize associations between maternal and paternal characteristics and non-chromosomal cardiac malformations.MethodsAmong 693,483 singleton live-birth pregnancies of women linked to infants (of which 488,146 linked to fathers), odds ratios were estimated between 2000 clinical diagnostic and medication codes (500 clinical and 500 medication codes each for mothers and fathers) and cardiac malformations (n = 7522 affected pregnancies) using logistic regression. Associations were selected using procedures to control the false discovery rate (FDR). Selected codes were grouped using latent semantic analysis alongside hierarchical clustering.ResultsAt the 5% FDR, 67 codes are selected of which 63 are maternal and four paternal. Elevated risk with maternal diabetes, obesity, and chronic hypertension, highlights the importance of maternal cardiometabolic health for cardiac malformations. Additional potential signals included maternal fingolimod or azathioprine use. The relative lack of paternal associations is consistent with prior findings of few replicated associations with paternal non-genetic exposures.ConclusionsScreening associations, with interpretation aided by unsupervised machine learning methods, identifies, in this study, both known risk factors and potential signals. Signals might be explained by confounding, other systematic errors, or chance, and warrant further investigation.;;
Bridging Distance, Delivering Care: Pediatric Tele-Nutrition in the Digital Health Era—A Narrative Review;2025;Healthcare (Switzerland);10.3390/healthcare13233107;Embase + Web of Science;Background: The emergence of telehealth has transformed healthcare delivery across multiple disciplines, with tele-nutrition representing a rapidly evolving field that addresses nutritional assessment, counseling, and management through digital platforms. Objective: This narrative review examines the current landscape of pediatric tele-nutrition services, exploring technological platforms, clinical applications, evidence for effectiveness, implementation considerations, and future directions. Methods: A comprehensive literature search was conducted across PubMed, CINAHL, Embase, and Web of Science databases from January 2010 to October 2025. A total of 114 relevant sources were selected, encompassing randomized controlled trials, observational studies, systematic reviews, implementation studies, clinical guidelines, and policy documents. Results: This review synthesized 114 sources, predominantly from the United States (54%) and European nations (21%), with evidence expansion accelerating post-COVID-19 pandemic. Evidence suggests pediatric tele-nutrition demonstrates clinical outcomes comparable to traditional in-person care across diverse populations including obesity management, diabetes, gastrointestinal disorders, feeding difficulties, metabolic conditions, and preventive nutrition services. Multiple technology platforms are utilized, with synchronous video consultations most common (60–85% of encounters). Benefits include enhanced access to specialized care, increased frequency of contact, reduced family burden, and high satisfaction rates (>80% across most studies). Challenges include limitations in physical assessment, digital equity concerns affecting vulnerable populations, variable reimbursement policies, and the need for provider training. Hybrid models combining virtual and in-person care appear optimal for many conditions. Conclusions: Pediatric tele-nutrition represents a viable and effective care delivery model with particular advantages for families facing geographic, logistic, or access barriers. Continued attention to digital equity, provider training, regulatory frameworks, sustainable reimbursement policies, and rigorous evidence generation will optimize implementation and outcomes. Future directions include artificial intelligence applications, precision nutrition approaches, and expanded global health applications.;;
Causal effects of Antenatal Care (ANC) on child malnutrition: a machine learning approach in Ethiopia and Rwanda;2025;BMC NUTRITION;10.1186/s40795-025-01208-w;Web of Science;"Malnutrition among children under five remains a critical public health challenge in Ethiopia and Rwanda, with nearly half of the children in this study population affected by at least one form of undernutrition. This study provides a robust causal analysis of the heterogeneous effects of Antenatal Care (ANC) on child malnutrition, as measured by the Composite Index of Anthropometric Failure (CIAF). Leveraging data from 33,737 mother-child pairs from the Demographic and Health Surveys (DHS) in Ethiopia (N = 22,668) and Rwanda (N = 11,069) across three waves (2005-2015), we employ a machine learning-based Causal Forest model. This approach was chosen specifically to overcome the limitations of traditional regression methods, allowing for the estimation of how the impact of different levels of ANC attendance varies across diverse sociodemographic and health-related subgroups.The results reveal a clear and powerful dose-response relationship. While a single ANC visit has a negligible effect, attending 2-3 visits is associated with a modest 3.5% point reduction in the risk of malnutrition. The strongest impact is seen with the completion of 4 or more visits, which is associated with an average reduction of 5.7% points (ATE: -0.057). Crucially, this average effect masks profound and policy-relevant heterogeneity. The benefits of ANC are massively amplified for the most vulnerable populations; for children in the poorer wealth quintile, 4 + ANC visits are associated with a massive 17.1% point reduction in malnutrition risk-an effect nearly three times the population average. The intervention is also particularly impactful for older mothers (aged 35-49), where it is associated with an 11.9% point risk reduction. Furthermore, the benefits of ANC are amplified by a healthier environment; for children in households with an improved water source, the associated risk reduction is a substantial 7.8% points, demonstrating a powerful synergistic effect between clinical care and public health infrastructure.The application of the Causal Forest model represents a significant advancement, moving beyond a single average effect to uncover this critical heterogeneity and identify for whom, and under what conditions, ANC is most effective. These findings provide robust causal evidence for a necessary shift away from a one-size-fits-all public health strategy. The results strongly advocate for stratified and multi-sectoral interventions. Policy and resources should be intensely focused on ensuring the most vulnerable populations-particularly the poorest households and older mothers-complete the full ANC schedule, as this is where the public health return on investment is highest. Additionally, the synergistic effect with WASH highlights the need to integrate clinical maternal health programs with investments in community-level water and sanitation infrastructure. By tailoring ANC programs and combining them with broader public health improvements, governments can develop more holistic and effective strategies to accelerate progress against child malnutrition in Ethiopia, Rwanda, and comparable high-burden contexts.";;
Construction of a community-based primary screening and hospital-based confirmatory screening pathway in pediatric nonalcoholic fatty liver disease;2025;WORLD JOURNAL OF GASTROENTEROLOGY;10.3748/wjg.v31.i28.108321;Web of Science;BACKGROUND Fibrosis is a critical event in the progression of pediatric nonalcoholic fatty liver disease (NAFLD).AIM To develop less invasive models based on machine learning (ML) to predict significant fibrosis in Chinese NAFLD children.METHODS In this cross-sectional study, 222 and 101 NAFLD children with available liver biopsy data were included in the development of screening models for tertiary hospitals and community health centers, respectively. Predictive factors were selected using least absolute shrinkage and selection operator regression and stepwise logistic regression analyses. Logistic regression (LR) and other ML models were applied to construct the prediction models.RESULTS Simplified indicators of the ATS and BIU indices were constructed for tertiary hospitals and community health centers, respectively. When models based on the ATS and BIU parameter combinations were constructed, the random forest (RF) model demonstrated higher screening accuracy compared to the LR model (0.80 and 0.79 for the RF model and 0.72 and 0.77 for the LR model, respectively). Using cutoff values of 90% for sensitivity and 90% for specificity, the RF models could effectively identify and exclude NAFLD children with significant fibrosis in the internal validation set (with positive predictive values and negative prediction values exceeding 0.80), which could prevent liver biopsy in 60% and 71.4% of NAFLD children, respectively.CONCLUSION This study developed new models for predicting significant fibrosis in NAFLD children in tertiary hospitals and community health centers, which can serve as preliminary screening tools to detect the risk population in a timely manner.;;
Contribution of clinical factors and gut microbiota composition to weight loss in a pre-post dietary intervention pilot study in male children with obesity;2025;Journal of Endocrinological Investigation;10.1007/s40618-025-02672-8;Embase + Web of Science;Purpose: Childhood obesity is a global health problem that may be linked to changes in the gut microbiota. The aim of this pilot study was to link the clinical parameters of children with obesity, who underwent a dietary intervention, with their gut microbiota profiles to better understand the factors associated with weight loss. Methods: The study focused on 36 male children with obesity (aged 12–15 years) who were referred for treatment of primary obesity. Personal medical history information was collected at enrollment. Body composition was assessed before and after a three-week balanced hypocaloric diet with preserved nutritional value. Bacterial taxa were analyzed by 16S rRNA gene amplicon sequencing. Linear regression models and machine learning algorithms were used to determine how subjects’ clinical factors and gut microbiota contribute to weight loss efficacy. Results: Results showed that higher abundance of Lachnospiraceae members (Blautia and Anaerostipes) prior to the diet intervention, and later introduction of non-dairy food were positively related to weight loss efficacy, while higher abundance of Erysipelotrichaceae UCG-003 and Faecalibacterium in the pre-diet samples was negatively correlated with BMI change. The change in the abundance of Enterobacteriaceae and Bacteroidetes members between the pre- and post-diet samples was negatively associated with delta BMI. Conclusion: The efficacy of weight loss in male children with obesity under dietary treatment is related to the composition of the gut microbiota and the timing of the introduction of non-dairy food. Promoting beneficial gut bacteria could increase the success of dietary treatment for weight loss and improve long-term health outcomes in children with obesity.;;
Correlation Between Body Mass Index and Obstructive Sleep Apnea Severity in Pediatric Sickle Cell Patients;2025;American Journal of Respiratory and Critical Care Medicine;10.1164/ajrccm.2025.211.abstracts.a4440;Embase;Rationale: The prevalence of obstructive sleep apnea syndrome (OSAS) in children with sickle cell disease (SCD) is significantly higher than in the general pediatric population. There is a strong correlation between OSA and obesity in the general pediatric population. Few studies have rigorously examined the correlation between body mass index (BMI) and OSAS severity in children with SCD. This study aims to investigate the correlation between BMI and OSA severity in children with SCD in our center.Methodology: This is a retrospective chart review of 68 pediatric sickle cell patients between the ages of 3-21 year (47% males) who underwent polysomnography testing due to clinical suspicion of OSA in one academic center (The University of Florida). Regression analysis was used to study the correlation between BMI and apnea-hypopnea index (AHI). Other variables collected include age, sex, mean corpuscular volume (MCV), Hydroxyurea use (HU). t-test was used to study the correlation between BMI and AHI groups (high vs low AHI). The normal BMIrange was defined as 18.5 to less than 25. Neck circumference data was not available. Artificial intelligence was used for regression analysis. Results: 52 patients had abnormal AHI > 1 (76%), 14 had severe OSA (21%) AHI > 10. The average BMI in the studied group was 18.3 and the average AHI was 12.9. 53 patients (78%) were hemoglobin SS genotype, 4 patients (6%) were hemoglobin S beta thalassemia, and 11 patients were hemoglobin SC genotype (16%). Regression analysis indicated that BMI was not significantly correlated with AHI after adjusting for sex, age, MCV, genotype and HU usage (BMI coefficient = 0.1287, p=0.921). The t-test comparing BMI between the “High AHI” (AHI ≥ 5) and “Low AHI” (AHI < 5) groups yielded no statistically significant difference in BMI between the two groups (p=0.778). Conclusion: Unlike the data available for the general pediatric population, these findings suggest that BMI may not be a strong predictor of AHI in sickle cell disease, highlighting the need for further research to identify other potential factors contributing to sleep-disordered breathing in pediatric sickle cell disease.;;
Culture-independent meta-pangenomics enabled by long-read metagenomics reveals associations with pediatric undernutrition;2025;Cell;10.1016/j.cell.2025.08.020;Embase + Web of Science;The human gut microbiome is linked to child malnutrition, yet traditional microbiome approaches lack resolution. We hypothesized that complete metagenome-assembled genomes (cMAGs), recovered through long-read (LR) DNA sequencing, would enable pangenome and microbial genome-wide association study (GWAS) analyses to identify microbial genetic associations with child linear growth. LR methods produced 44–64× more cMAGs per gigabase pair (Gbp) than short-read methods, with PacBio (PB) yielding the most accurate and cost-effective assemblies. In a Malawian longitudinal pediatric cohort, we generated 986 cMAGs (839 circular) from 47 samples and applied this database to an expanded set of 210 samples. Machine learning identified species predictive of linear growth. Pangenome analyses revealed microbial genetic associations with linear growth, while genome instability correlated with declining length-for-age Z score (LAZ). This resource demonstrates the power of comparing cMAGs with health trajectories and establishes a new standard for microbiome association studies.;;
DDG 2025;2025;Diabetologie und Stoffwechsel;;Embase;"The proceedings contain 197 papers. The topics discussed include: transmission of parental epigenetic changes to offspring; immune metabolism in the development of diabetes and beyond - lessons from basic research; machine learning approaches reveal DNA methylation patterns associated to prediabetes clusters; nutrigenomic analysis in twins (NUGAT) study: transcriptomic responses to switching from healthy low fat to unhealthy high fat western diet indicates extensive transcriptional reprogramming of subcutaneous fat and heritable dietary responses; human fatty pancreas in vitro model reveals specific effects on beta-cell function and incretin responsiveness in T2D; mitochondrial dysfunction in childhood obesity: A potential link to insulin resistance and type 2 diabetes?; and effect of glycemic control on periodontal parameters in people with type 2 diabetes - a single arm interventional pilot trial.";;
Development and internal validation of a machine learning algorithm for the risk of type 2 diabetes mellitus in children with obesity;2025;Frontiers in Endocrinology;10.3389/fendo.2025.1649988;Embase + Web of Science;Aim: We aimed to develop and internally validate a machine learning (ML)-based model for the prediction of the risk of type 2 diabetes mellitus (T2DM) in children with obesity. Methods: In total, 292 children with obesity and T2DM were enrolled between July 2023 and February 2024 and followed for at least 1 year. Eight ML algorithms (Decision Tree, Logistic Regression, Support Vector Machine (SVM), Multilayer Perceptron, Adaptive Boosting, Random Forest, Gradient Boosting Decision Tree, and Extreme Gradient Boosting) were compared for their capacity to identify key clinical and laboratory characteristics of T2DM in children and to create a risk prediction model. Results: Forty-nine children were diagnosed with T2DM during the follow-up period. The SVM algorithm was the best predictor of T2DM, with the largest area under the receiver operating characteristic curve (0.98) and accuracy (93.2%). The SVM algorithm identified eight predictors: BMI, creatinine, prealbumin, glucose (180 min), glycosylated hemoglobin A1c, thyrotropin, total thyroxine (T4), and free T4 concentrations. Thus, an ML-based prediction model accurately identifies children with obesity at high risk of T2DM. If externally validated, this tool could facilitate early, personalized interventions aimed at preventing T2DM. Discussion: The rising prevalence of obesity in childhood is associated with an increase in the risk of early-onset T2DM. Therefore, the early identification of individuals at high risk is crucial to prevent the development of this disease. In a comparative analysis of the performance of multiple ML algorithms, we found that the SVM algorithm was the best predictor of the development of T2DM.;;
Development of Machine-Learning-Based and Deep-Learning-Based Models for Predicting Korean Adolescents' Overweight and Obesity;2025;JOURNAL OF THE SOCIETY FOR SOCIAL WORK AND RESEARCH;10.1086/733509;Web of Science;"Objectives: Overweight and obesity in adolescents are a leading health concern worldwide, including in South Korea. This study aims to develop predictive models for overweight and obesity in Korean adolescents using 11 machine learning and deep learning techniques: logistic regression, ridge, LASSO, elastic net, decision tree, bagging, random forest, AdaBoost, XGBoost, support vector machine, and fully connected layer models. Methods: We used 43,268 records (Grades 7-12) from the 16th Korean Youth Risk Behavior Web-Based Survey. The survey data included 71 factors that may influence overweight and obesity among adolescents, encompassing sociodemographic characteristics; dietary habits; physical and psychological health; behavioral problems; and family, peer, and school factors. Results: The machine learning and deep learning algorithms displayed significantly superior performance in predicting overweight and obesity among Korean adolescents when compared to logistic regression. XGBoost was particularly effective: accuracy 0.8403, recall 0.6351, precision 0.6497, F1 0.6423, and area under the curve 0.8982. Conclusion: The machine learning and deep learning models developed in this study to predict overweight and obesity in Korean adolescents hold potential for use in practical applications in social work settings.";;
Development of an Eating Behavior Risk Score;2025;clinicaltrials.gov;;Embase;Brief Summary;;
Diet Quality and Weight Status are Predicted by Federal Nutrition Assistance Program Participation, Health, and Demographics;2025;CURRENT DEVELOPMENTS IN NUTRITION;10.1016/j.cdnut.2025.107505;Web of Science;"Background: Programs, such as Medicaid, the Supplemental Nutrition Assistance Program, and the Special Supplemental Nutrition Program for Women, Infants, and Children (WIC), provide access to vital medical and nutrition services. Few studies have investigated whether demographic, social, and economic determinants of health, including length of time spent on these programs, are associated with diet quality and weight status in early childhood. Objectives: Classification and regression tree analysis, a machine learning method, was used to determine health predictors to identify patterns of children with higher compared with lower diet quality and higher compared with lower weight status. Methods: Using the WIC infant and toddler feeding practices study-2 (unweighted N = 3051; weighted N = 413,211), classification and regression tree identified the sequence of binary splits that best differentiated the sample on Healthy Eating Index-2020 (HEI-2020; range 0-100) and HEI-2020 subscales (adequacy and moderation), and body mass index (BMI in kg/m2) z-score at 2-5 y. Predictors, including maternal BMI, child birthweight, sociodemographics, and length of time spent on safety net programs, were considered. Results: Higher HEI-2020 scores were primarily predicted by race and ethnicity (e.g., Hispanic, Spanish, or non-Hispanic White), and longer WIC and shorter Supplemental Nutrition Assistance Program duration. In examining HEI-2020 subscales, higher HEI adequacy was primarily predicted by higher education, older maternal age, longer WIC duration, and race and ethnicity. Higher HEI moderation was primarily predicted by race and ethnicity and longer WIC duration. Higher BMI z-score was primarily predicted by higher birth weight. Conclusions: Child diet quality and weight status were associated with different social determinants of health, which included maternal weight status, race and ethnicity, and food assistance program participation, particularly WIC.";;
Explainable AI to predict a complex multifactorial outcome, childhood obesity: Application to clinical epidemiology;2025;medRxiv;10.1101/2025.06.21.25330041;Embase;Background: Childhood obesity, driven by genetic and epidemiological factors, poses significant health risks, yet traditional machine learning models lack interpretability for clinical use. Objective: This study aims to apply Kolmogorov-Arnold Networks (KAN), an explainable machine learning model, to predict body mass index (BMI) at age 8 as an indicator of obesity risk and to develop a publicly accessible prediction tool. Methods: We utilized the Raine Study Gen2 cohort (n=2,868) to train KAN and traditional models (such as Random Forest, Gradient Boosting, Lasso, and Multi-Layer Perceptron) using perinatal, early-life, and polygenic risk score (PGS) data collected before age 5. Feature importance was analyzed across all the models. A publicly accessible online calculator was developed for practical use. Results: KAN achieved an R2 of 0.81, outperforming traditional models. Key predictors included Year 5 BMI z-score, mid-arm circumference, occupation of mother, and PGS. The online calculator supports predictions without PGS, maintaining an R2 of 0.81. Conclusions: KAN’s transparent formulas enhance interpretability, offering a practical approach to predicting childhood obesity. The freely accessible tool enables clinicians to implement personalized prevention strategies, advancing precision medicine.;;
Exploring Risk Factors and Predictive Modeling of Child Malnutrition in Pakistan Using Machine Learning;2025;American journal of human biology : the official journal of the Human Biology Council;10.1002/ajhb.70124;Embase + Web of Science;OBJECTIVE: This study aims to identify risk factors and develop predictive models of child malnutrition (stunting, wasting, and underweight) in Pakistani children under five using machine learning approaches. STUDY DESIGN: This cross-sectional design utilized data from the Pakistan Demographic and Health Survey 2017-2018 (PDHS). METHODS: Logistic regression was employed to identify significant socio-demographic and health-related risk factors. Four machine learning models-Random Forest (RF), Support Vector Machine (SVM), Naïve Bayes (NB), and AdaBoost-were applied to predict malnutrition indicators, with performance evaluated based on accuracy, sensitivity, specificity, and F-measure using a two-stage validation strategy (10-fold cross-validation and 80:20 train-test split). RESULTS: Key risk factors identified included consanguineous marriages, lower wealth status, low maternal education, and geographic disparities in Sindh and Baluchistan. Among the machine learning models, Random Forest demonstrated the highest overall accuracy and specificity across all indicators, while SVM showed higher sensitivity for wasted and underweight children. CONCLUSION: The study highlights the complex interplay of socio-demographic factors in child malnutrition and the potential of machine learning models to effectively predict these conditions, underscoring the need for targeted interventions focusing on maternal education, access to clean water and sanitation, and poverty alleviation, particularly in high-risk regions.;;
Harnessing Artificial Intelligence in Obesity Research and Management: A Comprehensive Review;2025;DIAGNOSTICS;10.3390/diagnostics15030396;Web of Science;"Purpose: This review aims to explore the clinical and research applications of artificial intelligence (AI), particularly machine learning (ML) and deep learning (DL), in understanding, predicting, and managing obesity. It assesses the use of AI tools to identify obesity-related risk factors, predict outcomes, personalize treatments, and improve healthcare interventions for obesity. Methods: A comprehensive literature search was conducted using PubMed and Google Scholar, with keywords including ""artificial intelligence"", ""machine learning"", ""deep learning"", ""obesity"", ""obesity management"", and related terms. Studies focusing on AI's role in obesity research, management, and therapeutic interventions were reviewed, including observational studies, systematic reviews, and clinical applications. Results: This review identifies numerous AI-driven models, such as ML and DL, used in obesity prediction, patient stratification, and personalized management strategies. Applications of AI in obesity research include risk prediction, early detection, and individualization of treatment plans. AI has facilitated the development of predictive models utilizing various data sources, such as genetic, epigenetic, and clinical data. However, AI models vary in effectiveness, influenced by dataset type, research goals, and model interpretability. Performance metrics such as accuracy, precision, recall, and F1-score were evaluated to optimize model selection. Conclusions: AI offers promising advancements in obesity management, enabling more personalized and efficient care. While technology presents considerable potential, challenges such as data quality, ethical considerations, and technical requirements remain. Addressing these will be essential to fully harness AI's potential in obesity research and treatment, supporting a shift toward precision healthcare.";;
Height estimation in children and adolescents using body composition big data: Machine-learning and explainable artificial intelligence approach;2025;DIGITAL HEALTH;10.1177/20552076251331879;Web of Science;Objective To develop an accurate and interpretable height estimation model for children and adolescents using body composition variables and explainable artificial intelligence approaches.Methods A light gradient boosting method was employed on a dataset of 278,301 measurements from 54,374 children and adolescents aged 6-18 years. The model incorporated anthropometric and body composition measures. Model interpretability was enhanced through feature importance analysis, Shapley additive explanations, partial dependence plots, and accumulated local effects.Results The models achieved high accuracy with mean absolute percentage errors of 1.64% and 1.63% for boys and girls, respectively. Soft lean mass (SLM), body fat mass percentage (BFMP), skeletal muscle mass, and skeletal muscle mass percentage were consistently identified as key factors influencing height estimation. Analysis revealed a positive correlation between SLM and estimated height, while BFMP exhibited an inverse relationship with height projections.Conclusion These findings provide valuable insights into the relationship between body composition and height, underlining the potential of body composition variables as accurate height predictors in children and adolescents. The model's interpretability and accuracy make it a promising tool for pediatric growth assessment and monitoring.;;
Hepatoprotective Measures for Children at High Risk of Non Alcoholic Fatty Liver Disease;2025;clinicaltrials.gov;;Embase;Brief Summary;;
High consumption of soft drinks and perceptions of consumption among university students: A multivariate analysis with a machine learning (ML) algorithm;2025;JOURNAL OF PUBLIC HEALTH-HEIDELBERG;10.1007/s10389-023-02043-8;Web of Science;IntroductionSoft drinks, defined as liquids with added sugar and artificial flavorings, have become increasingly popular among the people of Bangladesh, especially among the young. The everyday consumption of soft drinks by adolescents is a poor lifestyle decision that requires special attention to guarantee a healthy existence.ObjectiveThe main objective of this study is to measure the soft drink consumption pattern and identify the perceptions associated with the consumption of soft drinks among university students.MethodsA cross-sectional study with a convenience sample (n = 450) was conducted among the university students of Mawlana Bhashani Science and Technology University (MBSTU) using a self-administered questionnaire through a face-to-face interview method. The obtained information was analyzed in five distinct segments as univariate analysis, bivariate analysis, multivariate analysis, machine learning (ML) algorithm, and factor analysis.ResultA large number of students were high consumers, which means they consumed 1 or more liters of soft drinks per week. The perceptions were significantly associated with soft drink consumption level, and most of the perceptions had a significant effect on the consumption level. The performance accuracy was 82%, with sensitivity of 90%, specificity of 66%, and precision of 84%. Factor analysis showed that all of the perceptions were loaded into four factors.ConclusionHigh soft drink intake among university students is correlated with other hazardous lifestyle choices. Students should be aware of the high consumption of soft drinks and should focus on healthy drinks. Government should take initiatives to improve the marketability of healthy drinks.;;
How do neighborhood environments impact adolescent health: a comprehensive study from subjective and objective perspectives using machine learning method;2025;FRONTIERS IN PUBLIC HEALTH;10.3389/fpubh.2024.1507711;Web of Science;Existing studies have established a linear relationship between urban environments and adolescent health, but the combined impacts of subjective and objective environments on multi-dimensional health status (including physical and mental health) have not been fully explored. Furthermore, while some studies have examined the non-linear relationship between urban environments and adult health, research specifically focusing on adolescents is sparse. Using Kunming, China, as a case study, we employ Random Forest model to examine the non-linear relationship between subjective/objective neighborhood environments and adolescent physical/mental health. The results indicate that the objective environment plays a more significant role in influencing physical and mental health in adolescents. There are generally non-linear correlations and threshold effects between neighborhood environment variables and adolescents' health status. Specifically, the effects of distance to subway station, ratio of traffic safety facilities, and greening view index on adolescent physical and mental health differ. Additionally, subjective environments characterized by community management, community image, and community capital tend to positively influence adolescents' health status. This study provides valuable insights for the planning of healthy communities, environmental interventions, and health promotion in specific dimensions among adolescents.;;
Individualized Early Diagnosis and Treatment System of Gestational Diabetes Mellitus (GDM) Based on New Continuous Glucose Monitoring (CGM) Technology;2025;clinicaltrials.gov;;Embase;Brief Summary;;
Intervention Activities and Implementation Strategies for School-Based Health Promotion: Identifying Core Functions and Forms to Facilitate Scale-up of an Effective Intervention;2025;IMPLEMENTATION RESEARCH AND PRACTICE;10.1177/26334895251385936;Web of Science;"Background: School-based health promotion is a key public health strategy to reduce disease burden and health inequalities. School-based interventions with local evidence of effectiveness need to be scaled up to maximize their benefits. A Project Promoting healthy Living for Everyone in Schools (APPLE Schools) is a health promoting school (HPS) intervention that targets schools in disadvantaged settings and has been shown to be effective in promoting children's healthy lifestyle behaviors and reducing health inequalities. To support its scale-up, we aimed to identify core functions (basic purposes driving intervention's effectiveness) and forms (specific content and delivery strategies implemented to achieve core functions).<br /> Method: We extracted 5,301 action items from 191 annual action plans written between 2011 and 2021 in 70 APPLE Schools. We followed an implementation science approach and used supervised machine learning algorithms to classify 2,683 unique action items into intervention activities and implementation strategies. Core functions were drawn from theoretical frameworks; forms were identified through thematic analysis.<br /> Results: We identified 55 forms and mapped them to 17 core functions of intervention activities and implementation strategies. The most common core functions of intervention activities were enablement (96%), modeling (66%), and education (54%); the most common core functions of implementation strategies were relational and organizational support context (86%), partnerships and networking (84%), student participation (78%), and professional development and learning (73%). The remaining core functions were identified in <50% of the schools. Forms included a broad range of activities, with a greater variety of those that addressed the most common core functions.<br /> Conclusions: We created matrices of core functions and forms of intervention activities and implementation strategies to inform the successful scale-up of APPLE Schools, an effective and cost-effective HPS intervention. These matrices can be used as a guide to improving existing HPS interventions and scaling them up to new settings.<br /> Plain Language Summary<br /> Health Promotion in Schools: Identifying Key Elements of a Successful School Intervention to Support Its Expansion into More Schools Across Canada Children living in disadvantaged communities are disproportionately impacted by lack of access to opportunities for physical activity and nutritious food, and so are at highest risk of childhood obesity and chronic diseases later in life. Effective interventions to reduce the risk for chronic disease in vulnerable children exist but they need to be expanded to reach more children. A school-based program called A Project Promoting healthy Living for Everyone in Schools (APPLE Schools) delivers a very successful intervention to encourage healthy living and mental health to vulnerable kids from disadvantaged communities. It currently operates in more than 100 schools in western Canada (Alberta, British Columbia, Manitoba, and Northwest Territories). The program plans to expand nationally to reach more vulnerable children. To do this, we need to understand which program elements make it successful.<br /> From annual action plans developed by 70 APPLE Schools between 2011 and 2021, we extracted health promotion activities and strategies that support these activities. Overall, we identified a comprehensive list of 17 essential components of the APPLE Schools program.";;
Investigation of predictive factors for fatty liver in children and adolescents using artificial intelligence;2025;Frontiers in Pediatrics;10.3389/fped.2025.1537098;Embase + Web of Science;Background: Childhood obesity is a growing problem worldwide, leading to non-alcoholic fatty liver disease (NAFLD), which is the most common liver disease in children. Liver biopsy is the gold standard for NAFLD diagnosis. Machine learning algorithms could assist in an early diagnostic approach and leading to a favorable prognosis. Objective: This study aimed to identify predictive factors for NAFLD in children and adolescents using machine learning models, focusing on liver biopsy outcomes such as fibrosis, infiltration, ballooning, and steatosis. Methods: Data from 659 children suspected of NAFLD, who underwent liver biopsy at Mofid Children's Hospital between 2011 and 2023, were analyzed. The dataset included categorical and numerical variables, which were processed using one-hot encoding and standardization. Several machine learning models were trained and evaluated, including CatBoost, AdaBoost, Random Forest, and others. Model performance was assessed using cross-validation with accuracy, precision, recall, F1 score, and ROC-AUC metrics. Feature importance was determined through permutation analysis. Results: Among NAFLD patients, the CatBoost Classifier achieved the highest accuracy (91.8%) and ROC-AUC score (92.3%) in cross-validation. In addition, the adjusted models showed better results. That is, the F1 for the CatBoost raised from 83% to 89% (AUC: 0.86–0.92), for the GradientBoosting from 76% to 81% (AUC: 0.81–0.85), and for Bernolli Naive Bayes from 78% to 82% (AUC: 0.82–0.85). Conclusion: Machine learning models, particularly CatBoost, demonstrated strong predictive capabilities for NAFLD diagnosis in children.;;
Investigation of the Relationship Between Dietary Nitrate and Oral Microbiota in Children With Primary Hypertension;2025;clinicaltrials.gov;;Embase;Brief Summary;;
Lifelong obesity prevention through early identification of risk factors, prognosis, and intervention: advances in the EPROBES project;2025;Journal of Physiology and Biochemistry;10.1007/s13105-025-01132-4;Embase;Obesity is one of the main population health threats worldwide, with a sustained increase in prevalence over the last decades and a constellation of co-morbidities that seriously hamper individual wellbeing and life-expectancy. Despite major research efforts, obesity treatments have proven of limited efficacy. Thus, effective prevention strategies are essential to avoid the full spectrum of metabolic complications of overweight during the life-course. Adult obesity is rooted on early maturational events, including pathophysiological and psychological determinants occurring during the gestational, infantile and/or adolescent periods, which globally remain ill defined. Identification of such early pathogenic mechanisms and markers of metabolic disease is key for active prevention and personalized management of body weight disorders later in life. Of note, pathogenic mechanisms and susceptibility to obesity are seemingly gender-dependent, but this aspect remains underexplored and may compromise effectiveness of preventive measures and treatments tackling obesity and its complications. eprObes (for early Prevention of Obesity) is a multidisciplinary, patient-centered project, involving clinical studies targeting different maturational windows, coupled with cognitive, mental health, life-style and behavioral studies, as well as mechanistic analyses in suitable preclinical models, whose major aim is to define effective strategies for active prevention of obesity during the life-course, with particular focus on early developmental events, from prenatal (including peri-conceptional) to pubertal periods, and determinants of feeding behaviors. Multi-omics studies and integral analysis of eprObes data, assisted by bioinformatic technologies and artificial intelligence, will permit definition of tailored preventive measures and life-style interventions, at key maturational periods, to avoid excessive body weight gain and lifetime metabolic complications in both sexes.;;
Longitudinal Prediction of BMI using Explainable AI: Integrating Polygenic Scores, Maternal, Early-Life and Familial Factors;2025;medRxiv;10.1101/2025.07.07.25331071;Embase;Background/Objectives: This study aimed to predict body mass index (BMI) trajectories from childhood to early adulthood using explainable artificial intelligence, integrating polygenic scores (PGS), maternal, early-life, and familial factors to identify key predictors of obesity risk and inform prevention strategies. Subjects/Methods: We analysed longitudinal data from the Raine Study Gen2 cohort, recruiting 2 868 participants. This observational study, without randomization or case-control design, collected BMI measurements at ages 8, 10, 14, 17, 20, 23, and 27 years. We applied Kolmogorov-Arnold Networks (KAN) alongside conventional machine learning models, integrating epidemiological variables (maternal and paternal anthropometrics, parental education, early-life skinfold measurements) with seven BMI-related PGS. The analysis spanned from childhood to early adulthood, with no intervention administered. Results: The KAN model, combining epidemiological and PGS data, achieved predictive performance with R2 ranging from 0.81 at age 8 to 0.34 at age 27. BMI z-score at age 5 was the dominant predictor in early years, with PGS influence increasing post-adolescence. Maternal and paternal anthropometric measures, parental education, and early-life skinfold measurements were significant contributors. The interpretable KAN model revealed the dynamic interplay of genetic and environmental factors, with early-life BMI z-score and PGS emerging as key drivers of BMI trajectories across life stages. Conclusions: These findings highlight the dynamic interplay of genetic and environmental factors across life stages, underscoring the potential of early-life BMI as a biomarker for obesity risk. Our interpretable model offers actionable insights for targeted obesity prevention strategies.;;
Machine Learning-Based Prediction of Large-for-Gestational-Age Infants in Mothers With Gestational Diabetes Mellitus;2025;JOURNAL OF CLINICAL ENDOCRINOLOGY & METABOLISM;10.1210/clinem/dgae475;Web of Science;"Context Large-for-gestational-age (LGA), one of the most common complications of gestational diabetes mellitus (GDM), has become a global concern. The predictive performance of common continuous glucose monitoring (CGM) metrics for LGA is limited.Objective We aimed to develop and validate an artificial intelligence (AI)-based model to determine the probability of women with GDM giving birth to LGA infants during pregnancy using CGM measurements together with demographic data and metabolic indicators.Methods A total of 371 women with GDM from a prospective cohort at a university hospital were included. CGM was performed during 20 to 34 gestational weeks, and glycemic fluctuations were evaluated and visualized in women with GDM who gave birth to LGA and non-LGA infants. A convolutional neural network (CNN)-based fusion model was developed to predict LGA. Comparisons among the novel fusion model and 3 conventional models were made using the area under the receiver operating characteristic curve (AUCROC) and accuracy.Results Overall, 76 (20.5%) out of 371 GDM women developed LGA neonates. The visualized 24-hour glucose profiles differed at midmorning. This difference was consistent among subgroups categorized by pregestational body mass index, therapeutic protocol, and CGM administration period. The AI-based fusion prediction model using 24-hour CGM data and 15 clinical variables for LGA prediction (AUCROC 0.852; 95% CI, 0.680-0.966; accuracy 84.4%) showed superior discriminative power compared with the 3 classic models.Conclusion We demonstrated better performance in predicting LGA infants among women with GDM using the AI-based fusion model. The characteristics of the CGM profiles allowed us to determine the appropriate window for intervention.";;
Machine learning fibrosis score for pediatric metabolic dysfunction-associated steatotic liver disease: Promising but premature;2025;World Journal of Gastroenterology;10.3748/wjg.v31.i36.112217;Embase + Web of Science;"Metabolic dysfunction-associated steatotic liver disease (MASLD) is now the leading cause of chronic liver disease in children, affecting up to 38% with obesity of children. With the global shift from non-alcoholic fatty liver disease (NAFLD) to MASLD using affirmative criteria (hepatic steatosis plus ≥ 1 cardiometabolic risk factor) and approximately 99% concordance in pediatrics, the development of non-invasive fibrosis tools is accelerating. Yao et al report a machine-learning “chronic MASLD with fibrosis (CH-MASLD-Fib)” score for advanced fibrosis with area under the receiver operating characteristic curve (AUROC) of 0.92. While timely, we urge caution. First, high accuracy from a single-center cohort signals overfitting: Complex models can learn cohort-specific noise and fail to generalize. Consistent with this, established pediatric scores (NAFLD fibrosis score, fibrosis-4, pediatric NAFLD fibrosis score) perform modestly (AUROC: Approximately 0.6-0.7), and aspartate aminotransferase-to-platelet ratio index is variable, raising concern that CH-MASLD-Fib’s result reflects a statistical artifact. Second, MASLD epidemiology varies by ethnicity (highest in Hispanic, lower in Black children); a model derived in a mono-ethnic Chinese cohort may misclassify other populations. Third, clinical utility and cost-effectiveness are unproven; dependence on specialized assays (e.g., bile acids, cholinesterase) would limit access and increase cost. We recommend external validation in multi-ethnic cohorts, head-to-head comparisons with simple serum indices and elastography, and formal economic analyses. Until then, clinical judgment anchored in readily available markers and judicious, targeted liver biopsy remains paramount.";;
Machine learning prediction of metabolic dysfunction-associated fatty liver disease risk in American adults using body composition: explainable analysis based on SHapley Additive exPlanations;2025;FRONTIERS IN NUTRITION;10.3389/fnut.2025.1616229;Web of Science;Background Metabolic dysfunction-associated fatty liver disease (MAFLD) is a prevalent and progressive liver disorder closely linked to obesity and metabolic dysregulation. Traditional anthropometric measures such as body mass index (BMI) are limited in their ability to capture fat distribution and associated risk. This study aimed to develop and validate machine learning (ML) models for predicting MAFLD using detailed body composition metrics and to explore the relative contributions of adipose tissue features through explainable ML techniques.Methods Data from the 2017-2018 National Health and Nutrition Examination Survey (NHANES) were used to construct predictive models based on anthropometric, demographic, lifestyle, and clinical variables. Six ML algorithms were implemented: decision tree (DT), support vector machine (SVM), generalized linear model (GLM), gradient boosting machine (GBM), random forest (RF), and XGBoost. The Boruta algorithm was used for feature selection, and model performance was evaluated using cross-validation and a validation set. SHapley Additive exPlanations (SHAP) were employed to interpret feature contributions.Results Among the six models, the GBM algorithm exhibited the best performance, achieving area under the receiver operating characteristic curve (AUC) values of 0.875 (training) and 0.879 (validation), with minimal fluctuations in sensitivity and specificity. SHAP analysis identified visceral adipose tissue (VAT), BMI, and subcutaneous adipose tissue (SAT) as the most influential predictors. VAT had the highest SHAP value, underscoring its central role in MAFLD pathogenesis.Conclusion This study demonstrates the effectiveness of integrating body composition features with machine learning techniques for MAFLD risk prediction. The GBM model offers robust predictive accuracy and interpretability, with potential applications in clinical decision-making and public health screening strategies. SHAP analysis provides meaningful insights into the relative importance of adiposity measures, reinforcing the value of fat distribution metrics beyond conventional obesity indices.;;
Machine learning predictive model to identify metabolic status in Mexican children, using homeostasis model assessment insulin resistance and amylase enzymatic activity;2025;Gaceta medica de Mexico;10.24875/gmm.24000401;Embase;Background: Childhood obesity is a global health problem, as it is a risk factor for developing diseases such as metabolic syndrome and diabetes. At present, identifying these already established diseases is relatively easy for health professionals with the support of laboratory studies. The global trend in health involves acting before the disease is established. Objectives: The objective of this study is to identify whether total amylase activity is useful to predict which patients will develop metabolic syndrome or diabetes. Material and methods: Using a database with 101 Mexican patients, considering the value of the homeostasis model assessment insulin resistance as a diagnostic variable in three groups < 2 normal, between 2 and 5 with metabolic risk and > 5 as diabetes, as well as the value of the amylase enzymatic activity. Random forest (RF) was used as a machine learning method. Results: The RF model obtained the following results: area under the curve 0.7075, specificity 0.7619, sensitivity 0.7142, and accuracy 0.7500. Conclusions: It is concluded that with these variables and RF, it is feasible to have a prediction model that contributes to identifying this type of patients in the prepathogenic period.;;
Machine learning vs. traditional logistic regression: predictive performance and risk factor identification for child nutritional outcome in Pakistan;2025;BMC public health;10.1186/s12889-025-25621-9;Embase + Web of Science;Logistic regression (LR) has long been the standard econometric tool for modeling child nutritional outcomes in public health research. However, conventional econometric LR (CE-LR) faces limitations in predictive accuracy, reliance on restrictive assumptions, and handling high-dimensional data. Machine learning-enhanced LR (ML-LR)-which relaxes the strict statistical assumptions of traditional models to better capture complex patterns-combined with Shapley Additive Explanations (SHAP), offers a promising alternative, improving both prediction and interpretability of risk factors. This study presents the first Pakistan-specific application and comparison of ML-LR (with SHAP analysis) against CE-LR, introducing a novel hybrid framework that combines predictive power with interpretability for policy-relevant insights using nationally representative data from Pakistan's 2017-2018 Demographic and Health Survey (n = 4,098 children under five). Results indicate persistent malnutrition rates: stunting (38.13%), underweight (23.04%), and wasting (8.05%). The ML-LR model identified all 13 hypothesized risk factors as significant, while CE-LR detected only six. Crucially, ML-LR captured key predictors missed by CE-LR, such as maternal BMI, employment, and dietary diversity. The SHAP analysis further revealed nuanced relationships: child age, low maternal BMI, unemployment, and unimproved water increased malnutrition risk, while higher birth order, adequate dietary diversity (if children were given ≥ 5 food items), maternal education, and male gender had protective effects. Crucially, ML-LR + SHAP uncovered context-dependent relationships invisible to CE-LR. For example, dietary diversity operated bidirectionally-low diversity was a risk factor, while adequate diversity was protective-a distinction CE-LR failed to capture. These findings demonstrate ML-LR's superior ability to model complex, heterogeneous determinants of child malnutrition. The study advocates for integrating ML techniques with explainable AI (e.g., SHAP) in econometric analyses to enhance policy-relevant insights in public health.;;
Markers of body fat, the mediating role of alanine aminotransferase, and their association with the risk of metabolic dysfunction-associated steatotic liver disease;2025;European Journal of Pediatrics;10.1007/s00431-025-06332-0;Embase + Web of Science;"Metabolic dysfunction-associated steatotic liver disease (MASLD) in children with obesity correlates with metabolic dysfunction, yet interactions between anthropometrics, liver enzymes, and risk of MASLD remain unclear. This study included 219 children with obesity (79 with MASLD, 140 without MASLD). Demographic, anthropometric, body composition, and biochemical parameters were analyzed. Multivariable logistic regression, stratified analysis, machine learning (Random Forest, LASSO regression), mediation models, and a nomogram were applied. The results showed that children with MASLD demonstrated elevated adiposity markers (weight, 59.8 vs. 45.5 kg; body mass index [BMI], 28.03 vs. 24.56 kg/m2; waist circumference [WC], 82.64 vs. 69.30 cm; waist-to-height ratio [WHtR], 0.54 vs. 0.49), body composition (body fat mass [BFM], 26.06 vs. 18.13 kg; visceral fat area [VFA], 123.89 vs. 85.06 cm2), and liver enzymes (alanine aminotransferase [ALT], 40.00 vs. 19.00 U/L; aspartate aminotransferase [AST], 32.00 vs. 26.00 U/L). Multivariable models and machine learning identified weight, WC, BFM, and ALT as top features (AUC = 0.861). ALT mediated 32.9–38.3% of adiposity-MASLD associations, with persistent direct effects. Adiposity-MASLD links were stronger in males and children with obesity duration > 3 years. Conclusion: Weight, WC, BFM, and ALT synergistically drive MASLD risk (AUC = 0.861), with ALT mediating 32.9–38.3% of adiposity-MASLD associations while direct effects persist. The validated nomogram enables personalized risk stratification, supporting early ALT monitoring and adiposity control in high-risk children with obesity duration > 3 years.";;
Multilevel small-area childhood stunting risk estimation: Insights from spatial ensemble learning, agro-ecological and environmentally remotely sensed indicators;2025;ENVIRONMENTAL AND SUSTAINABILITY INDICATORS;10.1016/j.indic.2025.100822;Web of Science;Small area childhood stunting risk estimations remain a critical tool for shaping the surveillance policies of such a public health concern. With classical statistical methods, stunting risk metrics are mainly reported at a national level, which inhibits fine-scale insights at a more localized level. To this end, we implemented a novel multilevel small area estimation (SAE) approach for effectively explore the scale effect and non-stationarity of crosssectional stunting prevalence data, by measuring their nonlinear interactions through the lens of satellite-derived indicators, environmental and agroecological factors using a predictive spatial ensemble learning and explainable artificial intelligence framework in the northern province of Rwanda. We found a wide spatial variability with 27.1 % prevalence in childhood stunting with considerable heterogeneity across regions. Random forest consistently outperformed other base learners, including spatial ensemble learning, with an average F1 score and Matthews Correlation Coefficient of 0.8 and 0.65, respectively. Compared to the observed stunting prevalence, the model respectively resulted in 28.2 %, 30.7 %, 28.2 % and 30.2 % stunting risk at 1 km2 and 5 km2 grid resolutions, village and sector levels evidencing its performance to handle the effect of spatial scale, except the spatial ensemble learning high discriminability between stunting and non-stunting risk probabilities. Our study underscores the influence of livestock intensification and enhanced soil fertility, suggesting the adoption of an integrated farming framework combining the increase of livestock diversity and homestead crops and adapting to climate shocks to improve child health. Our results highlight the need to consider a multilevel framework when planning localized childhood stunting interventions to address persistent stunting risk disparities in the region.;;
Navigating next-gen nutrition care using artificial intelligence-assisted dietary assessment tools-a scoping review of potential applications;2025;FRONTIERS IN NUTRITION;10.3389/fnut.2025.1518466;Web of Science;"Introduction Recent developments in Artificial Intelligence (AI) and Machine Learning (ML) technologies have opened new avenues for their applications in dietary assessments. Conventional dietary assessment methods are time-consuming, labor-driven, and have high recall bias. AI-assisted tools can be user-friendly and provide accurate dietary data. Hence, this review aimed to explore the applications of AI-assisted dietary assessment tools in real-world settings that could potentially enhance Next-Gen nutrition care delivery.Materials and methods A total of 17,613 original, full-text articles using keywords such as ""artificial intelligence OR food image analysis OR wearable devices AND dietary OR nutritional assessment,"" published in English between January 2014 and September 2024 were extracted from Scopus, Web of Science, and PubMed databases. All studies exploring applications of AI-assisted dietary assessment tools with human participation were included; While methodological/developmental research and studies without human participants were excluded as this review specifically aimed to explore their applications in real-world scenarios for clinical purposes. In the final phase of screening, 66 articles were reviewed that matched our inclusion criteria and the review followed PRISMA-ScR reporting guidelines.Results We observed that existing AI-assisted dietary assessment tools are integrated with mobile/web-based applications to provide a user-friendly interface. These tools can broadly be categorized as ""Image-based"" and ""Motion sensor-based."" Image-based tools allow food recognition, classification, food volume/weight, and nutrient estimation whereas, Motion sensor-based tools help capture eating occasions through wrist movement, eating sounds, jaw motion & swallowing. These functionalities capture the dietary data regarding the type of food or beverage consumed, calorie intake, portion sizes, frequency of eating, and shared eating occasions as real-time data making it more accurate as against conventional dietary assessment methods. Dietary assessment tools integrated with AI and ML could estimate real-time energy and macronutrient intake in patients with chronic conditions such as obesity, diabetes, and dementia. Additionally, these tools are non-laborious, time-efficient, user-friendly, and provide fairly accurate data free from recall/reporting bias enabling clinicians to offer personalized nutrition.Conclusion Therefore, integrating AI-based dietary assessment tools will help improve the quality of nutrition care and navigate next-gen nutrition care practices. More studies are required further to evaluate the efficacy and accuracy of these tools.";;
Neonatal and Birth Risk Factors for Type 1 Diabetes Mellitus: Prediction Using an Artificial Neural Network;2025;LIFE-BASEL;10.3390/life15121800;Web of Science;Type 1 Diabetes Mellitus (T1D) can be related to various factors, including neonatal and perinatal conditions. This study investigated the impact of neonatal and perinatal factors-Apgar score, birth weight, feeding type, sex, and delivery type-on the risk of Type 1 Diabetes Mellitus and evaluated predictive models. A cohort of 327 patients was analyzed using correlations, General Linear Model, and artificial neural network. T1D patients showed higher birth weight, lower Apgar score, a predominance of formula feeding, and more cesarean deliveries. Diabetes risk showed a moderate positive correlation with birth weight class and nutrition type (p < 0.05) and a weak negative correlation with Apgar score (p < 0.05), while birth weight, birth weight class, and nutrition type were all weakly positively correlated with each other and with delivery type (p < 0.05). General linear model identified nutrition type, birth weight, and Apgar score as key predictors, with significant interactions among them (R2 = 0.88). Artificial neural network achieved high accuracy (84.2%), AUC (0.95), sensitivity (89.1%), and specificity (76.7%). ANN successfully modeled the complex non-linear interactions among early-life factors, allowing it to discriminate between high-risk and low-risk cases, as evidenced by the low prediction errors (RMSE 0.31 and MAE 0.09) and strong agreement (Kappa 0.81). The models' strong internal predictive performance points to potential applications in early T1D diagnosis and personalized management, although confirmation in larger and independent datasets is needed.;;
Obesity as a Multifactorial Chronic Disease: Molecular Mechanisms, Systemic Impact, and Emerging Digital Interventions;2025;Current Issues in Molecular Biology;10.3390/cimb47100787;Embase + Web of Science;Obesity is a multifactorial chronic disease resulting from complex genetic, molecular, environmental, and behavioral interactions. Its prevalence rises worldwide, affecting cardiovascular, metabolic, oncological, hepatic, respiratory, and skeletal health. Beyond caloric excess, genetic predisposition, epigenetic modifications, gut microbiota dysbiosis, endocrine-disrupting agents, circadian misalignment, and intergenerational and prenatal influences are critical determinants of obesity risk. Core pathophysiological mechanisms include insulin resistance, dyslipidemia, chronic low-grade inflammation, and neuroendocrine dysregulation of appetite and energy balance. These processes are linked to comorbidities such as type 2 diabetes, hypertension, atherosclerosis, fatty liver disease, sleep apnea, osteoporosis, and cancer. Advances in molecular profiling, metabolic phenotyping, and body composition analysis are refining obesity classification and enabling precise risk stratification. Current therapeutic strategies include behavioral interventions addressing stress-related mechanisms, pharmacological therapies such as GLP-1 receptor agonists, emerging gene therapy approaches, and bariatric surgery. Gut-derived hormones (leptin, ghrelin, GLP-1, PYY, CCK) are recognized as pivotal regulators of appetite and weight. Preventive strategies increasingly emphasize circadian alignment, while epigenetic inheritance and prenatal exposures such as maternal obesity or smoking highlight early-life programming in future metabolic health. Additionally, artificial intelligence-based platforms and personalized nutrition provide innovative opportunities for individualized prevention and management. This review synthesizes contemporary evidence on the biological basis, systemic consequences, preventive strategies, and evolving therapeutic modalities of obesity, affirming its recognition as a complex chronic disease requiring personalized, multidisciplinary care.;;
Obesity metabolomics signature in children: associations with metabolic abnormalities and potential biomarkers;2025;Frontiers in Endocrinology;10.3389/fendo.2025.1671613;Embase + Web of Science;Background: The global rise in childhood obesity has heightened its recognition as a major public health concern, with obesity being an independent risk factor for metabolic abnormalities. However, the metabolomics mechanisms linking pediatric obesity to metabolic abnormalities remain unclear. Methods: This case-control study utilized data from a 2023 cross-sectional survey of children aged 9–18 years in Guangzhou, China. A total of 246 participants were included, with 123 obese and 123 normal-weight participants matched for age and sex. Serum metabolomics profiling was performed via LC-MS. A dual machine learning approach combining penalized multivariable Least Absolute Shrinkage and Selection Operator (LASSO) regression and random forest with recursive feature elimination (RF-RFE) was employed to identify robust obesity-associated serum metabolites independent of metabolic abnormalities and logistic regression was employed to construct the obesity metabolomics signature (OB-MS) model. Multivariable logistic regression was used to assess the associations between the OB-MS and metabolic abnormalities and their components, including hyperglycemia, hypertension, hypertriglyceridemia, and reduced HDL-C. Results: Among 934 detected metabolites, 10 core metabolites were selected to construct the OB-MS, which showed high discriminative power, with an ROC-AUC of 0.986 in the testing set. Elevated OB-MS scores were significantly associated with increased risks of metabolic abnormalities, particularly hypertension and hypertriglyceridemia. Additionally, six key metabolites, including oxidative stress markers and dipeptides, were independently associated with metabolic abnormalities. Conclusions: This study established a pediatric obesity-specific metabolomics signature (OB-MS), implicating oxidative stress, protein catabolism, and glucocorticoid metabolism in obesity-related metabolic abnormalities. These finding illustrate the metabolic mechanisms underlying the relationship between childhood obesity and metabolic abnormalities and provide new scientific support for early and precise prevention of metabolic abnormalities in children. Further longitudinal studies and experimental validation are warranted to elucidate its biological mechanisms and clinical utility.;;
Plasma inflammatory proteome profiles identify MASLD among children with overweight or obesity;2025;Cardiovascular Diabetology;10.1186/s12933-025-03011-0;Embase + Web of Science;"Background & aims: Pediatric metabolic dysfunction–associated steatotic liver disease (MASLD) is increasingly prevalent among children with overweight or obesity, yet its early diagnosis remains a major clinical challenge. This study aimed to identify circulating inflammatory proteins associated with MASLD and to develop a proteomic risk score (ProScore) to improve diagnostic accuracy. Methods: In this cross-sectional study of 161 children (median age 8.5 years) with overweight or obesity, MASLD was assessed by vibration-controlled transient elastography, with 42 cases identified. Plasma concentrations of 92 inflammation-related proteins were quantified using a high-throughput proximity extension assay. The ProScore was compared with eleven conventional anthropometric/metabolic indices (WHtR, METS-IR, SPISE, PNFI, VAI, LAP, TyG, TyG-ALT, TyG-WC, TyG-WHtR, and TyG-BMI) and a genetic risk score (GRS). Six machine learning algorithms were employed and diagnostic performance was assessed using area under the curve (AUC) with fivefold cross-validation. Results: Fifteen proteins were significantly associated with MASLD. A six-protein panel (FGF-21, CDCP1, CD244, OPG, Flt3L, MCP-1) achieved the highest diagnostic accuracy (AUC = 0.84), exceeding that of all conventional indices (AUC = 0.65–0.78; all P < 0.05). ProScore performance remained robust in school-based validation (AUC = 0.83), with no substantial improvement when combined with conventional indices. Diagnostic accuracy was higher in children with lower GRS (AUC = 0.92) than in those with higher GRS (AUC = 0.80; P = 0.003). Conclusions: A proteomic signature of systemic inflammation provides accurate, non-invasive identification of MASLD in at-risk children, outperforming conventional metabolic and genetic tools, and may have utility in clinical and public health settings.";;
Predicting incident cardio-metabolic disease among persons with and without depressive and anxiety disorders: a machine learning approach;2025;SOCIAL PSYCHIATRY AND PSYCHIATRIC EPIDEMIOLOGY;10.1007/s00127-025-02857-9;Web of Science;"PurposeThere is a global increase of cardiovascular disease and diabetes (Cardio-Metabolic diseases: CMD). Suffering from depression or anxiety disorders increases the probability of developing CMD. In this study we tested a wide array of predictors for the onset of CMD with Machine Learning (ML), evaluating whether adding detailed psychiatric or biological variables increases predictive performance.MethodsWe analysed data from the Netherlands Study of Depression and Anxiety, a longitudinal cohort study (N = 2071), using 368 predictors covering 4 domains (demographic, lifestyle & somatic, psychiatric, and biological markers). CMD onset (24% incidence) over a 9-year follow-up was defined using self-reported stroke, heart disease, diabetes with high fasting glucose levels and (antithrombotic, cardiovascular, or diabetes) medication use (ATC codes C01DA, C01-C05A-B, C07-C09A-B, C01DB, B01, A10A-X). Using different ML methods (Logistic regression, Support vector machine, Random forest, and XGBoost) we tested the predictive performance of single domains and domain combinations.ResultsThe classifiers performed similarly, therefore the simplest classifier (Logistic regression) was selected. The Area Under the Receiver Operator Characteristic Curve (AUC-ROC) achieved by singe domains ranged from 0.569 to 0.649. The combination of demographics, lifestyle & somatic indicators and psychiatric variables performed best (AUC-ROC = 0.669), but did not significantly outperform demographics. Age and hypertension contributed most to prediction; detailed psychiatric variables added relatively little.ConclusionIn this longitudinal study, ML classifiers were not able to accurately predict 9-year CMD onset in a sample enriched of subjects with psychopathology. Detailed psychiatric/biological information did not substantially increase predictive performance.";;
Predicting severe renal dysfunction in alcohol-associated cirrhosis: Comparative performance of liver function scores and machine learning models;2025;PLOS ONE;10.1371/journal.pone.0332840;Web of Science;"Background Renal dysfunction is a frequent and clinically relevant complication of cirrhosis, yet chronic kidney disease (CKD) often remains underrecognized, particularly in non-acute settings. Early identification of at-risk patients is essential to guide timely interventions. Although MELD, Child-Pugh Score (CPS), APRI, and FIB-4 are widely used to assess hepatic disease severity, their predictive value for advanced renal dysfunction is uncertain. Methods In this retrospective cohort study (2014-2021, Klinikum Stuttgart), we evaluated the ability of MELD, CPS, APRI, and FIB-4 to predict severe renal dysfunction (chronic kidney disease [CKD] stage >= 3, according to Kidney Disease: Improving Global Outcomes [KDIGO] classification) in patients with alcoholic cirrhosis. Logistic and linear regression analyses were performed. In addition, machine learning (ML) models were trained to identify non-renal predictors of CKD stage >= 3. Results Among 131 patients (mean age 62.8 +/- 11.3 years; 71% male), 33% met criteria for KDIGO stage >= 3. MELD was significantly associated with advanced CKD (OR = 1.379, p < 0.001), with prevalence increasing from 17% (MELD <= 9) to 80% (MELD >= 20). CPS showed an inverse association (p = 0.002), while APRI and FIB-4 were not predictive. The optimized Random Forest model, refined through ROSE oversampling and feature selection, achieved an AUC of 0.757, with 76% accuracy, 82% sensitivity (KDIGO < 3), and 63% specificity (KDIGO >= 3). Conclusion MELD was the most reliable conventional score for identifying advanced renal dysfunction in alcoholic cirrhosis. ML-based models incorporating routinely available clinical parameters further improved predictive performance and may support risk stratification in this high-risk population.";;
Predicting stunting status among under five children in ethiopia using ensemblemachine learning algorithms;2025;Scientific reports;10.1038/s41598-025-03206-1;Embase + Web of Science;Childhood stunting is a persistent public health challenge in Ethiopia, significantly impacting children's physical growth, cognitive development, and overall well-being. This study overcame a key limitation in previous stunting prediction models by developing a multi-class classification model that predicts stunting severity (severe, moderate, normal) using Ethiopia's nationally representative EDHS data from 2011 to 2016. Secondary data from the 2011 and 2016 Ethiopian Demographic and Health Surveys (EDHS) were analyzed, comprising 18,451 instances with 28 features. Data preprocessing included handling missing values, duplicate removal, feature selection, and synthetic minority over-sampling technique (SMOTE) for class balancing, resulting in 33,495 instances with 18 selected features. Four ensemble machine learning algorithms Random Forest, AdaBoost, XGBoost, and CatBoost were implemented and evaluated based on accuracy, precision, recall, F1-score, and ROC-AUC. Among the models, Random Forest achieved the highest performance with an accuracy of 97.985%, precision of 97.986%, recall of 97.985%, F1-score of 97.954%, and ROC-AUC of 99.995%. The top risk factors contributing to stunting included child's age, maternal education level, birth order, household wealth index, mother's BMI, breastfeeding duration, and access to clean water and sanitation. This study demonstrates the effectiveness of machine learning in accurately predicting childhood stunting in Ethiopia. The findings provide critical insights for healthcare professionals and policymakers to implement targeted intervention strategies, ultimately reducing childhood stunting prevalence.;;
Prediction Model for Insulin Resistance and Implications for MASLD in Youth: A Novel Marker, the Pediatric Insulin Resistance Assessment Score;2025;YONSEI MEDICAL JOURNAL;10.3349/ymj.2024.0442;Web of Science;Purpose: Insulin resistance (IR) is a condition closely associated with cardiovascular risk factors and metabolic dysfunction-associated steatotic liver disease (MASLD) is emerging as a significant IR-related complication. We aimed to develop a predictive model for IR in youths and implicate this model for MASLD. Materials and Methods: A total of 1588 youths from the population-based data were included in the training set. For the test sets, 121 participants were included for IR and 50 for MASLD from real-world clinic data. Logistic regression analysis, random forest, extreme gradient boosting (XGBoost), light gradient boosting machine (GBM), and deep neural network (DNN) were used to develop the models. A nomogram scoring system was constructed based on a model used to predict the probability of IR and MASLD. Results: After stepwise selection, age, body mass index (BMI) standard deviation score (SDS), waist circumference (WC), systolic blood pressure, HbA1c, high-density lipoprotein cholesterol, triglyceride, and alanine aminotransferase levels were included in the model. A nomogram scoring system was constructed based on a multivariable logistic regression model. The areas under the curves (AUCs) of the models for IR prediction in external validation were 0.75 (logistic regression), 0.78 (random forest), 0.72 (XGBoost), 0.71 (light GBM), and 0.71 (DNN). For MASLD prediction, the AUCs were 0.93 (logistic regression), 0.95 (random forest), 0.90 (XGBoost), 0.91 (light GBM), and 0.85 (DNN). BMI SDS and WC SDS were the most important contributors to IR prediction in all models. Conclusion: The Pediatric Insulin Resistance Assessment Score is a novel scoring system for predicting IR and MASLD in youths.;;
Prediction models for stunting at 2-years-old from Indonesian newborn population;2025;BMC Pediatrics;10.1186/s12887-025-06096-4;Embase + Web of Science;Background: Stunting in children is a health problem, especially in developing countries, such as Indonesia. The lack of information-based early preventive measures resulted in an insignificant reduction in stunting. This study aimed to develop a prediction model for stunting at 2-years old in an Indonesian newborn population. Method: Various machine learning algorithms as the core of artificial intelligence technology, under the Cross-Industry Standard Process for Data Mining (CRISP-DM) conceptual framework, were used to build a prediction model using data of 5093 children with 23 predictor variables from the Indonesian Family Life Survey (IFLS) open database. Model prediction performance was evaluated using F1 scores, area under the receiver operating characteristic curve (AUC), sensitivity, and accuracy. Confusion matrices were used to calculate the positive and negative predictive values and evaluate the implications of the final prediction model in public health and clinical practice. Explanatory-risk factor model was developed using multivariable logistic regression. Result: The best model to predict stunting statistically, which contains the six best predictor variables, is k-nearest neighbor (kNN) with an F1 value of 84.5%, compared to random forest, neural network, decision tree, and naïve Bayes with F1 values of 80.5%, 71.2%, 68.7%, and 65.8%, respectively. The positive and negative predicted values for the final model were 80.4% (78.5–82.3% 95% CI) and 86.8% (85.7–87.9% 95% CI), respectively. Factors associated with stunting are birth weight (AOR = 0.79,p-value < 0.01), large infant size (AOR = 0.24,p-value < 0.05), mothers age (AOR = 0.98, p-value < 0.01), mothers height (AOR = 0.91, p-value < 0.01), fathers height (AOR = 0.95, p-value < 0.01), mothers lower education level(AOR = 1.50, p-value < 0.05), birth at health facilities (AOR = 0.83, p-value < 0.05), toilet standard(AOR = 0.86,p-value < 0.05), and waste disposal standard (AOR = 0.79,p-value < 0.01). Conclusions: A machine learning-based stunting prediction model effectively identifies a high-risk newborn population and enables early targeted interventions. Integration of the prediction with a prescriptive approach that considers causal pathways and evidence-based interventions is required for precise and sustainable prevention of stunting.;;
Prediction of antipsychotic associated weight gain in children and adolescents taking second generation antipsychotics: A machine learning approach;2025;JOURNAL OF PSYCHIATRIC RESEARCH;10.1016/j.jpsychires.2025.09.068;Web of Science;Background: Second Generation Antipsychotics (SGA) are associated with serious cardiometabolic side effects in children and adolescents, especially antipsychotic-associated weight gain (AAWG). The objective of this study is to develop a prognostic-based machine learning (ML) algorithm that would dynamically predict the real-time risk of AAWG. Method: This study encompassed children and adolescents who were naive SGA recipients included in the IQVIA Ambulatory EMR- US database between December 2016 and June 2021. The outcome predicted in this study was the relative change between the baseline BMI z-score and the last BMI z-score categorized as severe ( >= 0.5), moderate ( >= 0.25 and < 0.5), and minor (<0.25) AAWG. Four ML models (the Multiclass Logistic Regression (MLR) model, the Classification and Regression Trees (CART) model, the Multiclass Random Forest (MRF) model, and the Extreme Gradient Boosting (Xgboost) model were trained using 1) baseline features identified during 12month period prior to and at SGA initiation and 2) both baseline and time-varying features identified during SGA treatment. Results: A total of 10,997 patients who met the eligibility criteria were identified. The proportions of patients who experienced minor, moderate, and severe weight gain were 64 %, 10 %, and 26 % respectively. Of the 4 models developed, Xgboost and MRF model trained using both baseline and time varying features demonstrated strong performance, achieving an AUC of 87.07 % and 87.06 % respectively. Conclusions: The dynamic and individual-level change of AAWG in children and adolescents can be accurately predicted using ML algorithms. These algorithms can be applied in practice to guide personalized monitoring and timely interventions of AAWG.;;
Prediction of child nutritional status using deep neural networks: A cross-sectional study of Egypt DHS data (2005–2014);2025;Medicine (United States);10.1097/md.0000000000046089;Embase + Web of Science;Child malnutrition, particularly wasting and undernutrition, remains a pressing public health issue in low- and middle-income countries. Timely prediction of nutritional status using accessible demographic and health indicators can support early interventions. This study explores the use of a deep neural network (DNN) model to predict child nutritional status using nationally representative survey data from Egypt. To develop and evaluate the performance of a DNN model for classifying child nutritional status and to compare its performance against traditional machine learning models, including decision tree and Random Forest classifiers. This is a retrospective cross-sectional study based on pooled data from the Egypt Demographic and Health Surveys conducted in 2005, 2008, and 2014. A total of 36, 313 children under the age of 5 with complete anthropometric and demographic data were included. A deep neural network was trained on the Egypt Demographic and Health Surveys dataset using class weighting and synthetic minority oversampling technique to address class imbalance. Performance was assessed using accuracy, precision, recall, harmonic mean of precision and recall (F1-score), and receiver operating characteristic (ROC)–area under the curve (AUC) and compared against decision tree and random forest classifiers. The DNN outperformed all baseline models, achieving an accuracy of 89%, recall of 91%, and an ROC–AUC of 0.95. SHAP analysis revealed that maternal body mass index, child age, birth weight, and household wealth index were the most influential features. The random forest achieved a ROC–AUC of 0.95 but showed lower recall and F1-scores compared to the DNN. The DNN model demonstrated high performance in predicting child nutritional status and shows promise as a public health screening tool. Future work should focus on external validation across different populations and enhanced interpretability for clinical deployment.;;
Prospective Validation Study of a Uterine Fibroid-Related Infertility Prediction Model;2025;clinicaltrials.gov;;Embase;Brief Summary;;
Resolving Early Targets and Metabolomic Profile of Congenital Heart Disease Through Tandem Mass Spectrometry Screening in Neonates;2025;JOURNAL OF THE AMERICAN HEART ASSOCIATION;10.1161/jaha.124.039500;Web of Science;"BACKGROUND: A good prognosis of congenital heart disease (CHD) depends on early diagnosis and intervention. Under the current screening conditions, a significant proportion still go undetected. Metabolomics, as a phenotype-correlated research methodology, remains underused in the study of CHD, which could provide the possibility to screen neonatal CHD efficiently. METHODS: Data for the analysis are from >22 000 neonates captured in the Network Platform for CHD from April 2020 to November 2021 in 11 cities in China. After data matching and quality control, a total of 22 674 neonates were finally included and divided into the CHD group (n=1823), nonsignificant CHD group (n=17 968), and normal group (n=2748). Demographic and clinical characteristics and tandem mass spectrometry-based metabolic data for genetic and metabolic disease screening were gathered and compared for all groups. Machine learning models based on metabolic biomarkers were constructed to screen CHD in neonates. RESULTS: After quality control, 22 539 neonates were ultimately included. Among them, 1823 were diagnosed with CHD, 17 968 were nonsignificant CHD, and 2748 were normal. A total of 46 distinguishing metabolic biomarkers were identified, and we found that the CHD group had significantly lower levels of 17-hydroxyprogesterone (CHD versus nonsignificant CHD, P<0.001, log(2) fold change=-0.16; CHD versus normal, P<0.001, log(2) fold change=-0.15). We constructed CHD and ventricular septal disease screening models based on metabolic biomarkers. The best fitting model achieved an area under the receiver operating characteristic curve of 0.745 (95% CI, 0.696-0.791). CONCLUSIONS: This study reveals the unique metabolic profile of neonates with CHD. The screening model demonstrates considerable potential in early neonatal CHD screening and reflects significant value from a health economics perspective.";;
SHAP-enhanced machine learning identifies modifiable obesity predictors across adolescent weight groups: A 2021 YRBSS analysis;2025;PLOS ONE;10.1371/journal.pone.0334502;Web of Science;Background;;
Social and Environmental Correlates of Childhood Obesity Among Southern California Communities;2025;Obesity;10.1002/oby.70021;Embase + Web of Science;Objective: This study aimed to identify key childhood obesity correlates in Southern California by analyzing individual components from four social determinants of health (SDoH) indices and explore their interactions. Methods: We utilized publicly available data from 330 cities across 10 counties, incorporating childhood obesity rates from the 2019 California Department of Education Physical Fitness Test (684,419 children, 40% Latino). Fifty-two individual SDoH were obtained from the Healthy Places Index, Social Vulnerability Index, CalEnviroScreen, and Child Opportunity Index (2015–2019). Weighted quantile sum regression and an interpretable machine-learning tool were used to identify which individual SDoH were significantly associated with childhood obesity. Results: We identified a SDoH mixture associated with increased percentile of childhood obesity (β [95% CI]: 10.1 [8.1, 12.1]). Fourteen factors significantly contributed, with the top six being school poverty, minority status, asthma emergency room visits, public assistance rates, hazardous waste sites, and lead exposure from housing. We also found positive associations between Latino percentage and key correlates. Cities with high school poverty and low-income housing burdens had higher obesity rates. Conclusions: This analysis moved beyond composite indices to examine specific SDoH observed alongside childhood obesity in Southern California, drawing attention to dimensions related to school, healthcare, social services, and environmental exposures. (Figure presented.).;;
Socioeconomic Risk Factors Associated With Acute Malnutrition Severity Among Under-Five Children Based on a Machine Learning Approach: The Case of Rural Emergency Contexts in Niger and Mali;2025;Maternal and Child Nutrition;10.1111/mcn.70039;Embase + Web of Science;Currently, child acute malnutrition continues to be a serious public health problem, and although its most fatal consequences are well known, its associated factors still need to be studied in more depth in different contexts. The objective of the present study is to determine the association between socioeconomic variables and acute malnutrition severity in rural emergency contexts of Niger and Mali. The present study consists of a secondary analysis of controlled trials. Data related to a total of 1447 treated children (6–59 months of age) were considered, for whom the Variable Selection Using Random Forests (VSURF) algorithm was applied to create interpretation and prediction random forest models (considering 86 variables). In Mali and Niger, the prediction models agree in pointing out aspects related to the water source and the work activity of caregivers as some of the main risk factors for developing severe acute malnutrition. However, the interpretation models highlight important heterogeneity, with the distance to the health center being the greatest exponent of this situation, being the most important factor in Niger while disappearing in Mali. The prediction accuracy in the interpretation model was 68.0% in Niger and 79.80% in Mali, while the prediction model reached similar rates of 63.17% and 75.63%, respectively. Machine learning techniques have proven to be a valid tool to interpret and predict the degree of severity of acute malnutrition based on socioeconomic characteristics, including complex interrelationships. The results obtained point out different aspects to be addressed to prevent and minimize the effects of acute malnutrition.;;
Supervised machine learning for classification and prediction of stunting among under-five Egyptian children;2025;BMC Pediatrics;10.1186/s12887-025-06138-x;Embase + Web of Science;Introduction: Stunting, a significant form of chronic undernutrition, affects millions of children under five worldwide and poses substantial challenges to physical, cognitive, and socioeconomic development—particularly in low- and middle-income countries like Egypt. Aims: This study aims to apply and compare the performance of various supervised machine learning (ML) algorithms to classify and predict stunting among Egyptian children under five years old. It also aims to identify key risk factors that contribute to stunting. Methods: Data from the Egypt Demographic and Health Surveys (DHS) conducted in 2005, 2008, and 2014 were used. After extensive data cleaning and preprocessing—including handling missing values and addressing class imbalance—five ML classifiers (XGBoost, Logistic Regression, Random Forest, Gradient Boosting, and K-Nearest Neighbors) were trained and evaluated using 10-fold stratified cross-validation, performance metrics included accuracy, precision, recall, F1 score, and ROC-AUC. Results: Gradient Boosting and Random Forest achieved the highest predictive performance, with accuracy scores exceeding 90% and ROC-AUC values above 0.96. Logistic Regression also performed robustly, while K-Nearest Neighbors showed relatively lower performance due to sensitivity to noise and high-dimensional data Significant predictors of stunting included the child’s nutritional status, maternal education, birth size, wealth index, and rural residence. Conclusion: The application of supervised machine learning, especially with the Gradient Boosting and Random Forest techniques, showed excellent accuracy in predicting stunting in children under five years of age in Egypt. The results of this study highlight the utility of machine learning in identifying vulnerable groups for targeted public health interventions. Further studies are encouraged to utilize more recent data and focus on multi-level feature selection and hyperparameter optimization to improve prediction precision further.;;
Testing an adapted obesity prevention intervention in under resourced schools: a pilot clustered randomized controlled trial;2025;Scientific reports;10.1038/s41598-025-16754-3;Embase + Web of Science;"The purpose of this pilot study was to test an adapted childhood obesity prevention intervention called Preventing Obesity Using Digital-Assisted Movement and Eating (ProudMe) in under-resourced schools. Six schools were cluster-randomized to ProudMe (n = 33; at three schools) or waitlist control (n = 46; at three schools) conditions. ProudMe aimed to improve participants' health behaviors and weight status through interventions in the school cafeteria (i.e., ProudMe Cafeteria), physical education (PE) (i.e., ProudMe PE), and through artificial-intelligence- (AI-) assisted behavioral counseling (i.e., ProudMe Tech), and staff professional development (i.e., ProudMe PD). Two implementation outcomes including penetration and fidelity were captured through mixed methods. We drew upon the Consolidated Framework for Implementation Research (CFIR) to identify facilitators and barriers underlying implementation. The intervention only resulted in highly positive implementation outcomes in the cafeterias, which subsequently resulted in improved cafeteria scores. Implementation outcomes were less desirable in ProudMe PE with moderate penetration and fidelity. ProudMe PD was well attended but ProudMe Tech was under-utilized. The pilot intervention as a whole did not show significant effects on student-level outcomes (p > 0.05). Multiple facilitators and barriers across CFIR domains emerged as influential factors for the pilot intervention's implementation and preliminary effectiveness. This study generated mixed evidence concerning the ProudMe intervention. The lessons learned inform future intervention refinement.";;
The dynamic linkage between covid-19 and nutrition: a review from a probiotics perspective using machine learning and bibliometric analysis;2025;FRONTIERS IN NUTRITION;10.3389/fnut.2025.1575130;Web of Science;Introduction The pandemic crisis is now a memorable milestone in the history of science, not only for the impacts on the population's health but also for the effort of the medical community to find immediate solutions amid the pandemic so that appropriate therapeutic means can be provided. Diet and nutrition could not fail to be studied in the context of combating the side effects of COVID-19. This study attempts to detect the relationship between dietary patterns and the disease of COVID-19 and emphasizes research on probiotics by mapping the knowledge produced during the pandemic until 2024.Methods In addition to bibliometrics, a machine-learning framework, ASReview, was used to structure the literature search. With this method, 2,309 articles were collected from the PubMed database, with 599 constituting inputs into bibliometric software and further analysis.Results Food choices, dietary patterns, vitamins and their role (vitamin D), obesity, and probiotics were keywords that attracted global research attention. Dietary supplements also constituted a field of study regarding the evolution of the disease and the impact they could have after the first pandemic wave.Discussion Probiotics were considered an adjunct therapeutic intervention not only during the period before the development of vaccines but also alongside other therapeutic solutions. Whether used preventively or during the treatment phase, probiotics were studied to combat COVID-19 due to their potential role in immunomodulation and ability to regulate gut microbiota during respiratory infections.;;
The human milk microbiome varies by environmental factors and is associated with infant growth: findings from the IMiC Consortium;2025;medRxiv;10.1101/2025.09.18.25336021;Embase;Human milk (HM) is a complex ecological matrix that connects mothers and infants to the surrounding environment, and promotes infant growth and health. While certain components of HM are well studied, including its macronutrient content and immune properties, the microbial composition of HM (i.e. the microbiome) is poorly characterized and its impact on infant health phenotypes is largely unknown. We hypothesized that the HM microbiome varies by environmental factors and is associated with differences in growth outcomes among HM-fed infants in settings with elevated rates of undernutrition and growth faltering. We leveraged a large dataset of HM samples (N=451) collected from mothers living in rural Tanzania, rural Burkina Faso, and peri-urban Pakistan around 1 month postpartum as a part of the International Milk Composition (IMiC) Consortium. 16S rRNA bacterial gene sequencing revealed geographic and seasonal signatures of the HM microbiome. Machine learning models identified Corynebacterium as a key feature that predicted infant birth season and growth outcomes in each of the three populations, though individual predictive taxa within the genus differed across the models. This study highlights the evolutionary importance of the HM microbiome as a biological system that embeds local environments and is associated with growth phenotypes critical to infant health and survival.;;
Transfer Learning Prediction of Early Exposures and Genetic Risk Score on Adult Obesity in Two Minority Cohorts;2025;PREVENTION SCIENCE;10.1007/s11121-025-01781-3;Web of Science;Due to ethnic heterogeneity in genetic architecture, genetic risk score (GRS) constructed within the European population generally possesses poor portability in underrepresented non-European populations, but substantial genetic similarity exists across diverse ancestral groups. We here explore the prediction performance of early exposures and GRS on body mass index (BMI) through leveraging genetic similarity knowledge acquired from Europeans into non-Europeans. We present a linear mixed prediction model for BMI in three distinct UK Biobank cohorts under the transfer learning framework, where we consider Asians (n = 7487) and Africans (n = 7533) as target samples and Europeans (n = 280,575) as informative auxiliary samples. Besides environmental and behavior exposures, we incorporate multiple BMI-related variants, by which the GRS is constructed via transfer machine learning techniques informed by genetic similarity shared across target and auxiliary samples. The use of GRS gained more predictive odds for BMI than the model with traditional risk factors alone in the Asian and African cohorts, leading to an approximately 3.6% and 0.7% accuracy improvement in each target population. After borrowing genetic similarity from Europeans via transfer learning, the R2 increased to 0.270 for Asians and 0.302 for Africans, enhanced by 21.1% and 7.5%, respectively, compared to the early exposure-only models. We also provided evidence for the well-known conclusion that GRS constructed in the European population behaved poorly in non-Europeans. Prediction accuracy is greatly elevated in racial minority or underrepresented populations via the transfer learning method by leveraging shared genetic similarity from informative auxiliary populations.;;
Tryptophan derivatives as non-invasive diagnostic indicators for obesity-related MASLD in children and adolescents;2025;Diabetes, Obesity and Metabolism;10.1111/dom.70162;Embase + Web of Science;Aims: Metabolic dysfunction-associated steatotic liver disease (MASLD) represents a major health burden in children and adolescents with obesity. This study aimed to characterize metabolic alterations associated with obesity-related MASLD and to evaluate the potential of tryptophan (TRP)-derived metabolites as non-invasive biomarkers for early diagnosis. Materials and Methods: A total of 30 normal-weight individuals and 80 patients diagnosed with obesity were included in the discovery cohort. Circulating metabolites were quantified and compared among normal-weight individuals, patients with obesity, and those with obesity-related MASLD to identify metabolic changes associated with disease status. In vitro experiments using mouse hepatocytes and liver organoids were conducted to assess the effects of TRP-derived metabolites on intracellular lipid accumulation. Finally, a non-invasive diagnostic model was developed using machine learning techniques and validated in an independent cohort of 112 individuals. Results: Circulating TRP metabolism was markedly elevated in children and adolescents with obesity-related MASLD compared with both normal-weight controls and individuals with simple obesity. TRP-derived metabolites significantly promoted intracellular lipid accumulation in mouse hepatocytes and liver organoids via the induction of oxidative stress. The non-invasive diagnostic model based on TRP-derived metabolites demonstrated robust performance in differentiating obesity-related MASLD from simple obesity in both the discovery and validation cohorts. Discussion: These findings highlight the pivotal role of TRP metabolism in the pathogenesis of MASLD in children and adolescents with obesity. Elevated TRP-derived metabolites may contribute to hepatic lipid accumulation through oxidative stress and serve as promising non-invasive biomarkers for the early diagnosis of obesity-related MASLD. The machine learning–based diagnostic model offers a practical and less invasive alternative to current diagnostic approaches such as liver biopsy.;;
Uncovering age-specific subtypes of pediatric obesity and metabolic syndrome using machine learning algorithms;2025;Scientific reports;10.1038/s41598-025-24524-4;Embase + Web of Science;Identifying new subgroups among children and adolescents with obesity and metabolic syndrome requires advanced clustering techniques capable of analyzing complex multidimensional data. This study aimed to employ machine learning methods to enhance the classification of obesity and metabolic syndrome subgroups in youth, facilitating early detection and targeted intervention strategies. Data were derived from three nationwide, multicenter, school-based CASPIAN studies conducted in Iran during 2003-2004, 2009-2010, and 2015. After excluding metabolically healthy non-obese participants, the final sample included 382, 787, and 594 individuals aged 7-10, 11-14, and 15-18 years, respectively. Metabolic syndrome (MetS) status was defined according to Adult Treatment Panel III criteria. Unsupervised machine learning, specifically Gaussian Mixture Models (GMM), was applied to the top five principal components in each age group. The Davies-Bouldin index determined the optimal number of clusters. Clinical features associated with metabolism and obesity were analyzed within each cluster. In the 7-10 years group, six distinct clusters were identified based on key metabolic and anthropometric variables. The 11-14 years group yielded seven clusters, each with unique metabolic and anthropometric characteristics. For adolescents aged 15-18, six clusters reflected a more pronounced interaction between anthropometric measures and metabolic risk factors, consistent with physiological maturation. Stability tests showed mean clustering accuracies of 76.3%, 65.5%, and 52% for the three age groups, respectively. Predictability tests demonstrated an average accuracy exceeding 87% across all groups, indicating the robustness and reliability of the clustering approach. This study demonstrated that machine learning can uncover hidden metabolic and anthropometric heterogeneity in pediatric obesity, providing a methodological framework for identifying meaningful subgroups for targeted interventions.;;
Understanding the intergenerational impact of obesity in Portugal: data from COSI to support BETTER4U - an innovative European project;2025;Obesity Facts;10.1159/000545547;Embase;"Introduction: Both childhood and adult obesity have been rising worldwide, as a global health challenge, with parental obesity identified as a key determinant of childhood obesity through genetic predisposition and shared obesogenic environments. This intergenerational link underscores the potential of interventions targeting adult obesity to disrupt the family cycle of obesity, such as the BETTER4U project (2023-2027), a personalized lifestyle intervention that aims to reduce obesity prevalence in adults, using artificial intelligence and evidence-based strategies. In this context, the WHO Childhood Obesity Surveillance Initiative (COSI) provides critical data on the nutritional status of children across Europe, including valuable insights into parental factors. These data form a vital foundation for interventions like BETTER4U, guiding their design and focus. Methods: COSI systematically collects comparable data every 2-3 years on the nutritional status of children aged 6 to 9 years across Europe. This data includes anthropometric measurements of children (weight and height), which are classified using the WHO Growth Reference Charts (5-19 years). Additionally, information on family and parental characteristics is gathered through self-reported data, including parental nutritional status (calculated BMI, classified according to the WHO reference) and socioeconomic factors. For this analysis, a cross-sectional observational study was carried out based on data from the 6th round of COSI (2021/2022) in Portugal to explore the association between parental and childhood obesity. The aim was to support the potential of the BETTER4U project, which involves 7 countries, including Portugal, to address obesity not only at the individual level but also within families by disrupting intergenerational patterns of obesity. Results: The sample included 4215 children and their parents. The prevalence of obesity was 12.9% among children and 13.7% among parents. A binary logistic regression was performed, considering a significance level of p<0.05. After adjusting for potential confounding factors, including sex and age of both children and parents, parental education level, and perceived family wealth, parental obesity was found to be significantly associated with childhood obesity. Children with parents with obesity were 2.65 times more likely to have obesity than children of parents without obesity (adjusted Odds Ratio [aOR]: 2.65; 95% Confidence Interval [CI]: 2.133-3.292; p<0.001). Conclusion: Parental obesity is a critical determinant of childhood obesity, underlining the importance of targeting parental factors in health interventions. By focusing on adult obesity, the BETTER4U project has the potential to not only reduce obesity prevalence in adults but also create positive effects within families.";;
Urban-rural inequality in soil heavy metal health risks: Insights from Baoding, China;2025;ECOTOXICOLOGY AND ENVIRONMENTAL SAFETY;10.1016/j.ecoenv.2025.118458;Web of Science;Soil heavy metal contamination poses serious health risks, but few studies have quantitatively assessed disparities in these risks between urban and rural populations. To address this gap, we introduce a novel framework integrating machine learning and spatially explicit risk models to assess individual- and population-level health risks from soil heavy metals in Baoding City, China. We used random forest models to predict high-resolution soil metal concentration maps, Positive Matrix Factorization for source apportionment, and spatial exposure models to estimate human health risks under multiple exposure pathways. This is the first study to combine highresolution machine learning mapping, source apportionment, and multi-scale risk assessment in an urban-rural context. Key findings reveal risk contrasts: urban soils exhibited a 51 % higher ecological risk index than rural soils, reflecting concentrated pollution hotspots. However, individual-level risk assessments indicate that rural residents face 3 higher health hazards than urban residents. By contrast, aggregated non-carcinogenic and carcinogenic population risks were 1.8 and 1.7 times higher in urban areas. These contrasting results reveal an overlooked rural vulnerability at the individual scale versus greater aggregate risk in urban populations. Combining machine learning with spatially explicit risk modeling, our study quantifies previously undetected urban-rural health risk inequalities from soil contamination. This integrated approach advances scientific understanding of how urbanization shapes spatial health risk patterns and provides actionable insights for targeted environmental management to protect vulnerable communities, inform mitigation strategies, and identify priority intervention areas.;;
Use of digital tools in nutritional management in pediatrics and adolescent medicine;2025;MUNDO DA SAUDE;10.15343/0104-7809.202549e17602025i;Web of Science;The advancement of digital technologies has transformed the healthcare field, offering new possibilities for behavioral interventions and health promotion. In nutrition, these tools have been applied to support dietary management among children and adolescents, with the potential to personalize care and enhance engagement. The aim of this study was to analyze the use of digital tools as part of nutritional care for children and adolescents. A narrative literature review was conducted through searches in the MEDLINE/PubMed, Scielo, and Bireme databases, including studies published in the past ten years in Portuguese, English, and Spanish. Systematic reviews, meta-analyses, and full studies on child and adolescent nutrition associated with digital technologies were included. Of the 170 articles retrieved, 17 were selected. The use of mobile applications, digital games, telehealth platforms, and exergames was identified in the prevention and treatment of childhood obesity, promotion of breastfeeding, diet therapy for specific clinical conditions, and nutrition education. Evidence indicates that these tools have the potential to personalize interventions, monitor dietary intake and physical activity, and support clinical decision-making. Despite their promise, challenges remain, including digital access inequality, the need for scientific validation, child and family adherence, data privacy and security, and ethical limitations in the use of Artificial Intelligence in pediatric populations. Digital technologies show promising potential for nutritional support in children and adolescents, with the ability to enhance intervention effectiveness. However, further studies are needed to assess long-term impacts, ensure ethical safety, and strengthen the integration of these solutions into clinical practice.;;
Using Artificial Intelligence and Computer Vision to Detect and Monitor Unhealthy Child-Directed Food and Beverage Marketing;2025;Current Developments in Nutrition;10.1016/j.cdnut.2025.106349;Embase;Objectives: Childhood obesity and diet-related diseases are urgent global public health challenges, driven in part by children’s continued exposure to persuasive marketing of unhealthy foods. Manual evaluation of child-targeted food marketing is resource-intensive. This study leverage AI to identify child-targeted food products, classify marketing elements on food packaging, and explores the practical application of AI within a specific food category to assess the potential impact of proposed Canadian marketing-to-children regulations. Methods: Image classification algorithms were trained on 8,283 manually labeled food package images, validated using a child-appealing packaging coding tool. Three machine learning algorithms (i.e., kNN, SVM, and CNN) were used to classify food package images targeted at children. YOLOv10 object detection were used and fine-tuned to identify specific child-targeted marketing features. Model performance was evaluated using accuracy, F1 score, AUC, and confusion matrix. The AI approach was applied to breakfast cereals to assess compliance with proposed Canadian regulations and relationship with nutrition quality and price. Results: A total of 22 child-directed marketing techniques featured were identified and annotated. The CNN model outperformed kNN and SVM, achieved 0.92 accuracy and 0.98 AUC in identifying child-targeted marketing on food packaging. YOLOv10 object detection model showed varied performance across child-directed marketing features. Among breakfast cereals, 35.1% were identified to display child-directed marketing features that would be restricted under Canadian proposed marketing-to-children regulations. Products with child-directed marketing features tended to be less expensive, though not significant (p=0.072). Conclusions: This study introduces an AI-driven strategy for identifying and categorizing child-directed marketing on food packaging, with potential extensions to social media and online video content for broader applications. These scalable methods support efficient monitoring of compliance with marketing-to-children policies and provide evidence-based insights to reduce children’s exposure to unhealthy food marketing to improve health outcomes. Funding Sources: This work was funded by the Data Sciences Institute Catalyst Grants and the CIHR project grants.;;
Using Machine Learning to Identify Predictors of Heterogeneous Intervention Effects in Childhood Obesity Prevention;2025;DATA;10.3390/data10120196;Web of Science;Obesity prevention interventions in children often produce small or null effects. However, ignoring heterogeneous responses may widen pre-existing inequalities. This secondary analysis explored baseline predictors of differential effects on BMI z-score, Fat mass (%), stress, and sleep outcomes in obesity-susceptible, healthy-weight children (n = 543). A modified LASSO regression was applied to baseline characteristics, including physical activity and socio-demographics. Few predictors were retained. For BMI z-score, weekly chores and parental divorce were the strongest predictors: children who did chores had a slightly larger increase in BMI z-score in the intervention group compared with controls (MD = 0.15, 95% CI: -0.03, 0.33), while children with divorced parents showed a smaller increase (MD = -0.19, 95% CI: -0.69, 0.31). These results align with evidence that low-intensity activity has limited impact on obesity outcomes and that children with compounded vulnerability may respond differently to tailored interventions. Even when overall effects are small, machine learning approaches can identify potential predictors of heterogeneous intervention effects, supporting the design of future targeted interventions aimed at reducing inequalities.;;
Using artificial intelligence and computer vision to detect and monitor unhealthy child-directed food and beverage marketing: a data-driven study;2025;eClinicalMedicine;10.1016/j.eclinm.2025.103549;Embase + Web of Science;Background: Childhood obesity and diet-related noncommunicable diseases are urgent global public health challenges, driven in part by children's continued exposure to persuasive marketing of unhealthy foods and beverages. Traditional methods that manually evaluate child-targeted food marketing practices are resource-intensive and inefficient. This study aims to address these limitations by leveraging artificial intelligence (AI), specifically computer vision and deep learning, to identify child-targeted food products and classify marketing elements on food packaging using a comprehensive database labeled with child-directed marketing features. Additionally, this study explores the practical application of AI within a specific food category to examine the relationships between child-directed marketing features, nutrition quality, and price, to estimate the potential impact of proposed Canadian marketing-to-children regulations. Methods: Image classification algorithms were trained on 8283 manually labeled food package images, annotated and validated between 2021 and 2024 using a validated child-appealing packaging (CAP) coding tool. This labeled dataset served as the ground truth for model training and evaluation. Three machine learning algorithms, k-nearest neighbors (kNN), support vector machines (SVM), and convolutional neural networks (CNN) were used to classify food package images targeted at children. In addition, latest image object detection model, YOLOv12 (released February 2025), were fine-tuned to identify specific child-targeted marketing features on food and beverage packaging. Model performance was evaluated using accuracy, precision, recall, F1 score, AUC, and confusion matrix. We applied this AI strategy to breakfast cereals (n = 1765) to assess the proportion of food products displaying child-directed marketing features and that would be restricted under Canadian proposed marketing-to-children regulations, and conducted regression analysis to investigate the relationship between food marketing features and food price. Findings: A total of 22 distinct child-directed marketing techniques featured on food and beverage packages were identified and annotated. The CNN-based image classification model outperformed kNN and SVM, achieving 0.90 accuracy and 0.96 AUC in identifying food marketing targeted at children against manually coded labels. Fine-tuned YOLOv12 object detection model demonstrated varying performance levels across child-targeted marketing features, reflecting the complexity and diversity of marketing strategies on food packaging. By applying this AI strategy, 39.2% of breakfast cereals were found to display child-directed marketing features, of which 89.5% would be considered as unhealthy and restricted under Canadian proposed marketing-to-children regulations. Products with child-directed marketing features showed a negative, but not statistically significant, association with price (coefficient = −0.25, p = 0.072). Interpretation: This study introduces the first AI-driven approach to effectively identify and categorize child-directed marketing on food and beverage packaging. These methods offer a scalable and efficient AI-driven solution for monitoring compliance with marketing-to-children policies and evaluating associations with nutrition quality and price, and can be extended to other data sources such as social media and online video content for broader applications. This study supports evidence-based policy development to protect children from unhealthy food marketing practices and provides critical insights into its potential impacts on children's health outcomes. Funding: This work was funded by the Data Sciences Institute catalyst grants, Health Canada research contract on M2K research, and the CIHR project grants.;;
Wearable Signals for Diagnosing Attention-Deficit/Hyperactivity Disorder in Adolescents: A Feasibility Study;2025;JAACAP OPEN;10.1016/j.jaacop.2024.11.003;Web of Science;"Objective: Attention-deficit/hyperactivity disorder (ADHD) is a prevalent neurodevelopmental disorder in children and adolescents. Diagnoses of ADHD often rely on subjective ratings from parents and teachers. This study investigated the feasibility of using objective activity monitoring data collected through wearable activity trackers for ADHD diagnosis and monitoring in adolescents. Method: A longitudinal study was conducted involving Chinese adolescents ages 16 to 17 years. Data collected included objective measures (movement acceleration, heart rate, and sleep patterns from passive actigraphy) and subjective measures (parent and self-reported questionnaires). Machine learning models were developed using eXtreme Gradient Boosting (XGBoost) to compare various measures for ADHD classification. Model performance was evaluated using the area under the receiver operating characteristics curve (AUC). The SHapley Additive exPlanations (SHAP) method was used to analyze the importance of different measures on ADHD risk. Results: The study included 30 adolescents (17 with ADHD and 13 without ADHD). Machine learning models using solely objective measures achieved high predictability in classifying ADHD (AUC = 0.844) and ADHD medication status (AUC = 1.000). Models integrating both subjective and objective measures showed enhanced performance (AUC = 0.933). In this sample, key features for ADHD classification included irritability, sex, and quality-of-life indicators; key features for ADHD medication use classification included heart rate and physical activity intensity. Conclusion: Although the sample size was small, actigraphy-based monitoring provides a noninvasive and granular measurement of objective vital signs of adolescents. If validated in larger samples, the incorporation of objective measures is likely to enhance multidimensional assessment and diagnostic accuracy in adolescents with ADHD, supplementing existing diagnostic methods. Plain language summary: This study explores the feasibility of using commercial wrist-worn activity trackers in addition to parent-and self-report questionnaires to diagnose and monitor attention-deficit/hyperactivity disorder (ADHD) in Chinese adolescents. The data collected from 30 adolescents (17 with ADHD and 13 without ADHD) for 12 weeks, including movement patterns and heart rate, were used to develop machine learning models for ADHD identification and medication status classification. The experimental results combined and compared with traditional parent-and self-report questionnaires suggest that wearable trackers could offer an objective way to assess ADHD, potentially supplementing existing diagnostic methods and monitoring for this condition. If validated in larger samples, the incorporation of objective measures is likely to enhance multidimensional assessment and diagnostic accuracy in adolescents with ADHD. Study preregistration information: A systematic review of anhedonia and amotivation in depression and cannabis use; https://www.crd.york.ac. uk/prospero/; CRD42023422438.";;
Why Every Asthma Patient Tells a Different Story;2025;JOURNAL OF CLINICAL MEDICINE;10.3390/jcm14165641;Web of Science;Asthma has traditionally been viewed as a single disease, but recent research reveals its clinical and molecular complexity. This perspective highlights the need to shift from a traditional, uniform treatment paradigm to one that embraces the heterogeneity of asthma across individuals. Each patient presents a unique clinical story shaped by a complex interplay of genetic predispositions, developmental programming during critical early-life windows, the influence of sex and hormones, and lifelong environmental exposures. Asthma comprises multiple subtypes with distinct clinical and biological features. Furthermore, lifestyle factors such as obesity and smoking, along with highly prevalent comorbidities like allergic rhinitis and gastroesophageal reflux disease, significantly modify the disease's course and response to treatment. This article explores how classifying the disease into clinical phenotypes (observable characteristics) and molecular endotypes (underlying mechanisms)-particularly the distinction between T2-high and T2-low inflammation-provides a crucial framework for managing this complexity. The application of this framework, guided by biomarkers, has enabled the development of targeted biologic therapies that can transform care for specific patient subgroups. Despite these advances, significant challenges remain. The pathophysiology of certain subgroups, particularly non-T2 asthma, remains poorly defined, and there is an urgent need for reliable predictive biomarkers to guide therapy and monitor outcomes. It is our opinion that future studies must adopt a systems-biology strategy, with a multi-omics approach that constructs a comprehensive molecular profile of each patient. This integrative methodology will require the use of advanced computational methods, including machine learning and artificial intelligence, to decipher the complex pathways linking genetic and environmental inputs to clinical disease. In conclusion, this article argues for a more personalized understanding of asthma, urging clinicians and researchers to consider each patient's unique clinical presentation.;;
7th ASPED-ISPAD Diabetes Academy;2024;BMJ Paediatrics Open;;Embase;"The proceedings contain 65 papers. The topics discussed include: management of antibody-positive stage 2 T1DM; delaying the development of type 1 diabetes; time in range and time in tighter range in type 1 diabetes; artificial intelligence and software use in diabetes management; DKA guidelines: updates and controversy; screening for type 1 diabetes; how can we correlate time in range and complications?' advances in therapeutics for type 2 diabetes; updates on obesity pharmacotherapy; digital management of childhood obesity; metabolic and bariatric surgery in adolescents: efficacy and outcome predictors; diabetes distress and quality of life; medical nutrition therapy (MNT) in diabetes: a practical session; and monogenic diabetes; an update on diagnosis and management.";;
A STUDY UTILIZING ADVANCED MACHINE LEARNING TECHNIQUES TO ANALYZE GESTATIONAL DIABETES MELLITUS AND ITS IMPLEMENTATIONS;2024;JP JOURNAL OF BIOSTATISTICS;10.17654/0973514324015;Web of Science;Gestational diabetes mellitus is the term used to describe an elevated blood sugar condition that develops during pregnancy. It can occur at any stage of the pregnancy and cause issues during labor and after delivery for both the mother and the unborn child. Finding and testing for GDM risk factors can help improve the health of women and their kids by allowing interventions to take place. GDM raises the risk of long-term issues like obesity, poor glucose metabolism, and cardiovascular disease in both the mother and the kid. Machine learning (ML) techniques are increasingly being used to identify risk variables and facilitate GDM early detection. Multivariate logistic regression (LR) modeling is a well-known machine learning (ML) technique for predicting diabetes and its effects. Furthermore, a variety of methods, such as Random Forest (RF), extreme gradient boosting (XGBoost), and light gradient boosting machine (LightGBM), are employed to address GDM-related problems. These methods are being used in more studies to identify risk factors for GDM and create early disease prediction models. For machine learning models that forecast GDM, the pooled area under the receiver operating characteristic curve (AUROC) is obtained. Metrics for statistical diagnosis is obtained. ML algorithms are more attractive than traditional screening techniques for GDM prediction. We compare machine learning models with respect to both general and particular screening methods. It is evident from the results that machine learning outperforms alternative methods. The importance of precise evaluations and consistent diagnostic criteria must be emphasized.;;
A Study to Collect Data to Build Artificial INtelligence Derived Algorithms For Estimating Height and Weight in childRen (INFER);2024;clinicaltrials.gov;;Embase;Brief Summary;;
A robust intrusion detection system based on a shallow learning model and feature extraction techniques;2024;PLOS ONE;10.1371/journal.pone.0295801;Web of Science;The escalating prevalence of cybersecurity risks calls for a focused strategy in order to attain efficient resolutions. This study introduces a detection model that employs a tailored methodology integrating feature selection using SHAP values, a shallow learning algorithm called PV-DM, and machine learning classifiers like XGBOOST. The efficacy of our suggested methodology is highlighted by employing the NSL-KDD and UNSW-NB15 datasets. Our approach in the NSL-KDD dataset exhibits exceptional performance, with an accuracy of 98.92%, precision of 98.92%, recall of 95.44%, and an F1-score of 96.77%. Notably, this performance is achieved by utilizing only four characteristics, indicating the efficiency of our approach. The proposed methodology achieves an accuracy of 82.86%, precision of 84.07%, recall of 77.70%, and an F1-score of 80.20% in the UNSW-NB15 dataset, using only six features. Our research findings provide substantial evidence of the enhanced performance of the proposed model compared to a traditional deep-learning model across all performance metrics.;;
A stepwise prediction and interpretation of gestational diabetes mellitus: Foster the practical application of machine learning in clinical decision;2024;HELIYON;10.1016/j.heliyon.2024.e32709;Web of Science;Background: Machine learning has shown to be an effective method for early prediction and intervention of Gestational diabetes mellitus (GDM), which greatly decreases GDM incidence, reduces maternal and infant complications and improves the prognosis. However, there is still much room for improvement in data quality, feature dimension, and accuracy. The contributions and mechanism explanations of clinical data at different pregnancy stages to the prediction accuracy are still lacking. More importantly, current models still face notable obstacles in practical applications due to the complex and diverse input features and difficulties in redeployment. As a result, a simple, practical but accurate enough model is urgently needed. Design and methods: In this study, 2309 samples from two public hospitals in Shenzhen, China were collected for analysis. Different algorithms were systematically compared to build a robust and stepwise prediction system (level A to C) based on advanced machine learning, and models under different levels were interpreted. Results: XGBoost reported the best performance with ACC of 0.922, 0.859 and 0.850, AUC of 0.974, 0.924 and 0.913 for the selected level A to C models in the test set, respectively. Tree-based feature importance and SHAP method successfully identified the commonly recognized risk factors, while indicated new inconsistent impact trends for GDM in different stages of pregnancy. Conclusion: A stepwise prediction system was successfully established. A practical tool that enables a quick prediction of GDM was released at https://github.com/ifyoungnet/MedGDM.This study is expected to provide a more detailed profiling of GDM risk and lay the foundation for the application of the model in practice.;;
Application of Statistical Analysis and Machine Learning to Identify Infants' Abnormal Suckling Behavior;2024;IEEE JOURNAL OF TRANSLATIONAL ENGINEERING IN HEALTH AND MEDICINE;10.1109/jtehm.2024.3390589;Web of Science;Objective: Identify infants with abnormal suckling behavior from simple non-nutritive suckling devices. Background: While it is well known breastfeeding is beneficial to the health of both mothers and infants, breastfeeding ceases in 75 percent of mother-child dyads by 6 months. The current standard of care lacks objective measurements to screen infant suckling abnormalities within the first few days of life, a critical time to establish milk supply and successful breastfeeding practices. Materials and Methods: A non-nutritive suckling vacuum measurement system, previously developed by the authors, is used to gather data from 91 healthy full-term infants under thirty days old. Non-nutritive suckling was recorded for a duration of sixty seconds. We establish normative data for the mean suck vacuum, maximum suck vacuum, suckling frequency, burst duration, sucks per burst, and vacuum signal shape. We then apply computational methods (Mahalanobis distance, KNN) to detect anomalies in the data to identify infants with abnormal suckling. We finally provide case studies of healthy newborn infants and infants diagnosed with ankyloglossia. Results: In a series of case evaluations, we demonstrate the ability to detect abnormal suckling behavior using statistical analysis and machine learning. We evaluate cases of ankyloglossia to determine how oral dysfunction and surgical interventions affect non-nutritive suckling measurements. Conclusions: Statistical analysis (Mahalanobis Distance) and machine learning [K nearest neighbor (KNN)] can be viable approaches to rapidly interpret infant suckling measurements. Particularly in practices using the digital suck assessment with a gloved finger, it can provide a more objective, early stage screening method to identify abnormal infant suckling vacuum. This approach for identifying those at risk for breastfeeding complications is crucial to complement complex emerging clinical evaluation technology. Clinical Impact: By analyzing non-nutritive suckling using computational methods, we demonstrate the ability to detect abnormal and normal behavior in infant suckling that can inform breastfeeding intervention pathways in clinic. Clinical and Translational Impact Statement: The work serves to shed light on the lack of consensus for determining appropriate intervention pathways for infant oral dysfunction. We demonstrate using statistical analysis and machine learning that normal and abnormal infant suckling can be identified and used in determining if surgical intervention is a necessary solution to resolve infant feeding difficulties.;;
Automatic prediction of obstructive sleep apnea in patients with temporomandibular disorder based on multidata and machine learning;2024;SCIENTIFIC REPORTS;10.1038/s41598-024-70432-4;Web of Science;Obstructive sleep apnea (OSA) is closely associated with the development and chronicity of temporomandibular disorder (TMD). Given the intricate pathophysiology of both OSA and TMD, comprehensive diagnostic approaches are crucial. This study aimed to develop an automatic prediction model utilizing multimodal data to diagnose OSA among TMD patients. We collected a range of multimodal data, including clinical characteristics, portable polysomnography, X-ray, and MRI data, from 55 TMD patients who reported sleep problems. This data was then analyzed using advanced machine learning techniques. Three-dimensional VGG16 and logistic regression models were used to identify significant predictors. Approximately 53% (29 out of 55) of TMD patients had OSA. Performance accuracy was evaluated using logistic regression, multilayer perceptron, and area under the curve (AUC) scores. OSA prediction accuracy in TMD patients was 80.00-91.43%. When MRI data were added to the algorithm, the AUC score increased to 1.00, indicating excellent capability. Only the obstructive apnea index was statistically significant in predicting OSA in TMD patients, with a threshold of 4.25 events/h. The learned features of the convolutional neural network were visualized as a heatmap using a gradient-weighted class activation mapping algorithm, revealing that it focuses on differential anatomical parameters depending on the absence or presence of OSA. In OSA-positive cases, the nasopharynx, oropharynx, uvula, larynx, epiglottis, and brain region were recognized, whereas in OSA-negative cases, the tongue, nose, nasal turbinate, and hyoid bone were recognized. Prediction accuracy and heat map analyses support the plausibility and usefulness of this artificial intelligence-based OSA diagnosis and prediction model in TMD patients, providing a deeper understanding of regions distinguishing between OSA and non-OSA.;;
BIO-STREAMS: Multi-Pillar Framework for children Anti-Obesity Behavior building on an EU biobank, Micro Moments and Mobile Recommendation Systems;2024;Hormone Research in Paediatrics;10.1159/000541189;Embase;Introduction: The World Health Organization (WHO) European Regional Obesity Report 2022 stated that obesity rates have reached epidemic proportions across the European Union (EU). Obesity affects nearly one in three children (29% of boys and 27% of girls), and is associated with adverse psychological and psychosocial outcome and increased risk for noncommunicable diseases (NCDs). In addition, none of the 53 Member States are on track to meet the target of stopping the rise in obesity by 2025. Aim: To address the childhood obesity epidemic, BIOSTREAMS (https://www.bio-streams.eu/), a 4-year (2023-2027) HORIZON European Research and Innovation Action project (o101080718), brings together 30 partners from 15 countries across the EU, with the collaboration of 7 hospitals in 6 EU countries and 5 school sites in 5 EU countries, in order to design, develop and implement a holistic program for the effective management of childhood obesity. Methods: This solution is based on three areas: 1) The first EU Childhood/Adolescence Obesity Biobank (Bio-Streams Biobank): This is the first EU-wide centre for sharing data related to childhood and adolescent obesity, aiming to standardize data collection and expand the data network across countries, 2) Streams Platform: This is an integrated digital platform offering personalized risk assessments, tailored prevention programs, a marketplace of mobile tools, including the Active Health App and a knowledge hub, all aimed at addressing childhood obesity effectively, 3) An EU Community Network on Childhood/Adolescence Obesity (Bio-Streams Community Network): Coordinated via the Bio- Streams Platform, this network facilitates evidence-based knowledge communication to stakeholders, dissemination of best practices and weight-neutral approaches, community engagement campaigns for healthier environments and long-term behavioral change, as well as citizen access to local obesity professionals via the Bio-Streams Associative Catalogue. Results: By establishing an EU-wide Knowledge Chain Model (KCM) on obesity for the underage population, Bio-Streams provides substantial solutions to childhood obesity and aims to shape healthier habits. Advanced machine learning models support the project, promising high-accuracy personalized advice. Furthermore, Bio-Streams strives to improve the quality of life for its target group and is set to be a valuable tool in clinical settings. Conclusion: An integrated multi-layered approach using intelligent information systems, focusing on health data management, knowledge management, risk assessment, prevention, healthy living interventions, and community awareness and mobilization, is expected to contribute significantly towards promoting a healthier lifestyle, as well as designing the appropriate health policies for the prevention and treatment of obesity in childhood and adolescence.;;
DEMOGRAPHICS OF RURAL PEDIATRIC PATIENTS FLAGGED WITH THE FIND-FH ALGORITHM;2024;Journal of the American College of Cardiology;10.1016/s0735-1097(24)03946-9;Embase;"Background Atherosclerosis in familial hypercholesterolemia (FH) begins in the first decade of life. Early diagnosis is paramount but studies show that targeted screening based on family history may miss at risk pediatric patients. Universal lipid screening is recommended by the American Academy of Pediatrics (AAP) in children ages 9-11, but infrequently performed. FIND-FH is a machine learning model developed by the Family Heart Foundation to identify undiagnosed individuals with FH. The model's performance in pediatric populations has not been previously described as validation datasets included a very low prevalence of individuals younger than 40 years old. Methods FIND-FH was utilized to flag pediatric patients (age < 18) who may have FH based on electronic health data. Expert review of charts was performed by two board-certified lipidologists, one of whom is a pediatrician, and cardiologist using the American Heart Association (AHA) criteria. Results The model flagged 81 children (median age 14 years (IQR 12-14); 47% female, 86% White, 6% Black/African American) as having possible FH. All 81 children had a lipid panel. Two children were determined to have secondary hypercholesterolemia after expert review. The median BMI percentile for age was 96 (72-99). Among children without secondary hypercholesterolemia the median LDL-C was 133.5 mg/dL (IQR 120.5-155.3) and the range was 67- 261 mg/dL. The indication for a lipid panel was obesity (46/81, 57%) or family history (24/79, 30%) in the majority of flagged children. Only 9 children (11%) had their lipid panel performed for general screening. Based on AHA criteria, 1 child had definite and 13 were flagged as possible FH. Among these 14 children, 6 were already established with pediatric lipidology and 8 patients likely had previously undiagnosed FH for a total yield of 10% (8/81 charts reviewed). Conclusion The utility of the FIND-FH model for detection of incident FH in pediatric patients is limited by the low rate of universal lipid screening, lack of physical exam and family history documentation. Although the AAP recommends universal lipid screening between the ages of 9-11, this is rarely performed resulting in late diagnosis of FH.";;
Deep learning-based BMI inference from structural brain MRI reflects brain alterations following lifestyle intervention;2024;HUMAN BRAIN MAPPING;10.1002/hbm.26595;Web of Science;Obesity is associated with negative effects on the brain. We exploit Artificial Intelligence (AI) tools to explore whether differences in clinical measurements following lifestyle interventions in overweight population could be reflected in brain morphology. In the DIRECT-PLUS clinical trial, participants with criterion for metabolic syndrome underwent an 18-month lifestyle intervention. Structural brain MRIs were acquired before and after the intervention. We utilized an ensemble learning framework to predict Body-Mass Index (BMI) scores, which correspond to adiposity-related clinical measurements from brain MRIs. We revealed that patient-specific reduction in BMI predictions was associated with actual weight loss and was significantly higher in active diet groups compared to a control group. Moreover, explainable AI (XAI) maps highlighted brain regions contributing to BMI predictions that were distinct from regions associated with age prediction. Our DIRECT-PLUS analysis results imply that predicted BMI and its reduction are unique neural biomarkers for obesity-related brain modifications and weight loss.;;
Determinants and prediction of cesarean delivery using machine learning techniques;2024;SIGMAE;;Web of Science;"Evidences that performing cesarean deliveries is guided worldwide by socioeconomic factors and that this practice can increase risks to maternal and child health imposes a global discussion on the proper use of cesarean sections. The aim of this study is to contribute to this discussion through: (i) identification of the most important factors for determining cesarean deliveries in the United States in 2019; and (ii) development of a model to predict the mode of delivery for prenatal care. The predictive performances of the algorithms Random Forest and k-Nearest Neighbors were tested on subsets of the National Center for Health Statistics data. The determinants of cesarean delivery were studied using logistic regression using features selected by Random Forest. The analysis of the results showed, for instance, that the intervention of labor augmentation, the cephalic presentation of the fetus, the number of previous live births, and the assistance of a nurse or midwife reduce the probability of a cesarean delivery; whereas higher maternal age groups (from 35 years old), twin births, maternal obesity, and previous cesarean sections increase the chance of the delivery being a cesarean section. The results reinforce the literature for the American case. Among the main contributions of this study to the literature is the economic focus, guiding machine learning techniques and algorithms in support of the global discussion on the appropriate use of cesarean sections.";;
Development of risk prediction models to identify rapid weight gain during infancy: a machine learning approach;2024;Obesity Research and Clinical Practice;10.1016/j.orcp.2024.09.028;Embase;Backgrounds: Compelling evidence shows that rapid weight gain(RWG) during infancy is highly predictive of subsequent obesity. Infant RWG is a useful proxy marker denoting future obesity risk that could facilitate obesity risk prediction from infancy. Leveraging novel machine learning approaches, this study aims to develop and validate risk prediction models to identify RWG by age one year using prenatal and early postnatal factors. Methods: Pooled data from seven Australian and New Zealand cohorts (n=5233) were used. Predictors included maternal pre-pregnancy BMI, smoking status, gestational age, number of siblings, infant sex, birth weight, breastfeeding duration, and timing of solid introduction. Eight machine learning algorithms were used to predict infant RWG, which was defined as a change in weight-for-age z-score ≥ 0.67 from birth to around age one year. Pooled data were randomly split into a training and a test dataset for model training and validation respectively. Model consistency was evaluated using five-fold cross-validation. Model predictive performance was evaluated by Area Under the Curve (AUC), accuracy, precision, sensitivity, and specificity. Results: Average prevalence of infant RWG was 27%. All machine learning methods showed acceptable to excellent discrimination with AUC ranging from 0.75 to 0.85. Accuracy, which indicates the overall correctness of the model, spanned from 0.70 to 0.78. Precision, that measures the model's ability to avoid false positives, ranged from 0.70 to 0.77. The range of sensitivity(true positive cases) and specificity(true negative cases) of all models was 0.68 - 0.80 and 0.65 - 0.78, respectively. Random Forest and Gradient Boosting Classifier algorithms showed the most favourable predictive accuracy. Conclusion: Utilising prenatal and early postnatal factors, the resulting machine learning based prediction models showed acceptable to excellent ability to identify and distinguish between infants with or without RWG. Such models could be feasibly integrated in clinical practice for early obesity risk assessment.;;
Gut microbiota: From sterility in newborns to complex interactions in adults;2024;CAHIERS DE NUTRITION ET DE DIETETIQUE;10.1016/j.cnd.2024.04.006;Web of Science;"The establishment of the human microbiota begins gradually from birth and undergoes significant changes during the first 1000 days of life (Xiao and Zhao, 2023). This critical period provides windows of ""opportunity"" for the acquisition of the microbiota and education of the immune system, which ultimately condition well-being and long-term health. The maternal microbiota plays an influential role in shaping these acquisitions (Tian et al., 2023). Therefore, it is natural to say that good maternal health directly contributes to the health of both the fetus and the newborn. However, numerous factors can influence these processes (genetic factors, age, general health, lifestyle, medications, mode of delivery, diet, environmental factors). The complexity of the microbiota often makes it challenging to establish direct links between dysbiosis or disruptions in the mother -child and child -environment dialogues and the appearance of various pathologies. Optimal development of the newborn's gut microbiota can be achieved through a full -term birth, vaginal delivery and breastfeeding which are considered the golden rules. In this regard we will present recent research findings that aim to enhance our understanding of the establishment and dynamics of the gut microbiota in newborns, particularly in relation to immune system education. Disturbances of theses interactions within the context of different pathologies will also be highlighted. (c) 2024 The Author(s). Published by Elsevier Masson SAS on behalf of Soci & eacute;t & eacute; fran & ccedil;aise de nutrition. This is an open access article under the CC BY license (http://creativecommons. org/licenses/by/4.0/).";;
Identification of important features in overweight and obesity among Korean adolescents using machine learning;2024;CHILDREN AND YOUTH SERVICES REVIEW;10.1016/j.childyouth.2024.107644;Web of Science;Overweight and obesity in adolescents have been reported as one of the most serious threats worldwide including South Korea. This study aims to investigate the complex factors contributing to overweight and obesity in Korean adolescents using various machine learning methods. The research includes a dataset of 43,268 records from the 16th Korean Youth Risk Behavior Web -based Survey and explores 71 different factors, such as sociodemographic characteristics, dietary habits, health, behavior problems, family, and peer and school-related factors. Our analysis encompassed an array of algorithms, including Logistic Regression, Ridge, LASSO, Elasticnet, Decision tree, Bagging, Random forest, AdaBoost, and XGBoost. A total of nine machine learning models exhibited accuracy levels within the range of 0.7662 to 0.8403. Based on the domains and sub-domains of factors, it was determined that domains including sociodemographic characteristics, dietary habits, physical health, psychological health, behavioral problems, family factor, and peer and school factors were deemed important. Additionally, it is suggested that attention be given to newly-emerged features indicated by machine learning techniques, including oral health, smartphone addiction, smoking, sexual behavior, school violence, and nationality of parents. The current study 's findings emphasize the critical need for collective and customized prevention programs considering multi-facet features to prevent overweight and obesity among Korean adolescents.;;
Individual and joint effect of indoor air pollution and ambient particulate matter on infant growth: a prospective cohort study;2024;Obesity Reviews;10.1111/obr.13788;Embase;BACKGROUND: Evidence on the long-term impacts of air pollution during pregnancy, especially indoor air pollution, on child growth remained limited. We aimed to investigate the individual and joint effects of indoor and ambient air pollution on anthropometric measurements for 1-year-old children. METHODS: Embedded with a prospective birth cohort study (PKUBC-T) in Beijing, China, 1088 pairs of pregnant women and their offspring were included in this study. PM2.5 and PM1 concentrations during the whole pregnancy were predicted with a validated machine learning method, and indoor air pollution index was calculated based on face-to-face interviews. Offspring's body mass index (BMI) Z score and weight for length (WFL) Z score at approximately 1 year old were calculated to characterize nutritional status. Overweight or obesity (OWOB) was defined based on WHO standards. Generalized linear regression was used to investigate the individual and joint effect of indoor air pollution index, PM2.5, and PM1 on children's anthropometric measurements. RESULTS: Increase in the indoor air pollution index was positively associated with the BMI Z score (0.094, 95% CI: 0.015, 0.172) and WFL Z score (0.097, 95% CI: 0.018, 0.175), respectively. Increased PM1 and PM2.5 were also associated with a higher BMI Z score and WFL Z score. Offspring of women who were exposed to higher indoor or ambient air pollution also showed a trend of having higher risk of OWOB. Compared with those exposed to a low level of PM1 and without exposure of indoor air pollution, offspring of women who were exposed to a high level of PM1 and indoor air pollution had higher BMI Z (0.212, 95% CI: 0.063, 0.361) and WFL Z (0.226, 95% CI: 0.078, 0.375) scores. Similar joint effects of indoor air pollution and ambient PM2.5 exposure were also found. CONCLUSIONS: This study suggested the long-term impact of prenatal exposure to indoor air pollution on child growth and its joint effect with PM1 and PM2.5. Therefore, actions on reduction of indoor air pollution and regulation of ambient air pollution are urgently needed to promote early infant development.;;
Interventions to monitor and tackle obesity at European level: Lessons learned to support BETTER4U project;2024;Clinical Chemistry and Laboratory Medicine;;Embase;Background: Obesity is an ongoing public health emergency. Literature highlights the importance of assessing and implementing comprehensive interventions. Previous interventions (i.e. the European Childhood Obesity Surveillance Initiative (COSI), the CO-CREATE project (COC) and the BigO project) have set the basis for the identification of obesogenic determinants. Objective: To describe previous and ongoing projects for monitoring and tackling obesity at European level to further support the BETTER4U project. Design: BETTER4U includes contributions from previous and ongoing projects regarding, among others, the analysis of determinants and monitoring of childhood overweight and obesity rates across Europe (COSI), and policy changes for healthy eating and physical activity targeting adolescent obesity (COC). COSI is a system measuring trends in childhood overweight and obesity for over 15 years and providing nationally representative analysis of the associated determinants from over 500 000 children. COC aimed to co-create policy ideas for obesity prevention, where adolescents from 5 European countries actively participated. The multicenter trial conducted during the BigO project, developed a decision support system for measuring and tracking obesogenic behaviors in free living children and adolescents in relation to their local environment. Similarly, BETTER4U will implement a lifestyle intervention in 7 European countries, using artificial intelligence, and monitoring tools to implement personalised recommendations for obesity prevention. Results: Collection of the 2007-2017 COSI data in 11 European countries showed that the prevalence decreased in countries with high prevalence and remained stable or slightly increased in the other countries. In the COC project, 60 adolescents developed system maps to identify the factors driving obesity. Three novel policies were co-created along with researchers and were further discussed with relevant stakeholders at national and European level. Conclusions: Successful community-based approaches from previous European projects provide valuable insight for obesity prevention. BETTER4U will integrate all described results to develop and successfully deliver the proposed lifestyle intervention.;;
Investigating the Association between Nutrient Intake and Food Insecurity among Children and Adolescents in Palestine Using Machine Learning Techniques;2024;CHILDREN-BASEL;10.3390/children11060625;Web of Science;Food insecurity is a public health concern that affects children worldwide, yet it represents a particular burden for low- and middle-income countries. This study aims to utilize machine learning to identify the associations between food insecurity and nutrient intake among children aged 5 to 18 years. The study's sample encompassed 1040 participants selected from a 2022 food insecurity household conducted in the West Bank, Palestine. The results indicated that food insecurity was significantly associated with dietary nutrient intake and sociodemographic factors, such as age, gender, income, and location. Indeed, 18.2% of the children were found to be food-insecure. A significant correlation was evidenced between inadequate consumption of various nutrients below the recommended dietary allowance and food insecurity. Specifically, insufficient protein, vitamin C, fiber, vitamin B12, vitamin B5, vitamin A, vitamin B1, manganese, and copper intake were found to have the highest rates of food insecurity. In addition, children residing in refugee camps experienced significantly higher rates of food insecurity. The findings emphasize the multilayered nature of food insecurity and its impact on children, emphasizing the need for personalized interventions addressing nutrient deficiencies and socioeconomic factors to improve children's health and well-being.;;
Machine learning-based health environmental-clinical risk scores in European children;2024;COMMUNICATIONS MEDICINE;10.1038/s43856-024-00513-y;Web of Science;"Background Early life environmental stressors play an important role in the development of multiple chronic disorders. Previous studies that used environmental risk scores (ERS) to assess the cumulative impact of environmental exposures on health are limited by the diversity of exposures included, especially for early life determinants. We used machine learning methods to build early life exposome risk scores for three health outcomes using environmental, molecular, and clinical data.Methods In this study, we analyzed data from 1622 mother-child pairs from the HELIX European birth cohorts, using over 300 environmental, 100 child peripheral, and 18 mother-child clinical markers to compute environmental-clinical risk scores (ECRS) for child behavioral difficulties, metabolic syndrome, and lung function. ECRS were computed using LASSO, Random Forest and XGBoost. XGBoost ECRS were selected to extract local feature contributions using Shapley values and derive feature importance and interactions.Results ECRS captured 13%, 50% and 4% of the variance in mental, cardiometabolic, and respiratory health, respectively. We observed no significant differences in predictive performances between the above-mentioned methods.The most important predictive features were maternal stress, noise, and lifestyle exposures for mental health; proteome (mainly IL1B) and metabolome features for cardiometabolic health; child BMI and urine metabolites for respiratory health.Conclusions Besides their usefulness for epidemiological research, our risk scores show great potential to capture holistic individual level non-hereditary risk associations that can inform practitioners about actionable factors of high-risk children. As in the post-genetic era personalized prevention medicine will focus more and more on modifiable factors, we believe that such integrative approaches will be instrumental in shaping future healthcare paradigms.";;
Maternal PM 2.5 exposure and hypospadias risk in Chinese offspring: Insights from a nationwide surveillance-based study;2024;JOURNAL OF HAZARDOUS MATERIALS;10.1016/j.jhazmat.2024.134503;Web of Science;Research on the association between maternal PM 2.5 exposure and hypospadias risk in male offspring, particularly in highly polluted areas, has been limited and inconsistent. This study leveraged data from China 's National Population -based Birth Defects Surveillance System spanning the years 2013 to 2019, and employed sophisticated machine learning models to estimate daily PM 2.5 levels and other pollutants for mothers at a 1 -km resolution and a 6 -km buffer surrounding maternal residences. Multivariate logistic regression analyses were performed to evaluate the relationship between PM 2.5 exposure and hypospadias risk. For sensitivity analyses, stratification analysis was conducted, and models for one -pollutant and two -pollutants, as well as distributed lag nonlinear models, were constructed. Of the 1194,431 boys studied, 1153 cases of hypospadias were identified. A 10 mu g/m 3 increase in maternal PM 2.5 exposure during preconception and the first trimester was associated with an elevated risk of isolated hypospadias, with Odds Ratios (ORs) of 1.102 (95% CI: 1.023 -1.188) and 1.089 (95% CI: 1.007 -1.177) at the 1 -km grid, and 1.122 (95% CI: 1.034 -1.218) and 1.143 (95% CI: 1.048 -1.246) within the 6 -km buffer. Higher quartiles of PM 2.5 exposure were associated with increased odds ratios compared to the lowest quartile. These findings highlight a significant association between PM 2.5 exposure during the critical conception period and an elevated risk of isolated hypospadias in children, emphasizing the need for targeted interventions to reduce PM 2.5 exposure among expectant mothers.;;
Multi-Omics Approaches in the Study of Obesity and its Co-Morbidities;2024;Annals of Nutrition and Metabolism;10.1159/000541491;Embase;Introduction: Obesity, influenced by numerous factors, including genetics, is one of the most investigated, and remains partially unexplained. Body Mass Index (BMI) misclassifies around 30% of individuals and does not fully capture the range of metabolic health states. The relationship between obesity and impaired health is yet to be determined, as it could be a causal pathway, a confounding factor or share a common origin. To better understand these complexities, there is a need for more comprehensive clinical and molecular phenotyping of obesity, assessment of intricate molecular interactions over time, and consideration of the impact of the environment. Longitudinal multi-omics strategies and exploration of an individual's complete exposome might offer a promising new approach to disentangling these intricacies. Objective: To explore the potential of multi-omics approaches in the deeper clinical and molecular phenotyping of obesity and its associated comorbidities. Methods: Omics techniques have made it possible to analyze all molecules present in a biological sample, including DNA, epigenetic markers such as DNA methylation, and transcription products such as mRNAs or miRNAs, proteins, and metabolites. The term multi-omics is used to describe studies involving at least two omics layers, and it requires the integration of all data through machine learning techniques. Results: Several recent multi-omics studies have been conducted to identify obesity phenotypes and responses to lifestyle interventions. Our group has also made significant recent findings, exploiting eXplainable Artificial Intelligence for clinical decision support and early diagnosis of insulin resistance in a longitudinal cohort of 90 children. For this, we utilized multi-omics (genomics and epigenomics) and clinical data from the prepubertal stage. Conclusions: Longitudinal multi-omics approaches offer valuable insights into disease prediction, deep phenotyping, biomarker identification, study of molecular interactions, and personalized medicine.;;
Phthalate metabolites and sex steroid hormones in relation to obesity in US adults: NHANES 2013-2016;2024;FRONTIERS IN ENDOCRINOLOGY;10.3389/fendo.2024.1340664;Web of Science;Background Obesity and metabolic syndrome pose significant health challenges in the United States (US), with connections to disruptions in sex hormone regulation. The increasing prevalence of obesity and metabolic syndrome might be associated with exposure to phthalates (PAEs). Further exploration of the impact of PAEs on obesity is crucial, particularly from a sex hormone perspective.Methods A total of 7780 adult participants in the National Health and Nutrition Examination Survey (NHANES) from 2013 to 2016 were included in the study. Principal component analysis (PCA) coupled with multinomial logistic regression was employed to elucidate the association between urinary PAEs metabolite concentrations and the likelihood of obesity. Weighted quartiles sum (WQS) regression was utilized to consolidate the impact of mixed PAEs exposure on sex hormone levels (total testosterone (TT), estradiol and sex hormone-binding globulin (SHBG)). We also delved into machine learning models to accurately discern obesity status and identify the key variables contributing most to these models.Results Principal Component 1 (PC1), characterized by mono(2-ethyl-5-carboxypentyl) phthalate (MECPP), mono(2-ethyl-5-hydroxyhexyl) phthalate (MEHHP), and mono(2-ethyl-5-oxohexyl) phthalate (MEOHP) as major contributors, exhibited a negative association with obesity. Conversely, PC2, with monocarboxyononyl phthalate (MCNP), monocarboxyoctyl phthalate (MCOP), and mono(3-carboxypropyl) phthalate (MCPP) as major contributors, showed a positive association with obesity. Mixed exposure to PAEs was associated with decreased TT levels and increased estradiol and SHBG. During the exploration of the interrelations among obesity, sex hormones, and PAEs, models based on Random Forest (RF) and eXtreme Gradient Boosting (XGBoost) algorithms demonstrated the best classification efficacy. In both models, sex hormones exhibited the highest variable importance, and certain phthalate metabolites made significant contributions to the model's performance.Conclusions Individuals with obesity exhibit lower levels of TT and SHBG, accompanied by elevated estradiol levels. Exposure to PAEs disrupts sex hormone levels, contributing to an increased risk of obesity in US adults. In the exploration of the interrelationships among these three factors, the RF and XGBoost algorithm models demonstrated superior performance, with sex hormones displaying higher variable importance.;;
Physical Activity Routines, Education, Assessment, Literacy, and Information Technology Application in Young Children (PA REALITY): A Social Cognitive Theory-based Movement Education Programme for Preschool Students;2024;clinicaltrials.gov;;Embase;Brief Summary;;
Predicting the risk of neurocognitive decline after brain irradiation in adult patients with a primary brain tumor;2024;NEURO-ONCOLOGY;10.1093/neuonc/noae035;Web of Science;Background Deterioration of neurocognitive function in adult patients with a primary brain tumor is the most concerning side effect of radiotherapy. This study aimed to develop and evaluate normal-tissue complication probability (NTCP) models using clinical and dose-volume measures for 6-month, 1-year, and 2-year Neurocognitive Decline (ND) postradiotherapy. Methods A total of 219 patients with a primary brain tumor treated with radical photon and/or proton radiotherapy (RT) between 2019 and 2022 were included. Controlled oral word association test, Hopkins verbal learning test-revised, and trail making test were used to objectively measure ND. A comprehensive set of potential clinical and dose-volume measures on several brain structures were considered for statistical modeling. Clinical, dose-volume and combined models were constructed and internally tested in terms of discrimination (area under the curve, AUC), calibration (mean absolute error, MAE), and net benefit. Results Fifty percent, 44.5%, and 42.7% of the patients developed ND at 6-month, 1-year, and 2-year time points, respectively. The following predictors were included in the combined model for 6-month ND: age at radiotherapy > 56 years (OR = 5.71), overweight (OR = 0.49), obesity (OR = 0.35), chemotherapy (OR = 2.23), brain V20 Gy >= 20% (OR = 3.53), brainstem volume >= 26 cc (OR = 0.39), and hypothalamus volume >= 0.5 cc (OR = 0.4). Decision curve analysis showed that the combined models had the highest net benefits at 6-month (AUC = 0.79, MAE = 0.021), 1-year (AUC = 0.72, MAE = 0.027), and 2-year (AUC = 0.69, MAE = 0.038) time points. Conclusions The proposed NTCP models use easy-to-obtain predictors to identify patients at high risk of ND after brain RT. These models can potentially provide a base for RT-related decisions and post-therapy neurocognitive rehabilitation interventions.;;
Prediction of gestational diabetes mellitus by multiple biomarkers at early gestation;2024;BMC PREGNANCY AND CHILDBIRTH;10.1186/s12884-024-06651-4;Web of Science;BackgroundIt remains unclear which early gestational biomarkers can be used in predicting later development of gestational diabetes mellitus (GDM). We sought to identify the optimal combination of early gestational biomarkers in predicting GDM in machine learning (ML) models.MethodsThis was a nested case-control study including 100 pairs of GDM and euglycemic (control) pregnancies in the Early Life Plan cohort in Shanghai, China. High sensitivity C reactive protein, sex hormone binding globulin, insulin-like growth factor I, IGF binding protein 2 (IGFBP-2), total and high molecular weight adiponectin and glycosylated fibronectin concentrations were measured in serum samples at 11-14 weeks of gestation. Routine first-trimester blood test biomarkers included fasting plasma glucose (FPG), serum lipids and thyroid hormones. Five ML models [stepwise logistic regression, least absolute shrinkage and selection operator (LASSO), random forest, support vector machine and k-nearest neighbor] were employed to predict GDM. The study subjects were randomly split into two sets for model development (training set, n = 70 GDM/control pairs) and validation (testing set: n = 30 GDM/control pairs). Model performance was evaluated by the area under the curve (AUC) in receiver operating characteristics.ResultsFPG and IGFBP-2 were consistently selected as predictors of GDM in all ML models. The random forest model including FPG and IGFBP-2 performed the best (AUC 0.80, accuracy 0.72, sensitivity 0.87, specificity 0.57). Adding more predictors did not improve the discriminant power.ConclusionThe combination of FPG and IGFBP-2 at early gestation (11-14 weeks) could predict later development of GDM with moderate discriminant power. Further validation studies are warranted to assess the utility of this simple combination model in other independent cohorts.;;
Predictive Models for Neurocognitive Decline in HIV+ Youth in Zambia Using a Machine Learning Approach;2024;Neurology;10.1212/wnl.0000000000205519;Embase;Objective: 1. Develop machine learning models to predict neurocognitive decline in HIV-infected children in Zambia. 2. Compare standard regression-based (SRB) and group-based trajectory modeling (GBTM) techniques for cognitive decline using data-driven approaches. Background: An estimated 66,000 children in Zambia are HIV-infected. Despite combination antiretroviral therapy (cART), HIVassociated neurocognitive disorders (HAND) remain a significant complication. Data-driven machine learning tools can help elucidate factors that predict cognitive decline and can support clinical interventions for HAND in Zambia. Design/Methods: This is a sub-study of the HIV-Associated Neurocognitive Disorders in Zambia (HANDZ) longitudinal prospective study. Data from 208 perinatally infected HIV+ children and 208 HIV-exposed, uninfected controls over a 2-year period were used to train logistic regression with LASSO regularization (LR), random forests (RF) and support vector machine (SVM) algorithms. Cognitive status was the outcome of interest assessed via a comprehensive neuropsychological testing battery and modelled using SRB and GBTM. Model performance was measured as area under the receiver operating characteristic curve (AUC-ROC). Results: With SRB modeling, LR performed the best (AUC = 0.795) on average followed by SVM (AUC = 0.790) and RF (AUC = 0.755) while with GBTM, LR performed the best (AUC = 0.743) followed by RF (AUC = 0.709) and SVM (AUC = 0.673). There were no statistically significant differences in performance (p > 0.05) between the two modeling techniques. The addition of HIVspecific variables along with non-specific features improved model performance. Worst recorded WHO stage, CD4 counts, and nadir CD4 counts were the most predictive HIV-specific factors while school performance, height and weight percentiles, grade, history of stunting and socioeconomic status index were the most predictive non-HIV specific variables. Conclusions: Machine learning can help elucidate factors that predict neurocognitive decline in HIV+ vs. HEU youth in Zambia. Incorporating imaging and inflammatory biomarkers might improve these models.;;
The Development of a Text Messaging Platform to Enhance aYouth Diabetes Prevention Program:Observational Process Study;2024;JMIR FORMATIVE RESEARCH;10.2196/45561;Web of Science;"Background: Approximately 1 in 5 adolescents in the United States has prediabetes, and racially and ethnically minoritizedyouths are disproportionately impacted. Unfortunately, there are few effective youth diabetes prevention programs, and in-personinterventions are challenging because of barriers to access and engagement. Objective: We aimed to develop and assess the preliminary feasibility and acceptability of a youth-informed SMS text messagingplatform to provide additional support and motivation to adolescents with prediabetes participating in a diabetes preventionworkshop in East Harlem, New York City, New York, United States. We collaborated with our youth action board and a technologypartner (mPulse Mobile) to develop and pilot-test the novel interactive platform. Methods: The technology subcommittee of our community action board (comprising youths and young adults) used the resultsfrom focus groups that we had previously conducted with youths from our community to develop 5 message types focused onhealthy eating and active living: goal setting, behavior tracking, individually tailored guidance, motivational messages, and photodiary. We used an iterative process to develop and pilot the program with our internal study team, including youths from ourcommunity action board and mPulse Mobile developers. We then conducted a pilot of the 12-week SMS text messaging programwith 13 youths with prediabetes. Results: Participants (aged 15-21 years; 10/13, 77% female; 3/10, 23% Black and 10/13, 77% Hispanic or Latinx) received anaverage of 2 automated messages per day. The system correctly sent 84% (2231/2656) of the messages at the time intended; theremaining 16% (425/2656) of the messages were either sent at the incorrect time, or the system did not recognize a participantresponse to provide the appropriate reply. The level of engagement with the program ranged from 1 (little to no response) to 5(highly responsive) based on how frequently participants responded to the interactive (2-way) messages. Highly responsive participants (6/13, 46%) responded >75% (1154/1538) of the time to interactive messages sent over 12 weeks, and 69% (9/13)of the participants were still engaged with the program at week 12. During a focus group conducted after program completion,the participants remarked that the message frequency was appropriate, and those who had participated in our in-person workshopsreflected that the messages were reminiscent of the workshop content. Participants rated goal setting, behavior tracking, andtailored messages most highly and informed planned adaptations to the platform. Participants described the program as: ""interactive,informative, enjoyable, very convenient, reliable, motivational, productive, and reflective. Conclusions: We partnered with youths in the initial content development and pilot testing of a novel SMS text messagingplatform to support diabetes prevention. This study is unique in the triple partnership we formed among researchers, technologyexperts, and diverse youths to develop a mobile health platform to address diabetes-related disparities";;
The essential role of dual-energy x-ray absorptiometry in the prediction of subclinical cardiovascular disease;2024;FRONTIERS IN CARDIOVASCULAR MEDICINE;10.3389/fcvm.2024.1377299;Web of Science;Subclinical cardiovascular disease (Sub-CVD) is an early stage of cardiovascular disease and is often asymptomatic. Risk factors, including hypertension, diabetes, obesity, and lifestyle, significantly affect Sub-CVD. Progress in imaging technology has facilitated the timely identification of disease phenotypes and risk categorization. The critical function of dual-energy x-ray absorptiometry (DXA) in predicting Sub-CVD was the subject of this research. Initially used to evaluate bone mineral density, DXA has now evolved into an indispensable tool for assessing body composition, which is a pivotal determinant in estimating cardiovascular risk. DXA offers precise measurements of body fat, lean muscle mass, bone density, and abdominal aortic calcification, rendering it an essential tool for Sub-CVD evaluation. This study examined the efficacy of DXA in integrating various risk factors into a comprehensive assessment and how the application of machine learning could enhance the early discovery and control of cardiovascular risks. DXA exhibits distinct advantages and constraints compared to alternative imaging modalities such as ultrasound, computed tomography, magnetic resonance imaging, and positron emission tomography. This review advocates DXA incorporation into cardiovascular health assessments, emphasizing its crucial role in the early identification and management of Sub-CVD.;;
The impact of comorbidities and economic inequality on COVID-19 mortality in Mexico: a machine learning approach;2024;FRONTIERS IN BIG DATA;10.3389/fdata.2024.1298029;Web of Science;"Introduction Studies from different parts of the world have shown that some comorbidities are associated with fatal cases of COVID-19. However, the prevalence rates of comorbidities are different around the world, therefore, their contribution to COVID-19 mortality is different. Socioeconomic factors may influence the prevalence of comorbidities; therefore, they may also influence COVID-19 mortality.Methods This study conducted feature analysis using two supervised machine learning classification algorithms, Random Forest and XGBoost, to examine the comorbidities and level of economic inequalities associated with fatal cases of COVID-19 in Mexico. The dataset used was collected by the National Epidemiology Center from February 2020 to November 2022, and includes more than 20 million observations and 40 variables describing the characteristics of the individuals who underwent COVID-19 testing or treatment. In addition, socioeconomic inequalities were measured using the normalized marginalization index calculated by the National Population Council and the deprivation index calculated by NASA.Results The analysis shows that diabetes and hypertension were the main comorbidities defining the mortality of COVID-19, furthermore, socioeconomic inequalities were also important characteristics defining the mortality. Similar features were found with Random Forest and XGBoost.Discussion It is imperative to implement programs aimed at reducing inequalities as well as preventable comorbidities to make the population more resilient to future pandemics. The results apply to regions or countries with similar levels of inequality or comorbidity prevalence.";;
Trajectory of breastfeeding among Chinese women and risk prediction models based on machine learning: a cohort study;2024;BMC PREGNANCY AND CHILDBIRTH;10.1186/s12884-024-07010-z;Web of Science;BackgroundBreastfeeding is the optimal source of nutrition for infants and young children, essential for their healthy growth and development. However, a gap in cohort studies tracking breastfeeding up to six months postpartum may lead caregivers to miss critical intervention opportunities.MethodsThis study conducted a three-wave prospective cohort analysis to examine maternal breastfeeding trajectories within the first six months postpartum and to develop risk prediction models for each period using advanced machine learning algorithms. Conducted at a leading Maternal and Children's hospital in China from October 2021 to June 2022, data were gathered via self-administered surveys and electronic health records.ResultsOf the 3307 women recruited, 3175 completed the surveys, yielding a 96% effective response rate. Breastfeeding(BF) rates were observed at 100%, 96%,93% and 83% at discharge, 42 day, 3 month and 6 month postpartum, respectively. Exclusively breastfeeding(EBF) rates were recorded at 91%, 64%,72% and 58% for the same intervals. Among the five machine learning methods employed, Random Forest (RF) demonstrated superior accuracy in predicting breastfeeding patterns, with classification accuracies of 0.629 and an area under the receiver operating characteristic curve (AUC) of 0.8122 at 42 days, 0.925 and an AUC of 0.9800 at 3 months, and 0.836 and an AUC of 0.9463 at 6 months postpartum, respectively. Key predictive factors for breastfeeding at 42 days postpartum included the newborn's birth weight and the mother's pre-delivery and prenatal weights. Predictors for feeding type at 3 months and 6 months postpartum included early feeding types and the scores from the Breastfeeding Self-Efficacy Scale-short Form (BSES-SF) at 6 months. The predictive model based on follow-up data showed strong performance.ConclusionBreastfeeding rates slightly declined from discharge to 6 months postpartum. The breastfeeding context in this region is comparatively optimistic both within China and internationally. Factors such as newborn's birth weight, gestational age, maternal weight management before and during pregnancy, early support and breastfeeding success, breastfeeding knowledge and self-efficacy are intricately linked to long-term breastfeeding outcomes. This study highlights critical, modifiable risk factors for early breastfeeding stages, providing valuable insights for enhancing breastfeeding intervention programs and informed decision-making.;;
Use of self-organizing maps for the classification of cardiometabolic risk and physical fitness in adolescents;2024;INTERNATIONAL JOURNAL OF ADOLESCENCE AND YOUTH;10.1080/02673843.2024.2417903;Web of Science;This study aimed to automatically classify physical fitness and cardiometabolic risk in a Chilean adolescent using self-organizing maps. This cross-sectional study analysed a nationally representative database from the Physical Education Quality Measurement System (n = 7197). Physical fitness and cardiometabolic risk variables were derived from anthropometric indicators. Self-Organizing maps (SOM) were employed to identify participant profiles based on an unsupervised predictive model. After implementing and training the SOM, a detailed analysis of the generated maps was conducted to interpret the revealed relationships and clusters. The analysis resulted in three classification groups, categorizing the sample into low, moderate, and high-risk levels. Students with better physical fitness exhibited lower cardiometabolic risk levels and a lower body mass index. SOM, through an unsupervised model, is a reliable tool for classifying cardiometabolic risk and physical fitness in adolescents.;;
Vocorder Device Validation in Clinical Settings - Continuous Monitoring of Individuals (Vocorder Clinical Validation-VCV). This Clinical Study Will Explore the Correlation Analysis Between Volatile Organic Compounds (VOC) Profiles in Breath As Detected by the VOCORDER Breath Analyser and Electronic Medical Data As Collected by Medical Professionals. the Obtained Results Are Expected to Be Significant in Refining the Technology of Breath Analysis in the VOCORDER Breath Analyser for the Early Detection of Diseases of Interest.;2024;clinicaltrials.gov;;Embase;Brief Summary;;
Adherence to the World Health Organization's physical activity recommendation in preschool-aged children: a systematic review and meta-analysis of accelerometer studies;2023;INTERNATIONAL JOURNAL OF BEHAVIORAL NUTRITION AND PHYSICAL ACTIVITY;10.1186/s12966-023-01450-0;Web of Science;BackgroundThe World Health Organization (WHO) recommend that preschool-aged children should engage in 180 min of total physical activity (TPA) including 60 min of moderate-to-vigorous physical activity (MVPA) each day. No systematic reviews or meta-analyses have pooled adherence to the recommendation across multiple studies. This study aimed to estimate the prevalence of preschool-aged children achieving the WHO's physical activity recommendation for young children, and determine if the prevalence differed between boys and girls.MethodsPrimary literature searches were conducted on six online databases and a machine learning assisted systematic review was used to identify relevant studies. Studies written in English reporting on the prevalence of children aged 3-5 years achieving overall WHO physical activity recommendation or the individual TPA or MVPA aspects of the recommendation measured using accelerometers were eligible for inclusion. Random effects meta-analysis was used to determine the prevalence of preschools achieving the overall WHO recommendation and the individual TPA and MVPA aspect of the recommendation, and to determine difference in prevalence between boys and girls.ResultsForty-eight studies reporting on 20,078 preschool-aged children met the inclusion criteria. Based on the most commonly employed accelerometer cut-points across all aspects of the recommendation, 60% (95% Confidence Interval [CI] = 37%, 79%) of preschool-aged children adhered to the overall physical activity recommendation, 78% (95% CI = 38%, 95%) adhered to the TPA aspect of the recommendation, and 90% (95% CI = 81%, 95%) adhered to the MVPA aspect of the recommendation. There was substantial variability is prevalence estimates between different accelerometer cut-points. Girls were significantly less likely to achieve the overall recommendation and the MVPA aspect of the recommendation than boys were.ConclusionsAlthough there was substantial variability in estimated prevalence of preschool-aged children adhering the WHO physical activity recommendation between various accelerometer cut-points, the weight of available evidence suggests that the majority of young children are adhering to the overall recommendation and the individual TPA and MVPA aspects of the recommendation. Large-scale, intercontinental surveillance studies are needed to further strengthen the evidence regarding the prevalence of preschool-aged children achieving physical activity recommendation globally.;;
Adolescent relational behaviour and the obesity pandemic: A descriptive study applying social network analysis and machine learning techniques;2023;PLOS ONE;10.1371/journal.pone.0289553;Web of Science;AimTo study the existence of subgroups by exploring the similarities between the attributes of the nodes of the groups, in relation to diet and gender and, to analyse the connectivity between groups based on aspects of similarities between them through SNA and artificial intelligence techniques. Methods235 students from 5 different educational centres participate in this study between March and December 2015. Data analysis carried out is divided into two blocks: social network analysis and unsupervised machine learning techniques. As for the social network analysis, the Girvan-Newman technique was applied to find the best number of cohesive groups within each of the friendship networks of the different classes analysed. ResultsAfter applying Girvan-Newman in the three classes, the best division into clusters was respectively 2 for classroom A, 7 for classroom B and 6 for classroom C. There are significant differences between the groups and the gender and diet variables. After applying K-means using population diet as an input variable, a K-means clustering of 2 clusters for class A, 3 clusters for class B and 3 clusters for class C is obtained. ConclusionAdolescents form subgroups within their classrooms. Subgroup cohesion is defined by the fact that nodes share similarities in aspects that influence obesity, they share attributes related to food quality and gender. The concept of homophily, related to SNA, justifies our results. Artificial intelligence techniques together with the application of the Girvan-Newman provide robustness to the structural analysis of similarities and cohesion between subgroups.;;
An explainable machine learning ensemble model to predict the risk of ovarian cancer in BRCA-mutated patients undergoing risk-reducing salpingo-oophorectomy;2023;FRONTIERS IN ONCOLOGY;10.3389/fonc.2023.1181792;Web of Science;IntroductionIt has been estimated that 19,880 new cases of ovarian cancer had been diagnosed in 2022. Most epithelial ovarian cancer are sporadic, while in 15%-25% of cases, there is evidence of a familial or inherited component. Approximately 20%-25% of high-grade serous carcinoma cases are caused by germline mutations in the BRCA1 and BRCA2 genes. However, owing to a lack of effective early detection methods, women with BRCA mutations are recommended to undergo bilateral risk-reducing salpingo-oophorectomy (RRSO) after childbearing. Determining the right timing for this procedure is a difficult decision. It is crucial to find a clinical signature to identify high-risk BRCA-mutated patients and determine the appropriate timing for performing RRSO. MethodsIn this work, clinical data referred to a cohort of 184 patients, of whom 7.6% were affected by adnexal tumors including invasive carcinomas and intraepithelial lesions after RSSO has been analyzed. Thus, we proposed an explainable machine learning (ML) ensemble approach using clinical data commonly collected in clinical practice to early identify BRCA-mutated patients at high risk of ovarian cancer and consequentially establish the correct timing for RRSO. ResultsThe ensemble model was able to handle imbalanced data achieving an accuracy value of 83.2%, a specificity value of 85.3%, a sensitivity value of 57.1%, a G-mean value of 69.8%, and an AUC value of 71.1%. DiscussionIn agreement with the promising results achieved, the application of suitable ML techniques could play a key role in the definition of a BRCA-mutated patient-centric clinical signature for ovarian cancer risk and consequently personalize the management of these patients. As far as we know, this is the first work addressing this task from an ML perspective.;;
Big Data and Machine Learning as Tools for the Biomedical Field;2023;Annals of Nutrition and Metabolism;;Web of Science;Big Data involves data whose Volume, Variety (diversity), Velocity, & complexity requires new techniques, algorithms, and analyses to extract valuable and hidden knowledge. The biomedical field has undergone a true Big Data revolution during the past decades headed by the reduction in costs of omics technologies, and the benefits of the Internet of Things (e.g., wearable technologies). Fortunately, major advances in our ability to generate biological data have been also observed in computational mathematics. Particularly, Machine Learning (ML), a subbranch of Artificial Intelligence, has experienced a notable boost due to its ability to automatically generate predictive and descriptive models from massive amounts of data. Thanks to ML algorithms, today we are able of providing results that were not possible just twenty years ago. In the biomedical field, ML models can be used for descriptive purposes (to understand a complex reality), diagnostic goals (to determine why did it happen), making predictions (to forecast what will happen), and prescriptive intentions (to establish how can we make it happen). When the purpose is to establish a diagnosis or to make a prediction, ML techniques belonging to the Supervised Learning group are selected (opting for classifiers or regressors depending on the outcome type). On the other hand, when the goal is to understand a complex scenario (e.g., disentangling a molecular network or identifying new patient endotype subgroups) Unsupervised Learning ML techniques are preferred (e.g., clustering or association rules). Despite the noticeable advances of ML, most of the employed techniques still suffer from trustworthy interpretability and explainability of the obtained models since they do not explain their predictions in a humanunderstandable way, which is known as the black box problem. This issue gives rise to what is known as eXplainable Artificial Intelligence (XAI), which recommends the use of transparent models that are understandable themselves, and of post-hoc explainability techniques which aim to communicate understandable information about how a complex model produces its predictions for any given input. This new XAI trend is gaining relevance, especially in the biomedical field, since medical experts do not trust decisions provided by black-box models. In the past years, our research group has pursued the implementation of ML techniques for solving biomedical problems asserting the XAI trend recommendations. Particularly, we have employed association rule unsupervised ML techniques for the understanding of the molecular mechanisms underlying weight loss in obesity, and for the construction of early-life predictive models of insulin resistance. For that, we have employed self-explainable ML models, such as association rules, or applied post-hoc explainability techniques such as the famous SHapley Additive exPlanations (SHAP). Our results have supposed great advances in the biochemistry nutritional field. If validated in independent populations, their implementation in healthcare systems would improve the quality of life of children with obesity who might avoid suffering metabolic disturbances in the future.;;
Body Mass Index and Caries: Machine Learning and Statistical Analytics of the Dental, Oral, Medical Epidemiological (DOME) Nationwide Big Data Study;2023;METABOLITES;10.3390/metabo13010037;Web of Science;"The objectives of the research were to analyze the association between Body Mass Index (BMI) and dental caries using novel approaches of both statistical and machine learning (ML) models while adjusting for cardiovascular risk factors and metabolic syndrome (MetS) components, consequences, and related conditions. This research is a data-driven analysis of the Dental, Oral, Medical Epidemiological (DOME) big data repository, that integrates comprehensive socio-demographic, medical, and dental databases of a nationwide sample of dental attendees to military dental clinics for 1 year aged 18-50 years. Obesity categories were defined according to the World Health Organization (WHO): under-weight: BMI < 18.5 kg/m(2), normal weight: BMI 18.5 to 24.9 kg/m(2), overweight: BMI 25 to 29.9 kg/m(2), and obesity: BMI >= 30 kg/m(2). General linear models were used with the mean number of decayed teeth as the dependent variable across BMI categories, adjusted for (1) socio-demographics, (2) health-related habits, and (3) each of the diseases comprising the MetS definition MetS and long-term sequelae as well as associated illnesses, such as hypertension, diabetes, hyperlipidemia, cardiovascular disease, obstructive sleep apnea (OSA) and non-alcoholic fatty liver disease (NAFLD). After the statistical analysis, we run the XGBoost machine learning algorithm on the same set of clinical features to explore the features' importance according to the dichotomous target variable of decayed teeth as well as the obesity category. The study included 66,790 subjects with a mean age of 22.8 +/- 7.1. The mean BMI score was 24.2 +/- 4.3 kg/m(2). The distribution of BMI categories: underweight (3113 subjects, 4.7%), normal weight (38,924 subjects, 59.2%), overweight (16,966, 25.8%), and obesity (6736, 10.2%). Compared to normal weight (2.02 +/- 2.79), the number of decayed teeth was statistically significantly higher in subjects with obesity [2.40 +/- 3.00; OR = 1.46 (1.35-1.57)], underweight [2.36 +/- 3.04; OR = 1.40 (1.26-1.56)] and overweight [2.08 +/- 2.76, OR = 1.05 (1.01-1.11)]. Following adjustment, the associations persisted for obesity [OR = 1.56 (1.39-1.76)] and underweight [OR = 1.29 (1.16-1.45)], but not for overweight [OR = 1.11 (1.05-1.17)]. Features important according to the XGBoost model were socioeconomic status, teeth brushing, birth country, and sweetened beverage consumption, which are well-known risk factors of caries. Among those variables was also our main theory independent variable: BMI categories. We also performed clinical features importance based on XGBoost with obesity set as the target variable and received an AUC of 0.702, and accuracy of 0.896, which are considered excellent discrimination, and the major features that are increasing the risk of obesity there were: hypertension, NAFLD, SES, smoking, teeth brushing, age as well as our main theory dependent variable: caries as a dichotomized variable (Yes/no). The study demonstrates a positive association between underweight and obesity BMI categories and caries, independent of the socio-demographic, health-related practices, and other systemic conditions related to MetS that were studied. Better allocation of resources is recommended, focusing on populations underweight and obese in need of dental care.";;
CARS in 2023: Redefining Radiology and Surgery;2023;International Journal of Computer Assisted Radiology and Surgery;10.1007/s11548-023-02878-2;Embase;"Purpose Radiology traditionally has been defined as ''the science dealing with x-rays or nuclear radiation, especially for medical uses''. Surgery has been defined as ''the art, practice, or work of treating disease, injuries, or deformities by manual or operative procedures''. [Dictionary.com] In 2023, radiology is more appropriately defined as ''imaging''; surgery might be more appropriately defined as ''interventional diagnosis or treatment'' (as opposed to pharmacological diagnosis or treatment). We argue that the traditional boundaries defining ''radiology'' and ''surgery'' no longer are appropriate in 2023-in part thanks to computer-based advances over the past several decades, e.g. deep learning (DL) and artificial intelligence (AI)-and that even ''imaging'' and ''intervention'' suggest boundaries that are being dismantled as diagnosis and treatment techniques advance and integrate. Methods Medical imaging has progressed from radiological films (''x-rays'') to non-radiological imaging (e.g. ultrasound) to ''unseen by human eyes'' digital computerized image analysis such as DL/AI interpretation of chest CTs and mammograms. No longer is an image created; rather, the data collected (e.g. pixels) are directly analyzed to provide information (''normal'' vs ''abnormal'', ''normal'' vs ''fibrocystic disease'' vs ''carcinoma''). Thanks to DI/AI-where thousands (potentially millions) of patients'' imaging data are accumulated and assessed (greatly exceeding the ''data bank'' an individual radiologist can accumulate in a lifetime)-accuracy can be markedly enhanced. Surgery now includes techniques quite remote from traditional manipulation, excision, or implantation. Examples include not only radiosurgery and interventional ''radiology'', but more unusual techniques such as transient blood-brain barrier opening with MRI-guided focused ultrasound. Where is ''Computer-Assisted Radiology and Surgery'' headed in 2023 and beyond? We argue that CARS, cutting-edge technology for diagnosis and treatment, will bypass the traditional healthcare institutions (office-, clinic-, or hospital-based imaging and interventions) in favor of gathering data directly from the patient for diagnosis and using similar patient-based techniques for treatment. Results Wearable devices (''wearables'') meet the criteria for truly patientbased, ''point-of-care'' (POC), diagnosis and treatment. Continuous individual data, pooled from thousands of patients, are used in digital clinical trials-yielding (thanks to DL/AI computer analysis) precise, personalized diagnoses and treatments. Wearable devices, those in close contact/proximity to the individual, include smart rings/wristbands/ wristwatches, skin patches, smart clothing/glasses/masks, ingestibles, and implantables. A graphene patch for bioimpedance monitoring can penetrate tissue 20 mm or more; such patches have been shown to be an accurate blood pressure monitor. Microneedle patches-some biodegradable-can deliver drugs, cells, and subcellular moieties over hours to days to weeks. Liquid metal (flexible) fibers have been embroidered onto fabric for ''smart garments''. An obvious application is diabetes: glucose can be monitored continuously by a skin patch, with feedback-guided delivery of insulin and/or glucagon by an implantable device. Multi-sensor rings and bracelets are employed for personalized protocols addressing conditions from weight management/obesity to sleep disorders. Optimizing sleep with such wearables to enhance athletic performance has been pursued by professional sports organizations like the National Basketball Association in the USA. Additional applications of wearables include monitoring infants for developmental motor milestones, monitoring the response to medications of patients with Parkinson's disease or epilepsy, and monitoring/treating gastrointestinal tract disorders with smart ingestibles. Smartphones are key to many wearable applications. They can be combined with various biosensing wearables for analysis of bodily fluids, e.g. mouthguard (saliva), contact lens (tears), skin patch (sweat). The technology is advancing from monitoring a single analyte (e.g. pH) to multiplex monitoring. Data from individual patients can be transmitted by smartphone (in some applications, smartphones equipped with optical or electrochemical sensors) to a central data repository for DL/AI assessment. Thus both diagnosis and treatment can be continuously upgraded thanks to the combination of individual and ''crowd-sourced'' data. Wearables offer continuous personalized diagnosis and treatment that is not constrained by traditional institution- and physician-based ''intermediate'' institutions. The efficiency of wearable ''closed-loop'' diagnosis and treatment at the level of the individual patient will- thanks to DL/AI-transform traditional Radiology and Surgery in ways we cannot even imagine at present. Conclusion As more conditions previously considered for traditional surgery become treatable with pharmacologic and cell-based technologies, ''smart'' wearables communicating amongst themselves (at the individual level) and with central data repositories (via smartphone) promise to be the next generation of CARS.";;
Childhood Obesity in the Community Context;2023;Annals of Nutrition and Metabolism;10.1159/000526958;Embase;"In Mexico, childhood obesity has been increasing up to 10% in the last two decades; as well as efforts to prevent the increase of overweight, especially in school children and adolescents. Worldwide there is agreement that the ethology of obesity is multifactorial and that, in order to reduce it, strategies are required that are not only of short duration (one year) or in a single environment (school) or applied to a change of conduct (seals on packaging), as has been done for several years. What is required are sustainable and innovative strategies that work at multiple levels of influence: on behavior, on the skills of the population (Hennessy, Korn, Economos). For this reason, sustainable community manoeuvres should be considered, identifying a community as the space where a group of people works (e.g., company or institution or school), or where a group of people lives (eg town, city, region) or where they meet for their social identity (e.g. sports or spiritual practices). Thus, the community strategy would be developed specifically for a given community, involving social and economic policies specific to that community, and environmental modifications that as a whole can reduce the risk of childhood obesity in the group. Examples of this are the North Karelia Project in Finland (1970), which involved community leaders and offered positive messages focused on the modification of practices for the reduction of cardiovascular risk, low cost and sustainable in the long term. The project Prevenons l'Obesite Des Enfants (EPODE) (2004-) uses social marketing and training and has been implemented in more than 500 communities in Europe and Mexico (Borys JM). In Mexico, the 5 Steps for School Health strategy was linked to the National Agreement for Food Health (ANSA) and achieved its implementation in schools from the individual context of the subject to consumption strategies in the school store, linked to government policies to promote the reduction of risk of childhood overweight and obesity.";;
Clustering methods for people living with overweight or obesity -A systematic scoping review;2023;Obesity Facts;10.1159/000530456;Embase;Introduction: Obesity and its associated comorbidities have become major global health issues. Clustering people with overweight and obesity may improve our understanding of different phenotypes of obesity, which could steer preventive and treatment strategies. Yet, it is unclear which clustering methods are used in obesity research. This scoping review aims to give an overview of clustering methods used to group populations with overweight and obesity, in which groups of people living with overweight and obesity clustering is done, and which variables are used for clustering. Methods: The following databases were searched systematically from January 1, 2012, up to July 15, 2022: EMBASE, PubMed (including MEDLINE), Web of Science Core Collection, CINAHL and Scopus. Articles were eligible if they included people with overweight and/or obesity and reported any type of clustering method. A diagnosis or classification of overweight or obesity needed to be explicitly mentioned. Case reports and case series, systematic reviews, animal studies and conference abstracts or proceedings were excluded. There was no limit on the age of patients or the degree of adiposity. All studies were screened by two independent reviewers (JS and LS) by title, abstract and full text, using Rayyan. A third reviewer (DDC) was consulted to resolve conflicts. References of the included full texts were screened for eligible studies. Results: Out of the 13,317 potentially eligible records, 29 studies were included after screening. We found 10 studies using Latent Cluster Analysis, 10 studies using Two-step Cluster Analysis, 5 studies using K-means Cluster Analysis, 2 studies using Hierarchical Cluster Analysis and 2 studies using Latent Profile analysis. These cluster methods have been implemented in various populations of people living with overweight or obesity. Firstly, clustering was done in general populations living with overweight or obesity. Sometimes, specific groups, including children or adults, women, postmenopausal women, and truck drivers were targeted. Interestingly, participants from trial data were clustered to explore the effects of lifestyle interventions post-hoc. Secondly, populations suffering other obesity-related comorbidities, including diabetes type 2, endstage kidney disease and Metabolic Syndrome, were investigated. Thirdly, populations with eating disorders, such as binge eating, were used for clustering. Finally, patients undergoing bariatric surgery were also clustered. Variables used in the clustering were mostly from multiple sources, including demographics, genetics, cognitive, eating habits, lifestyle factors, psychosocial determinants, and gut microbiome. Conclusion: This scoping review gives an extensive overview of cluster methods used in people living with overweight and obesity in the last 10 years. Of note, only hard clustering techniques, allocating a person solely to a cluster, were used. Moreover, emerging techniques such as machine learning and artificial intelligence were not frequently used in recent obesity clustering methods.;;
Development and validation of a weight-loss predictor to assist weight loss management;2023;SCIENTIFIC REPORTS;10.1038/s41598-023-47930-y;Web of Science;This study aims to develop and validate a modeling framework to predict long-term weight change on the basis of self-reported weight data. The aim is to enable focusing resources of health systems on individuals that are at risk of not achieving their goals in weight loss interventions, which would help both health professionals and the individuals in weight loss management. The weight loss prediction models were built on 327 participants, aged 21-78, from a Finnish weight coaching cohort, with at least 9 months of self-reported follow-up weight data during weight loss intervention. With these data, we used six machine learning methods to predict weight loss after 9 months and selected the best performing models for implementation as modeling framework. We trained the models to predict either three classes of weight change (weight loss, insufficient weight loss, weight gain) or five classes (high/moderate/insufficient weight loss, high/low weight gain). Finally, the prediction accuracy was validated with an independent cohort of overweight UK adults (n = 184). Of the six tested modeling approaches, logistic regression performed the best. Most three-class prediction models achieved prediction accuracy of > 50% already with half a month of data and up to 97% with 8 months. The five-class prediction models achieved accuracies from 39% (0.5 months) to 89% (8 months). Our approach provides an accurate prediction method for long-term weight loss, with potential for easier and more efficient management of weight loss interventions in the future. A web application is available: https://elolab.shinyapps.io/WeightChangePredictor/.;;
Development and validation of risk prediction models for large for gestational age infants using logistic regression and two machine learning algorithms;2023;JOURNAL OF DIABETES;10.1111/1753-0407.13375;Web of Science;Background: Large for gestational age (LGA) is one of the adverse outcomes during pregnancy that endangers the life and health of mothers and offspring. We aimed to establish prediction models for LGA at late pregnancy.;;
Development of a Novel Methotrexate-Related Neurotoxicity Risk Score in Pediatric Acute Leukemia: A Report from the Reducing Ethnic Disparities in Acute Leukemia (REDIAL) Consortium;2023;Blood;10.1182/blood-2023-189986;Embase;"Introduction: Methotrexate (MTX) chemotherapy is a critical component of contemporary pediatric acute lymphoblastic leukemia (ALL) treatment regimens. However, intrathecal (IT) and intravenous (IV) MTX can result in dose-limiting acute neurotoxicity, which has been associated with an increased risk of ALL relapse. Emerging data suggest the likelihood of MTX neurotoxicity is elevated in Latino patients and those diagnosed at older age or treated with high-dose MTX (> 1g/m2); however, there are no established methods for identifying those at greatest risk. Therefore, we used machine learning algorithms to develop a neurotoxicity risk prediction model in a diverse, multi-ethnic cohort of pediatric patients with ALL. Methods: The Reducing Ethnic Disparities in Acute Leukemia (REDIAL) Consortium enrolls patients diagnosed with ALL from six participating treatment centers in the Southwestern U.S. This interim analysis included pediatric patients (age <20 years) diagnosed and treated for ALL at Texas Children's Hospital (2005-2019). Individuals diagnosed with infant leukemia (<1 year of age) and/or with preexisting neurologic disease were excluded. We retrospectively reviewed medical records to identify clinical, sociodemographic, and Common Terminology Criteria for Adverse Events (CTCAE) grading of toxicities such as transaminitis and hyperbilirubinemia. Address information at the time of diagnosis was geocoded and aligned to the American Community Survey at the census-tract level to define residential social determinants of health (SDOH). Cases of MTX neurotoxicity were identified by manual review of records for any patient who underwent brain MRI imaging during ALL therapy. Cases of acute MTX neurotoxicity were defined following Ponte di Legno Delphi Consensus definitions as neurologic episodes (e.g., seizure, stroke-like symptoms, altered mental status) occurring within 21 days of IV or IT MTX with no other identifiable underlying cause. Demographic and clinical factors were compared between cases of acute MTX-related neurotoxicity and controls using logistic regression models to estimate odds ratios (OR) and 95% confidence intervals (CI). The dataset was randomly split with 80% of observations used in the training stage and 20% reserved for testing. Random forest algorithms with boosting and down sampling were grown using 5-repeat, 10-fold cross validation to optimize tuning parameters. Model performance was evaluated using test and train error rate, area under the curve of the receiver operating characteristic (AUC-ROC), sensitivity, and specificity. Results: A total of 770 patients were eligible and met inclusion criteria. Patients were a mean age of 7.0 years at diagnosis, 54% male, 55% Latino and 45% treated with high-risk protocols. Acute MTX neurotoxicity developed in 134 (17.4%) of patients. In logistic regression models, neurotoxicity odds increased with older age at diagnosis (OR = 1.20, 95% CI: 1.15-1.26), Latino ethnicity (OR = 2.14, 95% CI: 1.38-3.38), treatment on high-risk protocols (OR=4.32, 95% CI: 2.75-6.99), obesity at diagnosis (vs normal weight, OR = 2.54, 95% CI: 1.51-4.22), and CTCAE grade 3 or higher transaminitis (OR = 2.02, 95% CI: 1.03-4.47) or hyperbilirubinemia (OR = 4.71, 95% CI: 1.21-18.41) during induction therapy. Overall, the random forest machine learning algorithm resulted in an AUC-ROC of 0.79 with an error rate of 0.26 in both the training and test sets. The overall sensitivity was 0.71, with a specificity of 0.67. Recognizing ethnic disparities in MTX neurotoxicity may exist, random forest models were generated stratifying on ethnicity (Figure 1), which yielded slightly better performance in non-Latino patients (AUC-ROC = 0.77) than Latino patients (AUC-ROC = 0.73). Conclusions: This interim analysis of data from the REDIAL Consortium demonstrates the potential utility of machine learning algorithms to develop a novel risk prediction model for acute MTX-related neurotoxicity. Efforts to expand this work within the larger REDIAL cohort (n>2,000) and incorporate inherited genetic data are ongoing. Ultimately, this work may inform efforts to preemptively risk-stratify patients and deliver targeted interventions to vulnerable individuals.";;
Early prediction of body composition parameters on metabolically unhealthy in the Chinese population via advanced machine learning;2023;FRONTIERS IN ENDOCRINOLOGY;10.3389/fendo.2023.1228300;Web of Science;Background Metabolic syndrome (Mets) is considered a global epidemic of the 21st century, predisposing to cardiometabolic diseases. This study aims to describe and compare the body composition profiles between metabolic healthy (MH) and metabolic unhealthy (MU) phenotype in normal and obesity population in China, and to explore the predictive ability of body composition indices to distinguish MU by generating machine learning algorithms.Methods A cross-sectional study was conducted and the subjects who came to the hospital to receive a health examination were enrolled. Body composition was assessed using bioelectrical impedance analyser. A model generator with a gradient-boosting tree algorithm (LightGBM) combined with the SHapley Additive exPlanations method was adapted to train and interpret the model. Receiver-operating characteristic curves were used to analyze the predictive value.Results We found the significant difference in body composition parameters between the metabolic healthy normal weight (MHNW), metabolic healthy obesity (MHO), metabolic unhealthy normal weight (MUNW) and metabolic unhealthy obesity (MUO) individuals, especially among the MHNW, MUNW and MUO phenotype. MHNW phenotype had significantly lower whole fat mass (FM), trunk FM and trunk free fat mass (FFM), and had significantly lower visceral fat areas compared to MUNW and MUO phenotype, respectively. The bioimpedance phase angle, waist-hip ratio (WHR) and free fat mass index (FFMI) were found to be remarkably lower in MHNW than in MUNW and MUO groups, and lower in MHO than in MUO group. For predictive analysis, the LightGBM-based model identified 32 status-predicting features for MUNW with MHNW group as the reference, MUO with MHO as the reference and MUO with MHNW as the reference, achieved high discriminative power, with area under the curve (AUC) values of 0.842 [0.658, 1.000] for MUNW vs. MHNW, 0.746 [0.599, 0.893] for MUO vs. MHO and 0.968 [0.968, 1.000] for MUO and MHNW, respectively. A 2-variable model was developed for more practical clinical applications. WHR > 0.92 and FFMI > 18.5 kg/m(2) predict the increased risk of MU.Conclusion Body composition measurement and validation of this model could be a valuable approach for the early management and prevention of MU, whether in obese or normal population.;;
Explained Learning and Hyperparameter Optimization of Ensemble Estimator on the Bio-Psycho-Social Features of Children and Adolescents;2023;ELECTRONICS;10.3390/electronics12194097;Web of Science;For decades, projects have been carried out in various countries to assess the developmental status of children and adolescents using anthropometry and specific kinesiological measurements. There is a need for the ability to evaluate this developmental status using a sufficiently simple method or a calculation to be applicable in practice. The most commonly used feature for this purpose is currently body mass index (BMI). From recent experience, this feature may cause problems if used indiscriminately in the developmental phase of life. Therefore, we aimed to find a more suitable feature set. We used data from Artos, the national program monitoring school children and adolescents in Slovenia. The data was analyzed using machine learning (ML) tools to find the most important features to predict a motor efficiency index (MEI), which has been shown to correlate strongly with a person's health prospects. After data preparation and training a baseline model, a feature selection process was performed, which promoted some features as candidates to predict the motor efficiency index sufficiently. By implementing a hyperparameter optimization, we tuned the ML model to improve its generalization and present the feature interaction more elaborately. We show that besides the single feature's importance, the features' interaction should be considered. In the case of MEI, we find that the skin fold thicknesses can complement BMI and contribute to a better development status assessment of children and adolescents.;;
FINUT 2022 Conference Abstracts;2023;Annals of Nutrition and Metabolism;;Embase;"The proceedings contain 343 papers. The topics discussed include: alterations in the gut microbiota associated with obesity and metabolic disease: cause or consequence?; childhood obesity in the community context; big data and machine learning as tools for the biomedical field; thermogenesis and adipose tissue: effect of genistein; pediatric obesity and comorbidities: a question of time and genetics? the Portuguese experience; nutrigenomics of inflammation; environmental factors associated with school children's excess of weight in communities of Costa Rica; dietary consumption: guided by a focus of nutrient adequacy or selection of foodstuffs?; functional foods as key regulators of gut microbiota in the SARS-CoV-2 infection; immunomodulatory properties of human milk; vitamin d in childhood and adolescent obesity; and new sources of vitamin D and E supplementation during pregnancy.";;
Identifying Young Adults at High Risk for Weight Gain Using Machine Learning;2023;JOURNAL OF SURGICAL RESEARCH;10.1016/j.jss.2023.05.015;Web of Science;"Introduction: Weight gain among young adults continues to increase. Identifying adults at high risk for weight gain and intervening before they gain weight could have a major public health impact. Our objective was to develop and test electronic health record-based machine learning models to predict weight gain in young adults with overweight/class 1 obesity.Methods: Seven machine learning models were assessed, including three regression models, random forest, single-layer neural network, gradient-boosted decision trees, and support vector machine (SVM) models. Four categories of predictors were included: 1) demographics; 2) obesity-related health conditions; 3) laboratory data and vital signs; and 4) neighborhood-level variables. The cohort was split 60:40 for model training and validation. Area under the receiver operating characteristic curves (AUC) were calculated to determine model accuracy at predicting high-risk individuals, defined by > 10% total body weight gain within 2 y. Variable importance was measured via generalized analysis of variance procedures.Results: Of the 24,183 patients (mean [SD] age, 32.0 [6.3] y; 55.1% females) in the study, 14.2% gained >10% total body weight. Area under the receiver operating characteristic curves varied from 0.557 (SVM) to 0.675 (gradient-boosted decision trees). Age, sex, and baseline body mass index were the most important predictors among the models except SVM and neural network.Conclusions: Our machine learning models performed similarly and had modest accuracy for identifying young adults at risk of weight gain. Future models may need to incorporate behavioral and/or genetic information to enhance model accuracy.Published by Elsevier Inc.";;
Incorporating Eating Behaviors into Machine Learning Algorithms to Predict Pediatric Obesity;2023;Obesity;10.1002/oby.23939;Embase;Background: The development of algorithms to predict future risk of pediatric obesity is an important goal for precision medicine. To date, data-driven approaches have relied on large sample sizes and included a range of sociodemographic and lifestyle variables. However, because overconsumption is the primary cause of obesity, incorporation of child eating behaviors into these models may improve their predictability. In this proof-of-concept study, we used machine learning regression to elucidate factors that predict pre-adolescent weight gain among children who are currently without obesity. Methods: Data were obtained from a seven-visit longitudinal study. Across 6 baseline visits (n = 87, 7.8 ± 0.6 years), child and maternal weight/height were measured, child appetitive traits were reported, and children were video recorded eating laboratory meals that varied in portion size and consuming snacks in the absence of hunger. Videos were coded for bite rate, bite size, and active eating time. A year later, children returned for follow-up BMI assessment. We used Pearson's correlations to perform feature selection and ran supervised lasso regression to predict 1-year follow-up BMI percentile with the selected features. Results: Preliminary findings indicate that models including maternal obesity, Tanner stage, income, parental education, bite rate, bite size, portion size susceptibility, and snack intake in absence of hunger modestly predict 1-year changes in BMI percentile among pre-adolescent children. We found the best fit model to have RMSE = 10.1 and R2 = 0.78. Conclusions: Using machine learning approaches and novel eating behavior features such as portion size response, bite rate, and bite size, we developed a modestly robust model to predict a 1-year change in BMI percentile in preadolescent children. Our plans include improving the model by incorporating functional neuroimaging parameters and expanding the sample size.;;
Model and predictor ranking based on machine learning algorithms in application to childhood stunting in Popokabaka health zone (DRC);2023;Annals of Nutrition and Metabolism;10.1159/000530786;Embase;Background and objectives: The prevalence of childhood stunting in Popokabaka is quite high compared to country average. Many studies have been conducted in the last five years to investigate risk factors of stunting in this area. This study are based on conventional statistical approaches, which are constraints to different assumptions such as normality, sample size, linearity. However, the relationship between risk factors and stunting may not obey to these assumptions '. Machine learning and artificial intelligence algorithms have proven the ability to deal with complex data and has been widely used in different research areas, including public health. This research assesses the performance of the most advanced machine learning algorithms to model stunting and rank its risk factors in order of importance Methods: We therefore tested random forest, artificial neural network, support vector machine and partial least square linear discriminant analysis. These algorithms were implemented and optimized in Python programming language. The observation was split into calibration (70 %) and validation (30%) datasets prior to analysis. Results: Among these algorithms, support vector machine shows the lowest misclassification error (overall accuracy = 60 %, sensitivity = 0,27%, specificity = 0,85%), follow by random forest. The three most important variables (in order of importance) are the wealth quantile, the age and the health area. Conclusions: machine learning algorithms may aid policymakers in reducing malnutrition in DRC.;;
Model and predictor ranking based on machine learning algorithms in application to childhood stunting in Popokabaka health zone (DRC);2023;Annals of Nutrition and Metabolism;;Web of Science;Background and objectives: The prevalence of childhood stunting in Popokabaka is quite high compared to country average. Many studies have been conducted in the last five years to investigate risk factors of stunting in this area. This study are based on conventional statistical approaches, which are constraints to different assumptions such as normality, sample size, linearity. However, the relationship between risk factors and stunting may not obey to these assumptions '. Machine learning and artificial intelligence algorithms have proven the ability to deal with complex data and has been widely used in different research areas, including public health. This research assesses the performance of the most advanced machine learning algorithms to model stunting and rank its risk factors in order of importance Methods: We therefore tested random forest, artificial neural network, support vector machine and partial least square linear discriminant analysis. These algorithms were implemented and optimized in Python programming language. The observation was split into calibration (70 %) and validation (30%) datasets prior to analysis. Results: Among these algorithms, support vector machine shows the lowest misclassification error (overall accuracy = 60 %, sensitivity = 0,27%, specificity = 0,85%), follow by random forest. The three most important variables (in order of importance) are the wealth quantile, the age and the health area. Conclusions: machine learning algorithms may aid policymakers in reducing malnutrition in DRC.;;
OBESITY, LOSS-OF-CONTROL EATING, AND THE GUT MICROBIOME IN CHILDREN AND ADOLESCENTS;2023;Journal of Pediatric Gastroenterology and Nutrition;;Embase;Background: Loss of control eating (LOC), the experience of being unable to stop eating regardless of the amount of food consumed, is one of the most common forms of disordered eating behaviors in children and adolescents. Importantly, LOC eating is an underappreciated risk factor for obesity. An emerging feature of the gut microbiome is its ability to influence host behavior through microbial production of molecules that act upon gut neuro-endocrine circuits. The goal of this study was to determine if any gut microbes are associated with LOC eating. Such microbes could alter the risk of obesity by shaping host eating behaviors. Methods: We prospectively recruited a representative child/adolescent cohort in the DC area (NIH cohort) and patients from an adolescent bariatric surgery clinic in Boston (BCH cohort). Participants provided a baseline stool sample and completed a battery of eating behavior assessments, including a interview-based assessment of LOC eating for the NIH cohort and for the BCH cohort, the Yale Food Addiction Scale, which has a LOC eating subscale score. Children in the NIH cohort also participated in a buffet meal to assess objective food choices in the laboratory setting. We performed shotgun metagenomic sequencing from stool samples and used Kraken2, Bracken, and custom Python scripts for sequence analysis. Machine learning for classification was performed using a Random Forest Classifier along with the Synthetic Minority Oversampling (SMOTE) algorithms from scikit-learn. Results: In the NIH cohort, 199 patients were recruited, with a mean age of 12.9y (range 8.0 to 17.9y). Of those, 186 completed stool sampling and the eating behavior assessments. In the BCH cohort, 38 patients seeking bariatric surgery were recruited, with a mean age of 17.5y (range 15.1 to 22.3y). Seventeen patients (9.1%) in the NIH cohort and 7 patients (18.4%) in the bariatric cohort reported LOC eating. Machine learning successfully distinguished participants with LOC eating from those without, using only microbiome abundances at the species level (AUC 0.901). Eleven bacterial species were more abundant in patients without LOC eating, including Blautia wexlerae, Phascolarbtobacterium faecium, and several Bacteroides species (q < 0.05). In the BCH cohort, B. wexlerae and several Bacteroides species were also more abundant in non-LOC patients, though this was not significant after multiple test correction. From a mechanistic standpoint, we focused on a recently discovered B. wexlerae pathway encoding enzymes that synthesize bioactive lipids that may activate satiety hormone production in the gut. We found that the abundance of bacterial gene content in this pathway was much higher in the NIH cohort (most of whom had normal weight) than the BCH cohort (all of whom had class 3 obesity), that higher abundance of these gene was correlated with decreased fat intake in a buffet meal, and that bariatric surgery resulted in increased abundance of these microbial genes. Conclusions: Our study found an association between the microbiome and LOC eating. One specific Blautia pathway was associated with non-LOC eating, decreased fat intake and the post-surgical state in bariatric surgery patients, supporting the idea that the pathway's product, a set of bioactive lipids, might activate the gut-brain satiety axis. More research into the microbiome's role in eating behaviors may lead to novel therapeutics to protect against disordered eating and obesity. A. Confusion matrix (right) and ROC curve (left) for classifying patients with and without LOC eating using microbiome data at the species level. AUC was 0.901. B. Relative abundance of B. wexlerae and P. faecium in patients with and without LOC. C. The relative abundance of Blautia genes involved in bioactive lipid synthesis in the NIH cohort compared to the BCH Cohort. D. The relative abundance of these Blautia genes compared to the percent of calories ingested from fat in a buffet meal from the NIH cohort.;;
Predicting BMI Percentile in Hispanic/Latino Youth Using a Machine Learning Approach: Findings From the Hispanic Community Children's Health Study/Study of Latino Youth;2023;Circulation;10.1161/circ.147.suppl_1.p128;Embase;"Introduction: Among 2-19-year-olds in the United States (US), 26.2% of Hispanic/Latino youth vs. 16.6% of non-Hispanic White youth experience obesity (body mass index [BMI] percentile ≥age- and sex- specific 95 BMI percentile). While health behaviors are important, psychological and sociocultural measures vary across racial/ethnic groups and may underpin obesity disparities. Machine learning is one statistical approach that can be used to identify determinants of obesity. However, few studies have applied these methods to childhood obesity research, with most studies only examining traditional risk factors and creating a single model across all racial/ethnic groups. Our objective was to identify key predictors of BMI percentile in Hispanic/Latino youth to help design childhood obesity interventions that reduce health disparities. Hypothesis: We hypothesized that a BMI percentile prediction model developed for Hispanic/Latino youth would identify both traditional and novel risk factors as important determinants. Methods: Hispanic/Latino 8-16-year-olds from the 4 US sites of the Hispanic Community Children's Health Study/Study of Latino Youth (SOL Youth) were examined ( n=1,466). BMI percentiles were determined via measured height and weight and CDC growth charts. A supervised machine learning approach, Least Absolute Shrinkage and Selection Operator (LASSO) regression, was used with BMI percentile as the outcome. There were 98 predictor variables examined spanning demographics; health behaviors; and environmental, psychological, and sociocultural measures. LASSO-selected variables were entered into a multivariable linear regression model to obtain effect estimates. P-values were adjusted for both multiple testing and the variable selection process and assessed with α<0.025. Models incorporated survey weights, and missing data were imputed. Results: A LASSO model with 30 variables yielded the optimum mean squared error (MSE; R =0.37), but a 12-variable solution was selected based on MSE and parsimony. Four associations were statistically significant. Perception of being larger than the “ideal” body weight (β=8.75 [95% CI: 8.21, 12.13]), reporting disordered eating (β=12.61 [95% CI: 10.64, 14.91]), and having a parent with obesity (β=4.90 [95% CI: 3.49, 17.75]) were associated with a higher BMI percentile. Spending >$5 weekly on snacks/beverages/fast food (β=-4.62 [95% CI: -19.18, -2.09]) was associated with a lower BMI percentile. Conclusions: Psychological and parental factors predicted higher BMI percentile and greater money spent on snacks/beverages/fast food predicted lower BMI percentile among Hispanic/Latino youth in the US. Addressing Hispanic/Latino youth's relationships with food, body weight, and parents may be important in obesity interventions. Longitudinal research is needed to clarify directionality and replicate novel findings.";;
Prediction of gestational diabetes mellitus using machine learning from birth cohort data of the Japan Environment and Children's Study;2023;SCIENTIFIC REPORTS;10.1038/s41598-023-44313-1;Web of Science;Recently, prediction of gestational diabetes mellitus (GDM) using artificial intelligence (AI) from medical records has been reported. We aimed to evaluate GDM-predictive AI-based models using birth cohort data with a wide range of information and to explore factors contributing to GDM development. This investigation was conducted as a part of the Japan Environment and Children's Study. In total, 82,698 pregnant mothers who provided data on lifestyle, anthropometry, and socioeconomic status before pregnancy and the first trimester were included in the study. We employed machine learning methods as AI algorithms, such as random forest (RF), gradient boosting decision tree (GBDT), and support vector machine (SVM), along with logistic regression (LR) as a reference. GBDT displayed the highest accuracy, followed by LR, RF, and SVM. Exploratory analysis of the JECS data revealed that health-related quality of life in early pregnancy and maternal birthweight, which were rarely reported to be associated with GDM, were found along with variables that were reported to be associated with GDM. The results of decision tree-based algorithms, such as GBDT, have shown high accuracy, interpretability, and superiority for predicting GDM using birth cohort data.;;
Progress in Brain Magnetic Resonance Imaging of Individuals with Prader-Willi Syndrome;2023;JOURNAL OF CLINICAL MEDICINE;10.3390/jcm12031054;Web of Science;Prader-Willi syndrome (PWS), a rare epigenetic disease mapping the imprinted chromosomal domain of 15q11.2-q13.3, manifests a regular neurodevelopmental trajectory in different phases. The current multimodal magnetic resonance imaging (MRI) approach for PWS focues on morphological MRI (mMRI), diffusion MRI (dMRI) and functional MRI (fMRI) to uncover brain alterations. This technique offers another perspective to understand potential neurodevelopmental and neuropathological processes of PWS, in addition to specific molecular gene expression patterns, various clinical manifestations and metabolic phenotypes. Multimodal MRI studies of PWS patients demonstrated common brain changes in the volume of gray matter, the integrity of the fiber tracts and the activation and connectivity of some networks. These findings mainly showed that brain alterations in the frontal reward circuit and limbic system were related to molecular genetics and clinical manifestations (e.g., overwhelming eating, obsessive compulsive behaviors and skin picking). Further exploration using a large sample size and advanced MRI technologies, combined with artificial intelligence algorithms, will be the main research direction to study the structural and functional changes and potential pathogenesis of PWS.;;
The Association Between Adverse Childhood Experiences and Physiologic Age as Determined by Artificial Intelligence ECG;2023;CIRCULATION;10.1161/circ.148.suppl_1.16913;Web of Science;;;
The Effect of a Machine Learning-Based Mobile Application on Physical Activity in Overweight and Obese Women;2023;clinicaltrials.gov;;Embase;Brief Summary;;
The Latur Project: screening for non-communicable disease in rural India;2023;Maturitas;10.1016/j.maturitas.2023.04.024;Embase;Background & Aim: Increased lifespan and changing lifestyle has paved the way for non-communicable disorders (NCDs), compromising the quality of life of older women especially in areas where access to healthcare is limited. This study was aimed to highlight the prevalence of various common NCDs in perimenopausal women living in rural India where sunshine is abundant, women work in fields, nutrition is not the most ideal, and assess to healthcare is not adequate. If by utilization of some specific symptoms, women at risk of NCDs could be identified then it would make it easier to identify such women and offer them adequate healthcare by referring them to higher centers out of their small villages. Methods: 400 perimenopausal women across 3 villages in the Latur district in Maharashtra were selected based on home visits in the villages within the age group of 45-60 years, which are the ages when there are maximum perimenopausal symptoms and early stages of NCDs. The study was planned with the Latur District Health Authority, Government of Maharashtra, India. A Survey Questionnaire was formulated and validated with the help of inter-disciplinary experts based on commonly asked questions for various NCDs. Accredited Social Health Activist (ASHA) workers were involved in identifying such women in 3 villages to seek consent & collect data based in the developed questionnaire. Collected data was then digitized to enable statistical analysis and also subjected to analysis through Artificial Intelligence (AI). Findings: The prevalence of NCDs was high even in rural India. Diabetes Mellitus in 30%, Hypertension in 20%, Anaemia in 16%, Hypothyroidism in 12%, Obesity in 25.3%, Osteoporosis in 9%. Osteopenia was the highest at 90%, along with Vitamin D deficiency in 43%. None of the symptoms directly corelated with any NCD, but AI helped to identify a cluster of symptoms which could suggest the presence of the NCDs. Inference: Since it is not possible to make a diagnosis based on only symptoms with Accredited Social Health Activist (ASHA) workers attending to women, an AI model in the mobile phones they carry to attend to pregnant women and children may help to identify women at high risk of NCD’s through the evaluation of symptoms. AI could help to identify women who would need medical assistance and fast forward the evaluation by referring directly to the District Hospital for the final diagnosis, instead of only attendance at the Primary Health Center.;;
The spatial association between environmental pollution and long-term cancer mortality in Italy;2023;SCIENCE OF THE TOTAL ENVIRONMENT;10.1016/j.scitotenv.2022.158439;Web of Science;Tumours are nowadays the second world-leading cause of death after cardiovascular diseases. During the last decades of cancer research, lifestyle and random/genetic factors have been blamed for cancer mortality, with obesity, seden-tary habits, alcoholism, and smoking contributing as supposed major causes. However, there is an emerging consensus that environmental pollution should be considered one of the main triggers. Unfortunately, all this preliminary scien-tific evidence has not always been followed by governments and institutions, which still fail to pursue research on can-cer's environmental connections. In this unprecedented national-scale detailed study, we analyzed the links between cancer mortality, socio-economic factors, and sources of environmental pollution in Italy, both at wider regional and finer provincial scales, with an artificial intelligence approach. Overall, we found that cancer mortality does not have a random or spatial distribution and exceeds the national average mainly when environmental pollution is also higher, despite healthier lifestyle habits. Our machine learning analysis of 35 environmental sources of pollution showed that air quality ranks first for importance concerning the average cancer mortality rate, followed by sites to be reclaimed, urban areas, and motor vehicle density. Moreover, other environmental sources of pollution proved to be relevant for the mortality of some specific cancer types. Given these alarming results, we call for a rearrangement of the priority of cancer research and care that sees the reduction and prevention of environmental contamination as a priority action to put in place in the tough struggle against cancer.;;
Understanding cross-data dynamics of individual and social/environmental factors through a public health lens: explainable machine learning approaches;2023;FRONTIERS IN PUBLIC HEALTH;10.3389/fpubh.2023.1257861;Web of Science;Introduction: The rising prevalence of obesity has become a public health concern, requiring efficient and comprehensive prevention strategies.Methods: This study innovatively investigated the combined influence of individual and social/environmental factors on obesity within the urban landscape of Seoul, by employing advanced machine learning approaches. We collected 'Community Health Surveys' and credit card usage data to represent individual factors. In parallel, we utilized 'Seoul Open Data' to encapsulate social/environmental factors contributing to obesity. A Random Forest model was used to predict obesity based on individual factors. The model was further subjected to Shapley Additive Explanations (SHAP) algorithms to determine each factor's relative importance in obesity prediction. For social/environmental factors, we used the Geographically Weighted Least Absolute Shrinkage and Selection Operator (GWLASSO) to calculate the regression coefficients.Results: The Random Forest model predicted obesity with an accuracy of >90%. The SHAP revealed diverse influential individual obesity-related factors in each Gu district, although 'self-awareness of obesity', 'weight control experience', and 'high blood pressure experience' were among the top five influential factors across all Gu districts. The GWLASSO indicated variations in regression coefficients between social/environmental factors across different districts.Conclusion: Our findings provide valuable insights for designing targeted obesity prevention programs that integrate different individual and social/environmental factors within the context of urban design, even within the same city. This study enhances the efficient development and application of explainable machine learning in devising urban health strategies. We recommend that each autonomous district consider these differential influential factors in designing their budget plans to tackle obesity effectively.;;
Use of Artificial Intelligence and Machine Learning in Cardiovascular Risk Prediction in Urban Asian Indians;2023;clinicaltrials.gov;;Embase;Brief Summary;;
Validation of Mobile Artificial Intelligence Technology-Assisted Dietary Assessment Tool Against Weighed Records and 24-Hour Recall in Adolescent Females in Ghana;2023;JOURNAL OF NUTRITION;10.1016/j.tjnut.2023.06.001;Web of Science;Background: Important gaps exist in the dietary intake of adolescents in low-and middle-income countries (LMICs), partly due to expensive assessment methods and inaccuracy in portion-size estimation. Dietary assessment tools leveraging mobile technologies exist but only a few have been validated in LMICs.Objective: We validated Food Recognition Assistance and Nudging Insights (FRANI), a mobile artificial intelligence (AI) dietary assessment application in adolescent females aged 12-18 y (n 1/4 36) in Ghana, against weighed records (WR), and multipass 24-hour recalls (24HR).Methods: Dietary intake was assessed during 3 nonconsecutive days using FRANI, WRs, and 24HRs. Equivalence of nutrient intake was tested using mixed-effect models adjusted for repeated measures, by comparing ratios (FRANI/WR and 24HR/WR) with equivalence margins at 10%, 15%, and 20% error bounds. Agreement between methods was assessed using the concordance correlation coefficient (CCC).Results: Equivalence for FRANI and WR was determined at the 10% bound for energy intake, 15% for 5 nutrients (iron, zinc, folate, niacin, and vitamin B6), and 20% for protein, calcium, riboflavin, and thiamine intakes. Comparisons between 24HR and WR estimated equivalence at the 20% bound for energy, carbohydrate, fiber, calcium, thiamine, and vitamin A intakes. The CCCs by nutrient between FRANI and WR ranged between 0.30 and 0.68, which was similar for CCC between 24HR and WR (ranging between 0.38 and 0.67). Comparisons of food consumption episodes from FRANI and WR found 31% omission and 16% intrusion errors. Omission and intrusion errors were lower when comparing 24HR with WR (21% and 13%, respectively).Conclusions: FRANI AI-assisted dietary assessment could accurately estimate nutrient intake in adolescent females compared with WR in urban Ghana. FRANI estimates were at least as accurate as those provided through 24HR. Further improvements in food recognition and portion estimation in FRANI could reduce errors and improve overall nutrient intake estimations.;;
Where Is the Geography? A Study of the Predictors of Obesity Using UK Biobank Data and Machine Learning;2023;JOURNAL OF GEOVISUALIZATION AND SPATIAL ANALYSIS;10.1007/s41651-023-00142-4;Web of Science;In this study, we adopted individual baseline data from the UK Biobank cohort of participants aged 40-69 across the UK to explore whether there is evidence of the geography related to health disparities in obesity. First, we used multilevel models to decompose the variation in body mass index (BMI) values to examine the presence of spatial clustering patterns of individual BMI values at various geographic scales. Next, we looked at whether key predictors of obesity, such as physical activities and dietary habits, differ across 6 cities in England by using a machine learning approach. To do this, we trained random forest models in one city, and we used them to predict BMI values in other cities to see if the models were spatially transferable. Subsequently, we turned to explore socio-economic status, which is one of the direct interests in the literature with obesity and used those in combination with multilevel models to check for the existence of spatially varying effects. The results of the multilevel null models indicate that most of the variance of BMI is due to individual variation, suggesting little evidence of geographical clustering at any geographical scales. The machine learning prediction results show that the effects of the main identified risk factors for obesity are stable (spatially stationary) across cities, based on approximately the same predictive power and broadly constant effect sizes of main factors. Multilevel models taking socio-economic status into account further support that individual and neighbourhood deprivation levels display limited geographical variation in their effects on obesity across the study areas. Contrary to our expectations, the models together suggest the limited association of geographical context with obesity, among the UK Biobank participants.;;
21st International Congress of Pediatric Pulmonology;2022;Pediatric Pulmonology;;Embase;"The proceedings contain 150 papers. The topics discussed include: machine learning in asthma research and clinical practice; the effect of climate change on pediatric respiratory health; lung involvement in systemic diseases; COVID-19: challenges, opportunities and lessons; biologicals in severe asthma: evidence and clinical practice; long-term non-invasive ventilation in children - state of the art; transition to adult care: what adults should know about pediatric respiratory diseases; pulmonology in the future; obesity and asthma in children; asthma diagnosis: new European Respiratory Society (ERS) guidelines; the impact of asthma exacerbations and prevention in LMIC; and long COVID in children - pulmonary manifestations and rehabilitation.";;
A Health Promotion Intervention for Vulnerable School - Children and Families: a Cluster-randomized Trial;2022;clinicaltrials.gov;;Embase;Brief Summary;;
American Life in Realtime (ALiR): Person-generated health data from Fitbits to assess the multi-level influence of social determinants on sleep and other health outcomes in vulnerable and underserved populations;2022;Sleep Medicine;10.1016/j.sleep.2022.05.190;Embase;"Introduction: Social and structural determinants of health—including economic/educational inequalities, healthcare access, systemic racism, and lifetime stress—account for 60-80% of modifiable risk factors that contribute to sleep health disparities. Many sleep interventions use population averages to create “one-size-fits-all” approaches, but are limited by individual heterogeneity in number, magnitude, interplay, and amplification of social determinants. Person-generated health data (PGHD) derived from consumer digital technologies (including wrist-worn monitors, such as Fitbits) are invaluable and rapidly emerging tools for “precision public health,” a field that aims to develop personalized digital interventions targeting unique needs of specific populations. PGHD can continuously measure everyday lived experiences and health in a continuous manner outside of intermittent clinical settings and are increasingly being used to assess sleep health. However, PGHD are typically captured from convenience samples through “bring-your-own-device” designs, and thus, have systematically underrepresented high-risk groups, including Black or American Indian/ Alaska Native individuals, and low-income populations. To address this significant gap, the American Life in Realtime (ALiR) was developed to provide the first-in-kind holistic and sociodemographically representative registry of continuously-collected Fitbit and health data. The current study provides preliminary data on the ALiR sample, study methods, recruitment, and multi-level social, behavioral, and environmental correlates of sleep health. Materials and Methods: Participants were recruited from existing members of a nationally-representative survey panel of American adults from USC’s Understanding America Study, with oversampling of racial/ ethnic minorities and low-socioeconomic status individuals. Individual-level longitudinal data include: (1) raw sensor PGHD from provided Fitbits worn continuously by participants for at least 1 year (transformed through machine learning into “features” including sleep duration and efficiency); (2) sociodemographics and geolocation, collected every 3 months; (3) all elements from the Health and Retirement Survey, collected annually; (4) social determinants (e.g., food security, adverse childhood events) from validated scales collected annually; (5) validated health scales (e.g., depression, anxiety, disability) collected monthly; and, (6) contextual data from public data sets (e.g., air quality, crime, ambient noise). Results: To date, 1007 individuals consented to participate between August 3rd and November 23rd, 2021. Racial/ethnic distributions include 65% White, 13% Black, 4% American Indian / Alaska Native, 9% Asian, 1% Hawaiian / Pacific Islander, 8% Mixed, and 26% Hispanic/Latino, with relatively even gender and age distributions. Seventy percent of individuals are without a bachelor’s degree, and 20% have at least one chronic condition (e.g., obesity, cardiovascular disease). Overall response rates exceed 87%, averaging 90% for surveys and 82% for Fitbits. Planned analyses will also examine the association between social, environmental, and behavioral factors with sleep duration and efficiency. Conclusions: ALiR establishes a generalizable research infrastructure to use PGHD to explore the influence of population-specific lived-experiences on sleep and other health outcomes in virtually any population. This novel and ongoing research infrastructure which will ultimately be publicly available, providing an invaluable resource to better understand and intervene on sleep health disparities.";;
Challenges of diet planning for children using artificial intelligence;2022;NUTRITION RESEARCH AND PRACTICE;10.4162/nrp.2022.16.6.801;Web of Science;BACKGROUND/OBJECTIVES: Diet planning in childcare centers is difficult because of the required knowledge of nutrition and development as well as the high design complexity associated with large numbers of food items. Artificial intelligence (AI) is expected to provide diet-planning solutions via automatic and effective application of professional knowledge, addressing the complexity of optimal diet design. This study presents the results of the evaluation of the utility of AI-generated diets for children and provides related implications.MATERIALS/METHODS: We developed 2 AI solutions for children aged 3-5 yrs using a generative adversarial network (GAN) model and a reinforcement learning (RL) framework. After training these solutions to produce daily diet plans, experts evaluated the human-and AI-generated diets in 2 steps.RESULTS: In the evaluation of adequacy of nutrition, where experts were provided only with nutrient information and no food names, the proportion of strong positive responses to RL-generated diets was higher than that of the human-and GAN-generated diets (P < 0.001). In contrast, in terms of diet composition, the experts' responses to human-designed diets were more positive when experts were provided with food name information (i.e., composition information).CONCLUSIONS: To the best of our knowledge, this is the first study to demonstrate the development and evaluation of AI to support dietary planning for children. This study demonstrates the possibility of developing AI-assisted diet planning methods for children and highlights the importance of composition compliance in diet planning. Further integrative cooperation in the fields of nutrition, engineering, and medicine is needed to improve the suitability of our proposed AI solutions and benefit children's well-being by providing high-quality diet planning in terms of both compositional and nutritional criteria.;;
Daily distracted consumption patterns and their relationship with BMI;2022;APPETITE;10.1016/j.appet.2022.106136;Web of Science;The rapidly increasing prevalence of overweight and obesity has heightened the need for a better understanding of obesity-related eating patterns and dietary behaviours. Recent work suggests that distracted eating is causally related to increased immediate and later food, pushing the need for a better understanding of the prevalence of distracted consumption and how this relates to body weight. To extract insights in the relationship between demographics, daily consumption settings, and BMI, we performed secondary data analyses on data from 1011 individuals representative of the Dutch population (adults, 507F, BMI 17-50 kg/m(2)). The most commonly reported distractions were talking to others (32.7%) and watching television (21.7%). Only 18.4% of respondents reported no distractions during meals. To examine how different distractions related to BMI, we performed OLS regression which showed, among other things, that watching tv while eating lunch (eta(2) = 0.37) and working during dinner were associated with a higher BMI (eta(2) = 1.63). To examine the robustness of these findings, machine learning techniques were used. A random forest analysis (RMSE = 4.09) showed that next to age and education level, distraction during lunch and snack was amongst the largest predictors of BMI. Multiple linear regression with lasso penalty (RMSE = 4.13) showed that specifically watching tv while eating lunch or snacks was associated with a higher BMI. In conclusion, our analyses confirmed the assumption that people are regularly distracted during their daily meals, with distinct distractors relating to BMI. These findings provide a starting point for evidence-based recommendations on which consumption settings are associated with healthier eating patterns and body weight.;;
Deploying Machine Learning to Detect Heterogeneity of Obesity in Children From Diverse Households;2022;Obesity;10.1002/oby.23626;Embase;Background: Multilevel determinants of obesity incidence may be different across subgroups of children. The current study harvests insights into the heterogeneity of obesity trajectories using machine learning techniques to identify intervention targets for childhood obesity prevention. Methods: A prospective cohort study was conducted in Minneapolis-St. Paul between 2017-2021 among caregiver-child dyads (N=1,004) sampled in approximately equal proportions of race and ethnicity (White, Black, Hispanic, Asian, Native American, and Multiracial). Covariate selection of healthy weight trajectory (dichotomous: higher weight vs. lower weight) using adaptive lasso was employed at multiple levels (child, parent, dyad, household, and neighborhood). Macro-to-micro level exposures in a five-step approach, beginning at the neighborhood level, were fitted to examine how upstream factors are reduced from model selection towards the preference of proximate child exposures (parent and child factors). Results: Goodness-of-fit statistics (deviance ratio) indicated that a predictive model of ten multilevel predictors (of 57 candidate predictors) explained 17% of overall sample variability in the training sample and 15% in the testing sample. Subsample covariate selection models demonstrated heterogeneity in model performance compared to full sample covariate selection, for example, the Black subgroup training sample explained 19% of variability which did not transport to the testing sample (<1%). Conclusions: High dimensional data analysis of social correlates of weight trajectory may help identify important multilevel predictors. Heterogeneity of child health may introduce challenges towards applying machine learning techniques, and representative sampling designs may introduce noise to pooled analyses when risk factors are not homogenous. Content area expertise remains a critical tool to complement the advantages of computational power in explaining variability in rich data.;;
Dietary Lipid Oxidization Products Alter Growth, Adiposity and Gut Microbial Ecology in Prepubertal Porcine Model;2022;bioRxiv;10.1101/2022.03.06.483183;Embase;Elevated levels of dietary fats in westernized diets, associated with increased risk of obesity and other chronic diseases, are increasingly consumed by children in the United States. Cooking practices such as high heat frying and increased use of oxidizable sources of fats have introduced high levels of lipid oxidation products (LOPs) into these diets. The effects of these highly reactive dietary compounds on human biology are largely unstudied, especially in the gut where these compounds are likely present at higher concentrations. Given that the gut microbiome can be influenced by dietary components and then in turn have a systemic impact, we investigated the effects of consuming LOPs on gut bacterial and fungal communities and on growth and body composition during the prepubertal period in a porcine model. The presence of LOPs in the high fat diet reduced growth and body fat gain in the model. The gut microbiome was uniquely altered by both high fat and the presence of LOPs, with notable changes in the abundances of Turicibacterales, Spriochaetales, RF39, Lactobacillales and Erysipelotrichales. The mycobiome was dominated by Kazachstania, a porcine specific yeast, which was only minimally influenced by the dietary regimen. Application of machine learning identified dietary fat and LOPs as strong predictors of body fat. The genus Methanobrevibacter was the key microbial predictor of body fat. This study highlights the need for further studies on the biological effects of LOPs which have become ubiquitous in human, livestock and pet diets in developed countries.;;
Dual-Energy CT, Virtual Non-Calcium Bone Marrow Imaging of the Spine: An AI-Assisted, Volumetric Evaluation of a Reference Cohort with 500 CT Scans;2022;DIAGNOSTICS;10.3390/diagnostics12030671;Web of Science;Virtual non-calcium (VNCa) images from dual-energy computed tomography (DECT) have shown high potential to diagnose bone marrow disease of the spine, which is frequently disguised by dense trabecular bone on conventional CT. In this study, we aimed to define reference values for VNCa bone marrow images of the spine in a large-scale cohort of healthy individuals. DECT was performed after resection of a malignant skin tumor without evidence of metastatic disease. Image analysis was fully automated and did not require specific user interaction. The thoracolumbar spine was segmented by a pretrained convolutional neuronal network. Volumetric VNCa data of the spine's bone marrow space were processed using the maximum, medium, and low calcium suppression indices. Histograms of VNCa attenuation were created for each exam and suppression setting. We included 500 exams of 168 individuals (88 female, patient age 61.0 +/- 15.9). A total of 8298 vertebrae were segmented. The attenuation histograms' overlap of two consecutive exams, as a measure for intraindividual consistency, yielded a median of 0.93 (IQR: 0.88-0.96). As our main result, we provide the age- and sex-specific bone marrow attenuation profiles of a large-scale cohort of individuals with healthy trabecular bone structure as a reference for future studies. We conclude that artificial-intelligence-supported, fully automated volumetric assessment is an intraindividually robust method to image the spine's bone marrow using VNCa data from DECT.;;
Effects of paternal high-fat diet and maternal rearing environment on the gut microbiota and behavior;2022;SCIENTIFIC REPORTS;10.1038/s41598-022-14095-z;Web of Science;Exposing a male rat to an obesogenic high-fat diet (HFD) influences attractiveness to potential female mates, the subsequent interaction of female mates with infant offspring, and the development of stress-related behavioral and neural responses in offspring. To examine the stomach and fecal microbiome's potential roles, fecal samples from 44 offspring and stomach samples from offspring and their fathers were collected and bacterial community composition was studied by 16 small subunit ribosomal RNA (16S rRNA) gene sequencing. Paternal diet (control, high-fat), maternal housing conditions (standard or semi-naturalistic housing), and maternal care (quality of nursing and other maternal behaviors) affected the within-subjects alpha-diversity of the offspring stomach and fecal microbiomes. We provide evidence from beta-diversity analyses that paternal diet and maternal behavior induced community-wide shifts to the adult offspring gut microbiome. Additionally, we show that paternal HFD significantly altered the adult offspring Firmicutes to Bacteroidetes ratio, an indicator of obesogenic potential in the gut microbiome. Additional machine-learning analyses indicated that microbial species driving these differences converged on Bifidobacterium pseudolongum. These results suggest that differences in early-life care induced by paternal diet and maternal care significantly influence the microbiota composition of offspring through the microbiota-gut-brain axis, having implications for adult stress reactivity.;;
Gray matter volume and functional connectivity underlying binge eating in healthy children;2022;EATING AND WEIGHT DISORDERS-STUDIES ON ANOREXIA BULIMIA AND OBESITY;10.1007/s40519-022-01483-7;Web of Science;Purpose As a maladaptive disordered eating behavior, binge eating (BE) onset has been reported in children as young as eight years old and is linked with a range of negative psychological consequences. However, previous neuroimaging research of BE has mainly focused on adults in clinical conditions, and little is known about the potential neurostructural and neurofunctional bases of BE in healthy children. Methods In this study, we examined these issues in 76 primary school students (mean age = 9.86 years) using voxel-based morphometry and resting-state functional connectivity (rsFC) approaches. Results After controlling for age, sex, and total intracranial volume/head motion, we observed that higher levels of BE were correlated with greater gray matter volumes (GMV) in the left fusiform and right insula and weaker rsFC between the right insula and following three regions: right orbital frontal cortex, left cingulate gyrus, and left superior frontal gyrus. No significant associations were observed between BE and regional white matter volume. Significant sex differences were found only in the relationship between BE and GMV in the left fusiform. Furthermore, the GMV- and rsFC-based predictive models (a machine-learning method) achieved significant correlations between the actual and predicted BE values, demonstrating the robustness of our findings. Conclusion The present study provides novel evidence for the brain structural and functional substrates of children's BE, and further reveals that the weakened communication between core regions associated with negative affectivity, reward responsivity, and executive function is strongly related to dysregulated eating.;;
Identification and Optimization of Contributing Factors for Precocious Puberty by Machine/Deep Learning Methods in Chinese Girls;2022;FRONTIERS IN ENDOCRINOLOGY;10.3389/fendo.2022.892005;Web of Science;Background and ObjectivesAs the worldwide secular trends are toward earlier puberty, identification of contributing factors for precocious puberty is critical. We aimed to identify and optimize contributing factors responsible for onset of precocious puberty via machine learning/deep learning algorithms in girls. MethodsA cross-sectional study was performed among girls aged 6-16 years from 26 schools in Beijing based on a cluster sampling method. Information was gleaned online via questionnaires. Machine/deep learning algorithms were performed using Python language (v3.7.6) on PyCharm platform. ResultsOf 11308 students enrolled, there are 5527 girls, and 408 of them had experienced precocious puberty. Training 13 machine learning algorithms revealed that gradient boosting machine (GBM) performed best in predicting precocious puberty. By comparison, six top factors including maternal age at menarche, paternal body mass index (BMI), waist-to-height ratio, maternal BMI, screen time, and physical activity were sufficient in prediction performance, with accuracy of 0.9530, precision of 0.9818, and area under the receiver operating characteristic curve (AUROC) of 0.7861. The performance of the top six factors was further validated by deep learning sequential model, with accuracy reaching 92.9%. ConclusionsWe identified six important factors from both parents and girls that can help predict the onset of precocious puberty among Chinese girls.;;
Identifying Non-Linear Association Between Maternal Free Thyroxine and Risk of Preterm Delivery by a Machine Learning Model;2022;FRONTIERS IN ENDOCRINOLOGY;10.3389/fendo.2022.817595;Web of Science;"ObjectivePreterm delivery (PTD) is the primary cause of mortality in infants. Mounting evidence indicates that thyroid dysfunction might be associated with an increased risk of PTD, but the dose-dependent association between the continuous spectrum maternal free thyroxine (FT4) and PTD is still not well-defined. This study aimed to further investigate this relationship using a machine learning-based model. MethodsA hospital-based cohort study was conducted from January 2014 to December 2018 in Shanghai, China. Pregnant women who delivered singleton live births and had first-trimester thyroid function data available were included. The generalized additive models with penalized cubic regression spline were applied to explore the non-linear association between maternal FT4 and risk of PTD and also subtypes of PTD. The time-to-event method and multivariable Cox proportional hazard model were further applied to analyze the association of abnormally high and low maternal FT4 concentrations with the timing of PTD. ResultsA total of 65,565 singleton pregnancies with completed medical records and no known thyroid disease before pregnancy were included for final analyses. There was a U-shaped dose-dependent relationship between maternal FT4 in the first trimester and PTD (p <0.001). Compared with the normal range of maternal FT4, increased risk of PTD was identified in both low maternal FT4 (<11.7 pmol/L; adjusted hazard ratio [HR] 1.34, 95% CI [1.13-1.59]) and high maternal FT4 (>19.7 pmol/L; HR 1.41, 95% CI [1.13-1.76]). The association between isolated hypothyroxinemia and PTD was mainly associated with spontaneous PTD (HR 1.33, 95% CI [1.11-1.59]) while overt hyperthyroidism may be attributable to iatrogenic PTD (HR 1.51, 95% CI [1.18-1.92]) when compared with euthyroid women. Additionally, mediation analysis identified that an estimated 11.80% of the association between overt hyperthyroidism and iatrogenic PTD risk was mediated via the occurrence of hypertensive disorders in pregnancy (p <0.001). ConclusionsWe revealed a U-shaped association between maternal FT4 and PTD for the first time, exceeding the clinical definition of maternal thyroid function test abnormalities. Our findings provide insights towards the need to establish optimal range of maternal FT4 concentrations for preventing adverse outcomes in pregnancy.";;
Impact of rare heterozygous mutations of PCSK1 on obesity: Implication for treatment with MC4R agonists;2022;Diabetologia;10.1007/s00125-022-05755-w;Embase;"Background and aims: Pathogenic mutations in key genes involved in the leptin-melanocortin pathway (critical for the control of food intake) are well-established causes of monogenic forms of obesity. Recently, the melanocortin-4 receptor (MC4R) agonist setmelanotide has been developed to efficiently treat obese patients with homozygous mutations in POMC and LEPR. Its relevance to other forms of monogenic obesity is currently discussed. PCSK1 encodes the PC1/3 enzyme that is involved in this pathway. Bi-allelic pathogenic mutations in PCSK1 lead to earlyS33 Diabetologia (2022) 65 (Suppl 1):S1-S469 onset obesity associated with severe endocrinopathy, but the clinical impact of heterozygous pathogenic PCSK1 mutations on obesity is still elusive. We performed large-scale functional genetic studies to clarify the link between heterozygous PCSK1 mutations and obesity. Materials and methods: All 14 coding exons of PCSK1 were sequenced in 10,000 individuals (including obese and/or diabetic patients and controls) by next-generation sequencing. The detected heterozygous variants were created by mutagenesis and inserted into plasmids. Functional assays of each variant were performed in HEK293 cells: Enzymatic activity was analysed using a fluorescent PC1/3 substrate and protein expression in cell lysates was studied by western blotting. Then, we determined different pathogenicity groups of these rare variants by clustering them through machine learning (k=5). Finally, we compared the pathogenicity of PCSK1 variants predicted by in silico REVEL (rare exome variant ensemble learner) test with results of in vitro analyses. Results: We identified 66 rare heterozygous variants of PCSK1 (minor allele frequency < 1%). The variants were classified into 5 groups (A-E) based on their enzymatic activity, compared to the activity of the wildtype protein. The 17 variants in group A had complete loss of enzymatic activity whereas group B included 11 variants with partial loss of enzymatic activity. These loss of function variants were located mostly in catalytic domain but also in the prodomain and P domain of PC1/3. They strongly affect the structure of the protein preventing the expression of the mature active form of PC1/3. We found that class A variants increased the risk of developing obesity by 6-fold in both children (P=0.097; OR=6.0) and adults (P=0.038; OR=5.6). In contrast, class B variants were not associated with obesity risk (P=0.86; OR=1.1). Importantly, we observed a lack of sensibility and specificity of the largely used in silico tools predicting putative heterozygous pathogenic PCSK1 mutations. Indeed, the pathogenic variants predicted by REVEL showed 4 false negatives and 11 false positives compared to the results of in vitro functional assays. Conclusion: Our results strongly suggest that only obese individuals carrying PCSK1 heterozygous mutations proven pathogenic through in vitro functional testing (i.e. category A) may be eligible for setmelanotide treatment, but not the carriers of mutations with only intermediate in vitro deleterious effect. Therefore, in vitro tests are required following the molecular diagnosis of rare heterozygous PCSK1 mutations before initiating expensive medication.";;
Interpretable machine learning to identify important predictors of birth weight: A prospective cohort study;2022;FRONTIERS IN PEDIATRICS;10.3389/fped.2022.899954;Web of Science;Background: Predicting birth weight and identifying its risk factors are clinically important. This study aims to use interpretable machine learning to predict birth weight and identity important predictors.;;
Methodological Aspects in Study of Fat Stigma in Social Media Contexts: A Systematic Literature Review;2022;APPLIED SCIENCES-BASEL;10.3390/app12105045;Web of Science;With increased obesity rates worldwide and the rising popularity in social media usage, we have witnessed a growth in hate speech towards fat/obese people. The severity of hate content has prompted researchers to study public perceptions that give rise to fat stigma from social media discourses. This article presents a systematic literature review of recent literature published in this domain to gauge the current state of research and identify possible research gaps. We have examined existing research (i.e., peer-reviewed articles that were systematically included using the EBSCO discovery service) to study their methodological aspects by reviewing their context, domain, analytical methods, techniques, tools, features and limitations. Our findings reveal that while recent studies have explored fat stigma content in social media, these mostly acquired manual analytical methods regardless of the evolved machine learning, natural language processing and deep learning methods. Although fat stigma in social media has gained enormous attention in current socio-psychological research, there exists a gap between how such research is conducted and what technologies are being applied, which limits in-depth investigations of fat stigma discussions.;;
Modeling obesity in complex food systems: Systematic review;2022;FRONTIERS IN ENDOCRINOLOGY;10.3389/fendo.2022.1027147;Web of Science;Obesity-related data derived from multiple complex systems spanning media, social, economic, food activity, health records, and infrastructure (sensors, smartphones, etc.) can assist us in understanding the relationship between obesity drivers for more efficient prevention and treatment. Reviewed literature shows a growing adaptation of the machine-learning model in recent years dealing with mechanisms and interventions in social influence, nutritional diet, eating behavior, physical activity, built environment, obesity prevalence prediction, distribution, and healthcare cost-related outcomes of obesity. Most models are designed to reflect through time and space at the individual level in a population, which indicates the need for a macro-level generalized population model. The model should consider all interconnected multi-system drivers to address obesity prevalence and intervention. This paper reviews existing computational models and datasets used to compute obesity outcomes to design a conceptual framework for establishing a macro-level generalized obesity model.;;
PRECIS: PRecision evidence for childhood obesity prevention InterventionS;2022;Obesity Reviews;10.1111/obr.13502;Embase;INTRODUCTION: Several decades of research have demonstrated that community-based interventions to prevent childhood obesity can be effective, feasible, and acceptable to government, industry, and the public. Despite this, effectiveness and cost-effectiveness have varied substantially between communities and studies. We cannot yet discern the key factors that contribute to varying levels of effectiveness, nor make recommendations for how the field can progress to effectively, equitably and efficiently create healthier communities at scale. The objective of PRECIS (NHMRC GNT2002234) is to generate the necessary evidence to understand the drivers of success in community-based obesity prevention and the full breadth of their impacts. MATERIALS AND METHODS: This project will initially combine 20 large-scale community-based obesity prevention interventions, establishing a platform into which additional and emerging datasets can be iteratively incorporated. Analysis of this evolving dataset will include traditional epidemiological approaches and the application of machine learning algorithms to identify and validate patterns of variables which have been influential in the success or otherwise of interventions. A second stream will combine existing and new qualitative and quantitative data to identify the broad range of economic, health, and social and environmental co-benefits of community-based obesity prevention, beyond the direct effects on child obesity. Findings will inform economic modeling to estimate the population impacts and cost-effectiveness on community-based obesity prevention when incorporating these key additional benefits. RESULTS: Our data corpus from >140 communities, >120,000 children, and >3 million data points includes a wide range of exposure, outcome, and process variables at the individual, community, and intervention levels, and objectively measured outcomes (child height and weight). This globally unique dataset, collected across diverse communities, will facilitate a nuanced understanding of the context and mechanisms of community-based obesity prevention interventions and enable us to address existing gaps to advance the field of community-based obesity prevention. CONCLUSION: This project will allow us to develop guidance to support effective, equitable, and efficient community-based obesity prevention, optimized to the unique characteristics of diverse communities. Broad collaboration will support the development of this work to capture international best practice and generate transferable evidence across contexts.;;
Personalised Exercise Training in Adolescents With Type 2 Diabetes for the Early Prevention of Beta Cell Dysfunction: Development of a New Algorithm to Integrate Clinical, Epigenomic and Machine Learning Models;2022;clinicaltrials.gov;;Embase;Brief Summary;;
Predicting Children with ADHD Using Behavioral Activity: A Machine Learning Analysis;2022;APPLIED SCIENCES-BASEL;10.3390/app12052737;Web of Science;"Attention deficit hyperactivity disorder (ADHD) is one of childhood's most frequent neurobehavioral disorders. The purpose of this study is to: (i) extract the most prominent risk factors for children with ADHD; and (ii) propose a machine learning (ML)-based approach to classify children as either having ADHD or healthy. We extracted the data of 45,779 children aged 3-17 years from the 2018-2019 National Survey of Children's Health (NSCH, 2018-2019). About 5218 (11.4%) of children were ADHD, and the rest of the children were healthy. Since the class label is highly imbalanced, we adopted a combination of oversampling and undersampling approaches to make a balanced class label. We adopted logistic regression (LR) to extract the significant factors for children with ADHD based on p-values (<0.05). Eight ML-based classifiers such as random forest (RF), Naive Bayes (NB), decision tree (DT), XGBoost, k-nearest neighborhood (KNN), multilayer perceptron (MLP), support vector machine (SVM), and 1-dimensional convolution neural network (1D CNN) were adopted for the prediction of children with ADHD. The average age of the children with ADHD was 12.4 +/- 3.4 years. Our findings showed that RF-based classifier provided the highest classification accuracy of 85.5%, sensitivity of 84.4%, specificity of 86.4%, and an AUC of 0.94. This study illustrated that LR with RF-based system could provide excellent accuracy for classifying and predicting children with ADHD. This system will be helpful for early detection and diagnosis of ADHD.";;
Prediction of metabolic risk in childhood obesity using machine learning models with multi-omics data;2022;Annals of Nutrition and Metabolism;10.1159/000526374;Embase;"Introduction: Obesity and some altered metabolic component in children are important risk factors for a number of chronic cardiometabolic alterations during adulthood, which considerably increase population morbimortality. To address this problem effectively, it is an urgent need to implement novel predictive tools able to deal early, when there is still time for clinical actions. Insulin resistance is one of the metabolic comorbidities of obesity that shows the earliest appearance in life, and therefore, it has become a cornerstone in preventing obesity-associated comorbidities. Objectives: The creation of a model to predict insulin resistance in children during pubertal development. Methods: In the present work, we use several algorithms for the creation of machine learning models of pubertal insulin resistance in children with different metabolic health statuses. For that purpose, we employ information from the prepubertal stage of children (ages 4-12) consisting of three layers of data: Anthropometry, cardiometabolic and inflammatory biomarkers; genetics variants; and DNA methylation measures. To estimate the different classification metrics, we have used a repeated k fold cross validation (5x5) with nearmiss undersampling. Results: The best model was provided by the algorithm Random Forest whose accuracy, sensibility, specificity and AUC coefficient was 0.70, 0.75, 0.68 and 0.71 respectively in a repeated k fold cross validation. Interestingly, it is pointed out that leptin could be a great biomarker to predict insulin resistance. Moreover, it has been found that methylation patterns in BRD1, CDC42BPB, CEMIP, CLASP1, FOXN3 and HDAC4 genes could be useful for the prediction of insulin resistance. Conclusions: The use of these predictive models from early ages could improve the healthcare and knowledge of obesity children who have a high risk to develop cardiometabolic alterations during adulthood.";;
Prediction of metabolic risk in childhood obesity using machine learning models with multi-omics data;2022;Annals of Nutrition and Metabolism;;Web of Science;"Introduction: Obesity and some altered metabolic component in children are important risk factors for a number of chronic cardiometabolic alterations during adulthood, which considerably increase population morbimortality. To address this problem effectively, it is an urgent need to implement novel predictive tools able to deal early, when there is still time for clinical actions. Insulin resistance is one of the metabolic comorbidities of obesity that shows the earliest appearance in life, and therefore, it has become a cornerstone in preventing obesity-associated comorbidities. Objectives: The creation of a model to predict insulin resistance in children during pubertal development. Methods: In the present work, we use several algorithms for the creation of machine learning models of pubertal insulin resistance in children with different metabolic health statuses. For that purpose, we employ information from the prepubertal stage of children (ages 4-12) consisting of three layers of data: Anthropometry, cardiometabolic and inflammatory biomarkers; genetics variants; and DNA methylation measures. To estimate the different classification metrics, we have used a repeated k fold cross validation (5x5) with nearmiss undersampling. Results: The best model was provided by the algorithm Random Forest whose accuracy, sensibility, specificity and AUC coefficient was 0.70, 0.75, 0.68 and 0.71 respectively in a repeated k fold cross validation. Interestingly, it is pointed out that leptin could be a great biomarker to predict insulin resistance. Moreover, it has been found that methylation patterns in BRD1, CDC42BPB, CEMIP, CLASP1, FOXN3 and HDAC4 genes could be useful for the prediction of insulin resistance. Conclusions: The use of these predictive models from early ages could improve the healthcare and knowledge of obesity children who have a high risk to develop cardiometabolic alterations during adulthood.";;
Predictive Modeling for the Diagnosis of Gestational Diabetes Mellitus Using Epidemiological Data in the United Arab Emirates;2022;INFORMATION;10.3390/info13100485;Web of Science;Gestational diabetes mellitus (GDM) is a common condition with repercussions for both the mother and her child. Machine learning (ML) modeling techniques were proposed to predict the risk of several medical outcomes. A systematic evaluation of the predictive capacity of maternal factors resulting in GDM in the UAE is warranted. Data on a total of 3858 women who gave birth and had information on their GDM status in a birth cohort were used to fit the GDM risk prediction model. Information used for the predictive modeling were from self-reported epidemiological data collected at early gestation. Three different ML models, random forest (RF), gradient boosting model (GBM), and extreme gradient boosting (XGBoost), were used to predict GDM. Furthermore, to provide local interpretation of each feature in GDM diagnosis, features were studied using Shapley additive explanations (SHAP). Results obtained using ML models show that XGBoost, which achieved an AUC of 0.77, performed better compared to RF and GBM. Individual feature importance using SHAP value and the XGBoost model show that previous GDM diagnosis, maternal age, body mass index, and gravidity play a vital role in GDM diagnosis. ML models using self-reported epidemiological data are useful and feasible in prediction models for GDM diagnosis amongst pregnant women. Such data should be periodically collected at early pregnancy for health professionals to intervene at earlier stages to prevent adverse outcomes in pregnancy and delivery. The XGBoost algorithm was the optimal model for identifying the features that predict GDM diagnosis.;;
Simple Method to Predict Insulin Resistance in Children Aged 6-12 Years by Using Machine Learning;2022;DIABETES METABOLIC SYNDROME AND OBESITY;10.2147/dmso.s380772;Web of Science;"Background: Due to the increasing insulin resistance (IR) in childhood, rates of diabetes and cardiovascular disease may rise in the future and seriously threaten the healthy development of children. Finding an easy way to predict IR in children can help pediatricians to identify these children in time and intervene appropriately, which is particularly important for practitioners in primary health care. Patients and Methods: Seventeen features from 503 children 6-12 years old were collected. We defined IR by HOMA-IR greater than 3.0, thus classifying children with IR and those without IR. Data were preprocessed by multivariate imputation and oversampling to resolve missing values and data imbalances; then, recursive feature elimination was applied to further select features of interest, and 5 machine learning methods -namely, logistic regression (LR), support vector machine (SVM), random forest (RF), extreme gradient boosting (XGBoost), and gradient boosting with categorical features support (CatBoost)-were used for model training. We tested the trained models on an external test set containing information from 133 children, from which performance metrics were extracted and the optimal model was selected. Results: After feature selection, the numbers of chosen features for the LR, SVM, RF, XGBoost, and CatBoost models were 6, 9, 10, 14, and 6, respectively. Among them, glucose, waist circumference, and age were chosen as predictors by most of the models. Finally, all 5 models achieved good performance on the external test set. Both XGBoost and CatBoost had the same AUC (0.85), which was highest among those of all models. Their accuracy, sensitivity, precision, and F1 scores were also close, but the specificity of XGBoost reached 0.79, which was significantly higher than that of CatBoost, so XGBoost was chosen as the optimal model. Conclusion: The model developed herein has a good predictive ability for IR in children 6-12 years old and can be clinically applied to help pediatricians identify children with IR in a simple and inexpensive way.";;
Supporting the mental wellbeing of caregivers of children under growth hormone treatment: mix-methods evaluation of the AdheraR Caring Program;2022;Hormone Research in Paediatrics;10.1159/000525606;Embase;Background: The emotional distress of caregivers (i.e., parents) of children with long-term conditions affects their self-management behaviors, including treatment adherence. These conditions are diverse and prevalent, including diabetes, obesity, and growth hormone disorders (GHD). The caregivers' emotional well-being is then a core aspect of their own quality of life, and their children's. Emerging digital therapeutics solutions may improve such caregivers' distress, leading to better adherence. The AdheraR Caring program is a mobile-based digital therapeutics solution for caregivers. This program includes: 1) self-management education, 2) mindfulness-based cognitive behavioral therapy. and 3) personalized motivational messages. The selection and personalization of the motivational messages were powered by Adhera Health's Health Recommender System which uses the caregivers' profiles and their message rating history to find the most relevant messages for them using a machine learning approach. Aim: To assess the feasibility of using AdheraR Caring to support the mental wellbeing of caregivers of children with GH treatment as part of regular clinical practice. Methods: A mixed-methods approach with two sub-studies (Clinical Trial Registration: NCT04812665). Caregivers of children with GHD that use the easypodR (Merck KGaA, Darmstadt, Germany) injection device with sub-optimal adherence are identified in the easypodR Connect Dashboard - a software providing access to patient adherence data. The first sub-study consists of a trial with caregivers (n=10), who were onboarded to the AdheraR Caring Program by their healthcare professionals. After 30 days, a semi-structured interview was conducted. The second sub-study consists of a prospective non-randomized study for the same type of caregivers (n=55) using the digital solution to assess their engagement, treatment adherence, quality of life, and mental wellbeing using validated questionnaires. Results: The first sub-study was completed in 2021, showing a high engagement of caregivers with the solution (more than 90% adherence to educational content). The thematic analysis of the interviews revealed that some caregivers had negative emotional experiences (e.g., fear of needles) prior to enrolling in the digital program - often linked to poor child-parent communication. However, the AdheraR Caring Program's actionable education contents and mental well-being activities were useful to reduce the stress related to their child's condition self-management and the injection-related stress. The results of the second sub-study are expected by Q3 2022. Conclusion: The AdheraR Caring Program shows a promising potential to support the emotional self-management of caregivers of children undergoing long-term pharmacological treatment.;;
Using Explainable Artificial Intelligence to Discover Interactions in an Ecological Model for Obesity;2022;INTERNATIONAL JOURNAL OF ENVIRONMENTAL RESEARCH AND PUBLIC HEALTH;10.3390/ijerph19159447;Web of Science;Ecological theories suggest that environmental, social, and individual factors interact to cause obesity. Yet, many analytic techniques, such as multilevel modeling, require manual specification of interacting factors, making them inept in their ability to search for interactions. This paper shows evidence that an explainable artificial intelligence approach, commonly employed in genomics research, can address this problem. The method entails using random intersection trees to decode interactions learned by random forest models. Here, this approach is used to extract interactions between features of a multi-level environment from random forest models of waist-to-height ratios using 11,112 participants from the Adolescent Brain Cognitive Development study. This study shows that methods used to discover interactions between genes can also discover interacting features of the environment that impact obesity. This new approach to modeling ecosystems may help shine a spotlight on combinations of environmental features that are important to obesity, as well as other health outcomes.;;
A comprehensive approach to empower self-management of health in childhood obesity based on gamification mechanisms and biofeedback;2021;Diabetes Technology and Therapeutics;10.1089/dia.2021.2525.abstracts;Embase;Background and Aims: Modern m-health technologies open new perspectives in managing childhood obesity. Within the Greek funded project, named ''ENDORSE'', an innovative software ecosystem is developed incorporating Artificial Intelligence and gamification technologies capable of delivering tools and services facilitating self- management of health while engaging the active involvement of formal and informal caregivers. Methods: ENDORSE applies a parent-child multicomponent intervention including dietary, physical activity, educational and behavioral components. It implements a goal-oriented approach which includes periodic assessment of child's weight, behavioral lifestyle and needs in order to accordingly adjust goal settings and improve adherence. Obese children are trained and encouraged to adopt healthy diet and physical activity through their interaction with the ENDORSE serious game. Aiming at optimizing the parental role, a mobile application has been developed facilitating daily self-monitoring of goals and communication with healthcare professionals. Results: The ENDORSE platform has the capability to leverage data from different sources (e.g. activity trackers, mobile apps) in order to create a complete user profile. Personalized, tailored messages and reminders targeting child and parents, along with recommendations for goal settings adjustment and adherence reports, are produced by the ENDORSE recommendation engine with the aim to achieve personalization and adaptation. Conclusions: The ENDORSE platform implements modern m-health technologies into routine clinical care of obese children. Future work includes the execution of pilot trials to evaluate its effectiveness in terms of improving health outcomes and user's acceptance.;;
An early model to predict the risk of gestational diabetes mellitus in the absence of blood examination indexes: application in primary health care centres;2021;BMC PREGNANCY AND CHILDBIRTH;10.1186/s12884-021-04295-2;Web of Science;Background Gestational diabetes mellitus (GDM) is one of the critical causes of adverse perinatal outcomes. A reliable estimate of GDM in early pregnancy would facilitate intervention plans for maternal and infant health care to prevent the risk of adverse perinatal outcomes. This study aims to build an early model to predict GDM in the first trimester for the primary health care centre. Methods Characteristics of pregnant women in the first trimester were collected from eastern China from 2017 to 2019. The univariate analysis was performed using SPSS 23.0 statistical software. Characteristics comparison was applied with Mann-Whitney U test for continuous variables and chi-square test for categorical variables. All analyses were two-sided with p < 0.05 indicating statistical significance. The train_test_split function in Python was used to split the data set into 70% for training and 30% for test. The Random Forest model and Logistic Regression model in Python were applied to model the training data set. The 10-fold cross-validation was used to assess the model's performance by the areas under the ROC Curve, diagnostic accuracy, sensitivity, and specificity. Results A total of 1,139 pregnant women (186 with GDM) were included in the final data analysis. Significant differences were observed in age (Z=-2.693, p=0.007), pre-pregnancy BMI (Z=-5.502, p<0.001), abdomen circumference in the first trimester (Z=-6.069, p<0.001), gravidity (Z=-3.210, p=0.001), PCOS (chi(2)=101.024, p<0.001), irregular menstruation (chi(2)=6.578, p=0.010), and family history of diabetes (chi(2)=15.266, p<0.001) between participants with GDM or without GDM. The Random Forest model achieved a higher AUC than the Logistic Regression model (0.777 +/- 0.034 vs 0.755 +/- 0.032), and had a better discrimination ability of GDM from Non-GDMs (Sensitivity: 0.651 +/- 0.087 vs 0.683 +/- 0.084, Specificity: 0.813 +/- 0.075 vs 0.736 +/- 0.087). Conclusions This research developed a simple model to predict the risk of GDM using machine learning algorithm based on pre-pregnancy BMI, abdomen circumference in the first trimester, age, PCOS, gravidity, irregular menstruation, and family history of diabetes. The model was easy in operation, and all predictors were easily obtained in the first trimester in primary health care centres.;;
Assessing the Use of a Growth Artificial Intelligence Algorithm for Estimating the leNgth of Children in Real-world Setting;2021;clinicaltrials.gov;;Embase;Brief Summary;;
Gut Microbiota Assessment in Obese Children and Adolescents by Machine Learning Algorithms;2021;Journal of the Endocrine Society;10.1210/jendso/bvab048.1458;Embase;"Gut microbiota has been recently established to play a contributory role in the development and progression of obesity, a multifactorial disease predisposing to several comorbidities. Our aim was to evaluate the gut microbiota composition by machine learning algorithms in 33 Italian obese children and adolescents. Patients were divided in 3 groups: simple obesity (n=10, mean age 11.6 +3.0, median 10.8), metabolic syndrome (n=16, mean age 13.3+3.0, median 13.5) or Prader Willi syndrome (n=7, mean age 8.3+5.3, median 8.7). Inclusion criteria were living in Northern Italy, born singleton birth, personal history negative for acute or chronic gastrointestinal diseases and/ or antibiotic or probiotics administration in the previous month. As controls 17 healthy control (mean age 12.0+2.4 median 10.6) were analyzed using the same approach. Statistical analysis for sparse high-throughput sequencing data algorithm (metagenomeSeq) using cumulative sum scaling for data normalization was performed. False discovery rate adjusted p-value using zero-inflated Gaussian fit statistical model (indicated with q). Over all analyses Parasutterella resulted with a q=0.014424, the comparison between obese patients and controls was q=0.021194. In the overall analysis Acidaminococcus intestini showed q=0.039528 while the comparison in pairs of two between metabolic syndrome and controls was q=0.03979. Using the EdgeR algorithm Clostridium bartlettii abundance between Prader Willi patients and controls resulted in q=0.02189. In overall analysis Ruminococcus flavefaciens resulted q=6.1528E-17 (using the DESeq2 algorithm); in pairs analysis Ruminococcus flavefaciens showed significant difference in Prader Willi patients as compared to obese (q=0.013755) and metabolic syndrome ones (q=0.021898). In overall analysis Veillonellaceae showed a FDR q=0.029303. while its richness resulted more than 150 times higher in metabolic syndrome patients than in controls (q=0.039793 evaluated with DESeq2 algorithm). Among Veillonellaceae descendants, the Veillonella rogosae showed, on the contrary, the lowest abundance in metabolic syndrome patients as compared to other groups. In detail, Veillonella rogosae abundances were 13 (FDR q=0.014566), around 20 times (FDR q=0.010646) and >20 (FDR q=0.0025008) less abundant in metabolic syndrome patients than obese, Prader Willi patients and controls, respectively. Significant differences in gut microbiota composition was found among patients with different degrees of obesity and controls. Further, Prader Willi patients showed a peculiar microbiota assessment.";;
Inter-tissue gene co-expression clusters from visceral adipose and skeletal muscle tissue are associated with cardiometabolic traits in children with obesity;2021;Obesity Facts;10.1159/000516203;Embase;Background: Childhood obesity is a multifactorial disease influencing the development of a range of metabolic disorders. Visceral adipose tissue (VAT) and skeletal muscle tissue (SMT) molecular alterations are important contributors to the development of metabolic dysfunction in obesity. Although the molecular mechanisms affecting obesity-associated metabolic alterations in VAT and SMT have been individually investigated, the concerted inter-tissue molecular signatures controlling the VAT-SMT metabolic axis in childhood obesity still remain unknown. Machine learning methods such as the weighted gene co-expression network analysis (WGCNA) have been proved very useful for mining gene-gene relationships at the level of mRNA expression, allowing the identification gene co-expression clusters related to a particular disease. Here, WGCNA was simultaneously applied to VAT and SMT gene expression data in order to detect the gene co-expression signatures (and their underlying biological pathways) characterizing metabolic dysfunction in children with obesity. Methods: We obtained genome-wide mRNA expression data (HG-U133 Plus2.0 Affymetrix array) from VAT and SMT samples in 5 Spanish prepubertal children with obesity (all boys). Co-expression analysis was conducted on the gene expression data, normalized by RMA, using the WGCNA. This analysis is intended for finding gene groups (also known as 'gene co-expression clusters') that present a very similar gene expression profile. Once VAT-SMT inter-tissue gene co-expression clusters were identified, we performed a correlation study for highlighting those clusters that are further associated with metabolic dysfunction in obesity. Finally, top metabolic dysfunction clusters were characterized highlighting their hubs (the most representative genes of each cluster) and performing a functional enrichment analysis by cluster. Results: Our approach identified 37 inter-tissue co-expression clusters (MEAN (SD) for the N of genes per cluster was 162 (143)). The resulting correlation analysis between clusters and clinical traits can be found in the Figure 1. There were 4 clusters satisfying strict quality selection criteria: 2 protective cluster (tan, skyblue-3) and 2 risk clusters (magenta and green-yellow). Among them, it highlights the green-yellow cluster, which was positively correlated with Apo-A and HDL-c levels (r -0.89 and -0.9 respectively, p-value < 0.05). Hub genes identified in this cluster (e.g., PIK3R2, SOCS3, CD36, MLX, RXRA, KCNMA1, CALCRL, NPR2, GUCY1B1) were enriched in KEGG terms such as “insulin resistance“, “adipocytokine signalling pathway“, and “NAFLD and vascular smooth muscle contraction“. Conclusion: Our approach identified shared gene expression patterns altered in VAT and SMT that are associated with metabolic dysfunction in children with obesity. Understanding the molecular architecture of obesity and cardiometabolic disease with approaches like these is crucial for the identification of powerful molecular targets and developing of effective precision medicine therapies.;;
Irish Section Conference 2021;2021;Proceedings of the Nutrition Society;;Embase;"The proceedings contain 79 papers. The topics discussed include: Effect of increasing cow's milk consumption on riboflavin intake and plasma riboflavin measures in women of child-bearing age; improving vitamin D content in pork meat by UV bio-enrichment; the use of supervised machine learning techniques to identify factors influencing vitamin D bio enrichment of pork; stakeholders' perspectives on improving adolescents' dietary behaviors in the school setting: A qualitative study; Akkermansia muciniphila ameliorates inflammatory bowel disease by modulating gut tight junctions in mice; physical activity, transportation mode and sedentary time on the development of overweight and obesity in school-age children in China: China Health and Nutrition Survey (CHNS) 2010-2012; and an integrative review evaluating the competence, knowledge or skills of allied health professionals in providing nutrition care to patients with chronic disease.";;
Machine learning analysis of airway transcriptomic data identifies distinct childhood asthma endotypes;2021;American Journal of Respiratory and Critical Care Medicine;10.1164/ajrccm-conference.2021.203.1_meetingabstracts.a1151;Embase;RATIONALE: Asthma is a chronic disease of the airways marked by heterogeneity in clinical manifestations and severity. Multiple pathobiological mechanisms (i.e. endotypes) underlie this clinical heterogeneity, including different types of airway inflammation and epithelial dysfunction. Despite this realization, progress in identifying and characterizing asthma endotypes has been hindered by difficulty in sampling affected bronchial airway tissue. We have established minimally invasive sampling of the nasal airway epithelium, which we combine with whole transcriptome sequencing analysis to define asthma endotypes. Here we use topic modeling, a machine learning approach, to consolidate nasal brushing transcriptome data from a large cohort of asthmatic and healthy children into distinct expression topics that describe epithelial activity and function. We then perform cluster analyses based on topic expression of subjects to identify asthma endotypes. METHODS: We apportioned epithelial biology into discrete topics by applying topic modeling using latent Dirichlet allocation to transcriptomic data collected from nasal airway epithelial brushings of 698 asthmatic and healthy children from the Genes-Environments, and Admixture in Latino Americans study. We grouped subjects into epithelial subtypes by clustering their proportional expression of these topics and then investigated the distinct transcriptional, functional, and phenotypic signatures of asthmatics within each subtype. RESULTS: Application of topic modeling to expression data resulted in 15 topics that captured most epithelial functions and pathways (e.g., ciliogenesis, mucus secretion, inflammation). Unsupervised cluster analysis of the relative expression mixture of these topics within individuals resulted in four clusters. One cluster was enriched in asthmatic subjects and these subjects were particularly responsive to albuterol. This cluster exhibited the strongest clinical and transcriptional manifestations of type 2 inflammation and the highest ratio of mucus secretory-to-ciliated cell expression signatures. Another cluster consisting of particularly young and low-BMI individuals contained asthmatics who also exhibited a type 2 inflammatory signature when transcriptionally compared to healthy subjects within the cluster. In contrast, a third cluster, female-predominant and with higher levels of obesity and lung function, consisted of asthmatics transcriptionally characterized most by IL-6 airway inflammation. The fourth cluster contained asthmatics exhibiting poorly controlled disease when compared to other clusters, as well as higher levels of blood neutrophils, obesity, and IL-17-driven airway inflammation compared to healthy individuals. CONCLUSIONS: Using topic modeling of nasal airway expression data, we identify transcriptionally distinct airway endotypes of childhood asthma, which correspond to known clinical phenotypes. Distinct pathways of disease elucidated by this approach hold promise for future development of patient-specific therapies.;;
Machine learning quest for predictive markers of lifestyle modification outcomes in pediatric obesity treatment;2021;Hormone Research in Paediatrics;10.1159/000518849;Embase;"Context: The traditional approach to childhood obesity management is lifestyle modification/LSM. Nevertheless, the response rate is variable and difficult to predict. Aim: A systematic search for markers to predict outcomes of simple LSM in pediatric obesity management. Patients/Methods: Out of 240 children with obesity (BMI>97%), recruited to a prospective 'multi-OMICS' study granted by ESPE Research Unit, 159 subjects (age 8-17 yrs, median 12.8 yrs; 45% females) finished twelve-months of LSM obesity management at three clinical centers in three counties. Their baseline (V0) phenotype was precisely described with more than 180 clinical and laboratory features grouped as markers of general description, body composition/BC, family and patient's history, lifestyle/LS and socioeconomic status/SES, insulin resistance/IR, liver diseases/LD, metabolic syndrome/MetS, steroid metabolome and gut microbiome. Additional 150 features were measured at V3/V6/V12 months. Machine learning technique/CART as implemented in 'rpart' R-package was applied to build decision trees to automatically identify the combination of markers and their cutoffs with the strongest correlation to a “success” of LSM, defined as a decrease in z-score BMIV12-V0. Results: 118 out of 159 (74.2%) participants were classified as responders to LMS. When built on the IR & LD features, a decision tree pointed to a strongest role of the following parameters: acanthosis nigricans/AN, resistin levels, glucose 120', NAFLDUSG and insulin/glucose ratio. The AN feature was significantly associated with the response to LSM (OR 2.75; p=0.0106), where the lack/presence of AN predicted success in 84%/65% cases, respectively. When the lack of AN was observed simultaneously with resistin value <16 ng/ml the response rate grew to 91% (OR 9.05; p=0.0026), while the presence of AN with glucose 120'≥136 mg/dl predicted 93% of the successful outcomes (OR 8.51; p= 0.0281). On the other extreme, high insulin/glucose ratio ≥0.34 (with the presence of AN together with NAFLDUSG, and with glucose 120'<136 mg/dl), decreased the success rate to 23% (OR 0.20; p=0.0452). Out of SES&LS features at V0, a small (<6.6hrs) number of sleep hours on schooldays /high frequency of sweet beverages were found to be associated with the lowest chance for success (OR 0.15/0.34, p=0.0023/0.013, respectively). Conclusions: Insulin resistance features, history of inappropriate sleep or beverages consumption before intervention are significantly associated with failure of LSM in childhood obesity. Pending the validation on an independent cohort, our findings suggest the predictive role of these markers.";;
P.0183 Immuno-metabolic profile in patients with psychotic disorder: results from the face-sz cohort;2021;European Neuropsychopharmacology;10.1016/j.euroneuro.2021.10.177;Embase;Background: Metabolic syndrome, described as a cluster of metabolic abnormalities including abdominal obesity, hypertension, atherogenic dyslipidemia and impaired fasting glucose, is a highly prevalent and harmful comorbid medical condition of psychotic disorders. Metabolic syndrome contributes to cardiovascular complications and worse prognosis of disease. Because immune dysfunctions and low-grade inflammation have been described both in metabolic syndrome and in schizophrenia, this cross-sectional study was designed to clarify the relationship between immune alterations and metabolic syndrome in patients with schizophrenia or schizoaffective disorders while controlling the impact of confounding clinical characteristics including current and past psychiatric symptoms and comorbidities, history of childhood maltreatment and psychotropic treatments. Aim of the study: The aim of our study is to determine the prevalence of metabolic syndrome in a sample of patients suffering with psychosis and to test a stratification model of psychotic disorders based on the presence metabolic syndrome in order to search for an immune signature of metabolic syndrome in patients with schizophrenia or schizoaffective disorders after adjusting for several confounders of inflammation. Method: A total of 310 patients meeting DSM-IV criteria for schizophrenia or schizoaffective disorders, having or not metabolic syndrome, were systematically assessed and included in the FondaMental Advanced Centers of Expertise for Schizophrenia (FACE-SZ) cohort. Detailed clinical characteristics of patients, including sociodemographic characteristics, current and past psychotic symptomatology, psychiatric comorbidities, history of addiction to substances, lifetime and current medication and history of childhood maltreatment, were recorded and serum circulating levels of 23 cytokines were measured. Machine learning and penalized regression method were performed to analyze associations between immune characteristics and metabolic syndrome while controlling for confounding factors. Results: Twenty five percent (25%) of patients in our sample had metabolic syndrome. Eight cytokines were above the lower limit of detection (LLOD) in more than 90% of the samples and eventually retained in downstream analysis. Using a conservative Variable Inclusion Probability (VIP) of 75%, we found that elevated levels of interleukin (IL) IL-6, IL-7, IL-12/23p40 and IL-16 and lower level of Tumor Necrosis Factor (TNF)-a were associated with increased odds of metabolic syndrome. As for clinical variables, age, sex, body mass index (BMI), diagnosis of SZ (and not schizoaffective disorders), age of the First Episode of Psychosis (FEP), alcohol abuse, current tobacco smoking, and treatment with antidepressants and anxiolytics were all associated with metabolic syndrome. Conclusion: We first confirmed the importance incidence of metabolic syndrome in psychotic disorders as it concerns approximately a quarter of our sample. We also have identified five cytokines associated with metabolic syndrome in schizophrenia and schizoaffective disorders, suggesting that psychotic patients with metabolic syndrome are characterized by a specific “immuno-metabolic” profile. This may help to design tailored treatments for psychotic patients having metabolic syndrome, taking one more step towards precision medicine in psychiatry. No conflict of interest;;
Prediction of Autism Risk From Family Medical History Data Using Machine Learning: A National Cohort Study From Denmark;2021;BIOLOGICAL PSYCHIATRY: GLOBAL OPEN SCIENCE;10.1016/j.bpsgos.2021.04.007;Web of Science;"BACKGROUND: A family history of specific disorders (e.g., autism, depression, epilepsy) has been linked to risk for autism spectrum disorder (ASD). This study examines whether family history data could be used for ASD risk prediction.METHODS: We followed all Danish live births, from 1980 to 2012, of Denmark-born parents for an ASD diagnosis through April 10, 2017 (N = 1,697,231 births; 26,840 ASD cases). Linking each birth to three-generation family members, we identified 438 morbidity indicators, comprising 73 disorders reported prospectively for each family member. We tested various models using a machine learning approach. From the best-performing model, we calculated a family history risk score and estimated odds ratios and 95% confidence intervals for the risk of ASD.RESULTS: The best-performing model comprised 41 indicators: eight mental conditions (e.g., ASD, attention-deficit/ hyperactivity disorder, neurotic/stress disorders) and nine nonmental conditions (e.g., obesity, hypertension, asthma) across six family member types; model performance was similar in training and test subsamples. The highest risk score group had 17.0% ASD prevalence and a 15.3-fold (95% confidence interval, 14.0-17.1) increased ASD risk compared with the lowest score group, which had 0.6% ASD prevalence. In contrast, individuals with a full sibling with ASD had 9.5% ASD prevalence and a 6.1-fold (95% confidence interval, 5.9-6.4) higher risk than individuals without an affected sibling. CONCLUSIONS: Family history of multiple mental and nonmental conditions can identify more individuals at highest risk for ASD than only considering the immediate family history of ASD. A comprehensive family history may be critical for a clinically relevant ASD risk prediction framework in the future.";;
Prediction of Excess Body Fat in Adolescents Using Neural Networks;2021;2021 8TH INTERNATIONAL CONFERENCE ON BIOINFORMATICS RESEARCH AND APPLICATIONS, ICBRA 2021;10.1145/3487027.3487037;Web of Science;An intelligent system for predicting the body fat percentage (%BF) in adolescents was developed based on socio-demographic and clinical variables that were easily measurable through a database of 770 adolescents of both masculine and feminine genders, aged between 10 and 19 years, from the public educational system in Sao Luis Maranhao - Brazil. Predictive performance was assessed by the following metrics: precision, sensitivity, specificity, and area under the ROC curve (AUROC). The performance of the method was compared to the usual anthropometric parameters: body mass index and waist-to-height ratio. The predictive performance of the proposed method showed significantly better results than the anthropometric indicators BMI and WHtR, according to AUROC: 0.83, 0.62, and 0.56, respectively. With regard to the metrics of accuracy, sensitivity, and specificity, the intelligent system showed, respectively: 86%, 73%, and 93%. Moreover, the proposed method showed a high correlation r = 0.87 (0.83-0.91) with the% GC values obtained by bioimpedance. Thus, the proposed model based on the machine learning technique performed better to predict excess body fat in adolescents than the anthropometric indicators evaluated, presenting itself as a low-cost and easy application for tracking obesity in adolescents.;;
Proof of concept and development of a couple-based machine learning model to stratify infertile patients with idiopathic infertility;2021;SCIENTIFIC REPORTS;10.1038/s41598-021-03165-3;Web of Science;"We aimed to develop and evaluate a machine learning model that can stratify infertile/fertile couples on the basis of their bioclinical signature helping the management of couples with unexplained infertility. Fertile and infertile couples were recruited in the ALIFERT cross-sectional case-control multicentric study between September 2009 and December 2013 (NCT01093378). The study group consisted of 97 infertile couples presenting a primary idiopathic infertility (>12 months) from 4 French infertility centers compared with 100 fertile couples (with a spontaneously conceived child (<2 years of age) and with time to pregnancy <12 months) recruited from the healthy population of the areas around the infertility centers. The study group is comprised of 2 independent sets: a development set (n =136 from 3 centers) serving to train the model and a test set (n = 61 from 1 center) used to provide an unbiased validation of the model. Our results have shown that: (i) a couple-modeling approach was more discriminant than models in which men's and women's parameters are considered separately; (ii) the most discriminating variables were anthropometric, or related to the metabolic and oxidative status; (iii) a refined model capable to stratify fertile vs. infertile couples with accuracy 73.8% was proposed after the variables selection (from 80 to 13). These influential factors (anthropometric, antioxidative, and metabolic signatures) are all modifiable by the couple lifestyle. The model proposed takes place in the management of couples with idiopathic infertility, for whom the decision-making tools are scarce. Prospective interventional studies are now needed to validate the model clinical use.";;
Separating Algorithms From Questions and Causal Inference With Unmeasured Exposures: An Application to Birth Cohort Studies of Early Body Mass Index Rebound;2021;AMERICAN JOURNAL OF EPIDEMIOLOGY;10.1093/aje/kwab029;Web of Science;"Observational studies reporting on adjusted associations between childhood body mass index (BMI; weight (kg)/height (m)(2)) rebound and subsequent cardiometabolic outcomes have often not paid explicit attention to causal inference, including definition of a target causal effect and assumptions for unbiased estimation of that effect. Using data from 649 children in a Boston, Massachusetts-area cohort recruited in 1999-2002, we considered effects of stochastic interventions on a chosen subset of modifiable yet unmeasured exposures expected to be associated with early (< age 4 years) BMI rebound (a proxy measure) on adolescent cardiometabolic outcomes. We considered assumptions under which these effects might be identified with available data. This leads to an analysis where the proxy, rather than the exposure, acts as the exposure in the algorithm. We applied targeted maximum likelihood estimation, a doubly robust approach that naturally incorporates machine learning for nuisance parameters (e.g., propensity score). We found a protective effect of an intervention that assigns modifiable exposures according to the distribution in the observational study of persons without (vs. with) early BMI rebound for fat mass index (fat mass (kg)/ height (m)(2); -1.39 units, 95% confidence interval: -1.63, -0.72) but weaker or no effects for other cardiometabolic outcomes. Our results clarify distinctions between algorithms and causal questions, encouraging explicit thinking in causal inference with complex exposures.";;
Sleep-disordered breathing in children: The year in review;2021;Pediatric Pulmonology;10.1002/ppul.25498;Embase;This abstract will very briefly highlight a few recent publications focusing on sleep-disordered breathing published in the last two years. Diagnosis of Sleep-Disordered Breathing - Prediction of obstructive sleep-disordered breathing with the McGill score in children with an associated medical condition. The McGill score is used worldwide as a screening tool to predict the presence and classify the severity of obstructive sleep apnea syndrome (OSAS) in children. Trucco et al. (1) compared the McGill score to the results of cardiorespiratory polygraphy in 312 children, including 183 with an associated medical condition. Their results confirm previous data showing that the positive predictive value of the McGill score for OSAS is lower in children with an associated medical condition. On the contrary, the negative predictive value of the McGill score was similar in both groups, between 60 and 83%. - Review of polysomnography in children. The indications, technical aspects, and interpretation of polysomnography in children are clearly exposed in a nice review by Stowe and Afolabi-Brown (2). - Contribution of tracheal sound recording to cardiorespiratory polygraphy. The combination of an oronasal thermistor and a nasal pressure cannula is recommended by the American Association of Sleep Medicine to recognize respiratory events. Amaddeo et al. (3) compared the accuracy of tracheal sounds + a suprasternal pressure sensor to an oronasal thermistor + a nasal pressure cannula for the detection and characterization of respiratory events. They conclude that when added to respiratory inductance plethysmography, the combination of tracheal sounds and suprasternal pressure has a good sensitivity and specificity for the detection and characterization of apneas and hypopneas in children. In addition, Nakano et al. (4) showed that the use of artificial intelligence (deep neural network) to analyze tracheal sounds allows discriminating sleep/state status 'with reasonable accuracy', indicating that tracheal sounds may become a very useful addition to the sensors currently used for home cardiorespiratory polygraphy. - Heterogeneity of obstructive sleep apnea syndrome in children. Siriwardhana et al. (5) reviewed the adult literature on the phenotypes and endotypes of OSAS and questioned whether a similar approach may also guide the development of new diagnostic and management approaches for pediatric OSAS. The authors conclude that pediatric OSAS is also heterogeneous and that further research is needed to more comprehensively characterize its heterogeneity and identify factors that could lead to more personalized treatment. - Prematurity as a risk factor for sleep-disordered breathing in infants. Sadras et al. (6) questioned whether prematurity is a risk factor for having moderate/severe sleep-disordered breathing (SDB) (apnea/ hypopnea index > 5 events/hour) before two years of age. They assessed 98 children aged 14 ± 6.4 months (range 2-23), including 31 born between 24 and 34 weeks of gestational age. Their results showed that although often clinically silent, preterm children had an elevated odds ratio of 4.3 (95% CI: 1.5-12.9) for suffering from moderate/severe SDB. In addition, nocturnal hypoxemia was more severe and central apneas more frequent in preterm children. Of note, every additional week of gestation decreased the odds of SDB by 12.5%. - Mechanism of central sleep apnea in children. Harman et al. (7) attempted to understand the mechanisms behind central sleep apnea in children. They conclude that an increased number of central apneas in children (central apnea index > 5 events/hour) is associated with a hypersensitive ventilatory control system. Furthermore, they conclude that neuroimaging is not needed in otherwise healthy children with central sleep apnea syndrome. - Cerebral oxygenation and respiratory events in children. Tabone et al. (8) used near-infrared spectroscopy to assess the consequences of respiratory events on cerebral oxygenation in children with SDB and comorbidities, who represent the majority of children with moderate/severe SDB. Sixty-five children aged 7.8 ± 4.2 years (range 1.5-18.6) with constitutional bone disease, Down syndrome, facio-craniosynostosis, maxillofacial anomalies, encephalopathies or obesity were studied using cardiorespiratory polygraphy. The authors analyzed 540 obstructive and mixed apneas, 172 central apneas, and 393 obstructive hypopneas. The decrease in cerebral oxygenation was found to be more marked with apneas than obstructive hypopneas, in children with moderate/severe SDB, or in children younger than seven years. No difference was found between obstructive and central apneas. Unfortunately, the effect of sleep stages could not be assessed. Finally, the magnitude of the neurocognitive and behavioral consequences of the repeated decreases in cerebral oxygenation remains unknown. Treatment of Obstructive Sleep-Disordered Breathing in Children - Low-flow supplemental oxygen to treat obstructive sleep apnea in infants. Brockbank et al. (9) retrospectively studied the effect of lowflow supplemental oxygen to treat OSAS in 59 infants aged 13 ± 11.7 weeks, who were not eligible for surgery or CPAP treatment. They showed that, overall, supplemental oxygen significantly decreased the apnea-hypopnea index from 19.7 ± 13 to 10.6 ± 11.7 events/hour (P <.001), with a reduced frequency of both obstructive and central events. Moreover, while the mean lowest oxygen saturation increased from 81 ± 7% to 90 ± 7% (P < .001), there was no adverse effect on alveolar ventilation. Interestingly, although 58% of infants had a decrease in their apnea-hypopnea index of at least 50%, some infants did not respond, highlighting the presence of different OSAS phenotypes. Finally, supplemental oxygen improved sleep architecture, with a significant increase in NREM sleep. The authors conclude that low-flow supplemental oxygen can be considered as an alternative treatment for OSAS in infants, who are not eligible for surgery or CPAP treatment. - Positive Airway Pressure treatment. Blinder et al. performed a systematic review and metaanalysis on the predictors of Positive Airway Pressure (both CPAP and BiPAP) adherence in children (≤ 20 years) with SDB. They analyzed 28 studies and 50 predictive factors organized into five categories: demographics, disease characteristics, technological factors, comorbidities, and psychosocial factors. Among the 50 factors, female sex [odds ratio = 1.48 (95%CI: 0.75-2.93)], Caucasian race [odds ratio = 1.26 (95%CI: 0.68- 2.36)], greater apnea-hypopnea index [mean difference in apneahypopnea index of 4.32 (95%CI: -0.61-9.26) events/hour between adherent and non-adherent children], younger age, higher maternal education and presence of developmental delay were most consistently predictive of adherence to Positive Airway Pressure therapy. While these results can help clinicians to identify children at risk of poor adherence, who may need additional interventions, they also highlight the existing low-quality evidence for most of the studied factors. Further prospective, high-quality studies are urgently needed in this rapidly growing therapeutic area.;;
The necessity of competent teachers in each South African school classroom;2021;TYDSKRIF VIR GEESTESWETENSKAPPE;10.17159/2224-7912/2021/v61n3a7;Web of Science;"The necessity of competent teachers in each South African school classroom The South African government's relatively high spending on education is not refl ected in die quality of educators and education. The inadequate quality of education can to a large degree be attributed to the poor quality of South African educators. In this article I will briefl y sketch the poor performance of the education system as measured by agencies like the World Economic Forum and evaluated in international studies with reference to matters such as literacy and mathematics teaching. This is an attempt to make sense of some existing and emerging reasons why the presence of competent educators in classrooms may be non-negotiable to provide improved and adequate education. The reasons apply to the present and the future when education will be in a space completely different from the present due to the COVID-19 pandemic. I will explore questions about what a competent teacher is, why so many South African teachers are incompetent, whether we can defi ne the value of teachers in terms of more than vague and sentimental praises for educators' work, the challenges COVID-19 poses which are lkely to render incompetent teachers uanable to respond effectively and the challenges and opportunities that the post-pandemic epoch will entail. In trying to defi ne what a competent teacher is, I fi rst consulted the Department of Education's Norms and Standards for Educators document of 2000 which defi nes seven roles that educators have to play. I believe that this document does not adequately defi ne what a competent educator is in our current situation as it was primarily developed to support the Outcomes-Based Education teacher education initiative around 2000. Furthermore, present compliance theory approaches to education management limit the autonomy a teacher needs to fulfi l these seven roles. Spaull (2013) believes a competent educator should display a minmum level of professionalism including a real desire to teach. I agree with his four characteristics of teacher professionalism. Even taken together with the seven roles they still do not capture all the qualities a competent educator should possess and I added some perspectives from education law and pedagogical theory to augment their defi nitions. I referred to capabilities of competent teachers such as creating the future for the learners in their care, protecting learners' sexual and overall safety and creating a relationship of trust with learners and the entire education community to lead children to maturity in enabling them to shoulder their responsibility for the welfare of society. Competent educators should also be capable of responding quickly and effectively to new and unexpected challenges. The main aim of this article is not to identify the reasons why so many teachers are incompetent. I did, however, refer to some aspects that policy makers and leaders and managers should address to improve the quality of teachers. These include concerns about the quality of teachers' initial and further training programmes, the legacy of apartheid which provided most teachers with inadequate teacher training, the poor state of teacher induction, appointment processes that go wrong for various reasons and, lastly, the unsatisfactory conditions of service of educators in regard to which Mbiza (2021) makes a statement that rings true and addresses two problem areas simultaneously: ""Yes, let's pay teachers more, but let's also raise the entrylevel requirements for the profession"".";;
Utilizing machine learning to predict cardiac transplantation in women with peripartum cardiomyopathy on mechanical circulatory support devices;2021;European Journal of Heart Failure;10.1002/ejhf.2297;Embase;Background: Peripartum cardiomyopathy (PPCM) affects a small fraction of childbearing women during pregnancy or in the early postpartum period with some women experiencing significant morbidity and mortality. The use of mechanical circulatory support devices (MCS) is used as a bridge to recovery or transplant in patients with severe disease. We aim to evaluate a machine learning algorithm's ability to predict the need for transplant within 180 days of the diagnosis. Methods: Patients with a diagnosis of PPCM requiring MCS (intra-aortic balloon pump, impella, extra-corporal membrane oxygenation) during index hospitalization were identified in the Nationwide Readmission Database (NRD) between January 2016 and June 2018. Only patients discharged alive from the months of January to June were included in the 180-day readmission outcomes. The identified patients were split randomly into a training dataset (70%), and a testing dataset (30%). Scikit-learn's Logistic Regression algorithm Python library was used. Model performance was evaluated using AUC, accuracy, recall, precision, specificity, and prevalence. Figure Results: A total of 3.201 PPCM hospitalizations fulfilled the inclusion criteria, of which, 80 (2.5%) required MCS. A third (n=25, 31.3%) required cardiac transplantation either during the index hospitalization or during any hospitalization within 180 days. The median age was 31.5 (IQR 28-37.75). Comorbidities included: obesity (22.5%), pulmonary hypertension (31.3%), tobacco use (31.3%), dyslipidemia (13.8%), diabetes mellitus with chronic complications (10%), and venous thromboembolism (10%). The developed machine learning algorithm performance evaluation showed a training AUC of 0.884 with an accuracy of 0.821 and a validation AUC of 0.829 with an accuracy of 0.667 (Figure). Conclusions: Machine learning models can successfully predict the need for transplant in women with peripartum cardiomyopathy on mechanical circulatory support devices. Further development and deployment of such models can identify patients at the highest risk and enlist them for transplant ensuring fair organ allocation to the patients most in need and allow prognostic value to provide the information required for shared decision making.;;
Community-based systems approaches;2020;Obesity Reviews;10.1111/obr.13117;Embase;Over the past 30 years, community-based obesity prevention has evolved through several generations through single behavioural focused approaches, to capacity building in settings, whole of community efforts and more recently 'systems-based approaches'. In this presentation, we describe our approach to 'whole of systems' community-based efforts to prevent childhood obesity. We will draw examples from several scientific trials in Australia and provide further examples from projects across Europe and the South Pacific. Detail will be provided on the underlying ethos of the approach, and this will be located in the multiple generations of communitybased interventions. Particular attention will be paid to the process, required capacity and tools used to support communities in taking a whole of system approach. We will describe the unique (>400) actions developed and implemented by communities using this approach and the adaptation to settings and context observed in approach. New and traditional approaches to intervention design, evaluation and realtime improvement will be described. Pointers will be given to the next evolution in community-based interventions including the use of artificial intelligence for augmented decision making and machine learning for data collation. We will describe the emergence of a global network of scientists and practitioners coming together to deliver whole of systems communitybased obesity prevention.;;
Creating a Learning Televillage and Automated Digital Child Health Ecosystem;2020;PEDIATRIC CLINICS OF NORTH AMERICA;10.1016/j.pcl.2020.04.016;Web of Science;This article explores the impact of digital technologies, including tele-health, teleconsultations, wireless devices, and chatbots, in pediatrics. Automated digital health with the Internet of things will allow better collection of real-world data for generation of real-world evidence to improve child health. Artificial intelligence with predictive analytics in turn will drive evidence-based decision-support systems and deliver personalized care to children. This technology creates building blocks for a learning child health and health care ecosystem.;;
Diagnosis of large-for-gestational-age infants using a semi-supervised feature learned from expert and data;2020;MULTIMEDIA TOOLS AND APPLICATIONS;10.1007/s11042-020-09081-4;Web of Science;In recent years, a rapid rise in the incidence of Large for gestational age (LGA) neonate is reported, and health care professionals employed themselves to discover the cause. Utmost of the previous studies were cohort or observational studies that employed simple linear or multivariate regression models, and very few of them employed machine learning (ML) schemes. Therefore, this research proposes to use 1 expert-driven and 7 automated feature selection schemes with well-known ML classifiers using 10 and 30 folds cross-validation. The induced results were compared with existing baselines, and Wilcoxon signed-rank test and the Friedman test were also introduced to verify the results. The ranked 20 features of the proposed expert-driven feature selection scheme outperformed amongst 7 automated feature selection schemes with a prediction precision, accuracy, and AUC scores of 0.94606, 0.84529, and 0.86492, respectively. Out of twenty features, eleven features were found similar to twenty ranked features of the automated feature selection schemes subsets. The classification results of the extracted features were utmost identical to the results of twenty features subset proposed by the expert-driven feature selection scheme. Therefore, we suggest pediatricians to refresh LGA diagnosis process with the proposed scheme because of its practical usage and maximum expert involvement.;;
Leading dietary determinants identified using machine learning techniques and a healthy diet score for changes in cardiometabolic risk factors in children: a longitudinal analysis;2020;NUTRITION JOURNAL;10.1186/s12937-020-00611-2;Web of Science;Background Identifying leading dietary determinants for cardiometabolic risk (CMR) factors is urgent for prioritizing interventions in children. We aimed to identify leading dietary determinants for the change in CMR and create a healthy diet score (HDS) to predict CMR in children. Methods We included 5676 children aged 6-13 years in the final analysis with physical examinations, blood tests, and diets assessed at baseline and one year later. CMR score (CMRS) was computed by summing Z-scores of waist circumference, an average of systolic and diastolic blood pressure (SBP and DBP), fasting glucose, high-density lipoprotein cholesterol (HDL-C, multiplying by - 1), and triglycerides. Machine learning was used to identify leading dietary determinants for CMR and an HDS was then computed. Results The nine leading predictors for CMRS were refined grains, seafood, fried foods, sugar-sweetened beverages, wheat, red meat other than pork, rice, fungi and algae, and roots and tubers with the contribution ranging from 3.9 to 19.6% of the total variance. Diets high in seafood, rice, and red meat other than pork but low in other six food groups were associated with a favorable change in CMRS. The HDS was computed based on these nine dietary factors. Children with HDS >= 8 had a higher decrease in CMRS (beta (95% CI): - 1.02 (- 1.31, - 0.73)), BMI (- 0.08 (- 0.16, - 0.00)), SBP (- 0.46 (- 0.58, - 0.34)), DBP (- 0.46 (- 0.58, - 0.34)), mean arterial pressure (- 0.50 (- 0.62, - 0.38)), fasting glucose (- 0.22 (- 0.32, - 0.11)), insulin (- 0.52 (- 0.71, - 0.32)), and HOMA-IR (- 0.55 (- 0.73, - 0.36)) compared to those with HDS <= 3. Improved HDS during follow-up was associated with favorable changes in CMRS, BMI, percent body fat, SBP, DBP, mean arterial pressure, HDL-C, fasting glucose, insulin, and HOMA-IR. Conclusion Diets high in seafood, rice, and red meat other than pork and low in refined grains, fried foods, sugar-sweetened beverages, and wheat are leading healthy dietary factors for metabolic health in children. HDS is strongly predictive of CMR factors.;;
Machine Learning Models for Classifying Physical Activity in Free-Living Preschool Children;2020;SENSORS;10.3390/s20164364;Web of Science;"Machine learning (ML) activity classification models trained on laboratory-based activity trials exhibit low accuracy under free-living conditions. Training new models on free-living accelerometer data, reducing the number of prediction windows comprised of multiple activity types by using shorter windows, including temporal features such as standard deviation in lag and lead windows, and using multiple sensors may improve the classification accuracy under free-living conditions. The objective of this study was to evaluate the accuracy of Random Forest (RF) activity classification models for preschool-aged children trained on free-living accelerometer data. Thirty-one children (mean age = 4.0 +/- 0.9 years) completed a 20 min free-play session while wearing an accelerometer on their right hip and non-dominant wrist. Video-based direct observation was used to categorize the children's movement behaviors into five activity classes. The models were trained using prediction windows of 1, 5, 10, and 15 s, with and without temporal features. The models were evaluated using leave-one-subject-out-cross-validation. The F-scores improved as the window size increased from 1 to 15 s (62.6%-86.4%), with only minimal improvements beyond the 10 s windows. The inclusion of temporal features increased the accuracy, mainly for the wrist classification models, by an average of 6.2 percentage points. The hip and combined hip and wrist classification models provided comparable accuracy; however, both the models outperformed the models trained on wrist data by 7.9 to 8.2 percentage points. RF activity classification models trained with free-living accelerometer data provide accurate recognition of young children's movement behaviors under real-world conditions.";;
Machine learning identifies key risk factors of linear growth faltering in young children with and without diarrhea;2020;American Journal of Tropical Medicine and Hygiene;;Embase;Stunting affected 144 million children less than 5 years old in 2019 and contributed to 15% of all deaths. Identification of those at highest risk will enable new interventions and targeted approaches. We used clinical and demographic data from the Global Enteric Multicenter Study (GEMS) study to build predictive models of linear growth faltering (decrease of ≥0.5 or ≥1.0 in height-for-age z-score [HAZ] at 60 day follow-up) in children ≤59 months presenting with moderate-to-severe diarrhea (MSD), and community controls, in Africa and Asia. We screened variables using random forests and assessed predictive performance with random forest regression and logistic regression using 5-fold cross-validation. We stratified by occurrence of MSD and by age categories. Of the 7332 cases and 11963 controls, average HAZ at enrollment was -1.3, and 1650 (22.5%) of cases and 1909 (16.0%) of controls experienced growth faltering (≥0.5 ΔHAZ), and 345 (4.7%) of cases and 384 (3.2%) of controls had ≥1.0 ΔHAZ. Baseline HAZ, wealth, mid-upper arm circumference, respiratory rate, temperature, and age were predictive of growth faltering, regardless of age group, diarrhea status, and ΔHAZ cutoff. Other top predictors in both cases and controls included number of people in the house and number of sleeping rooms. Unique predictors in MSD cases <12mo and controls were duration of diarrhea and height at enrollment, respectively. AUCs up to 0.77 were observed for ≥1.0 ΔHAZ, but predictive ability was lower (AUC 0.64) for ≥0.5 ΔHAZ. While growth faltering was higher in MSD patients, most risk factors were consistent among MSD sufferers and healthy community controls, regardless of the severity of growth faltering. Our model accurately identified children at high risk of growth faltering using clinical features, living conditions, and age. To better reveal probabilistic relationships between growth faltering and risk factors, analysis using Bayesian networks are pending, and models based on conditional dependence of variables will be reported at time of abstract presentation.;;
National trends in appropriate antibiotics use among pediatric inpatients with uncomplicated lower respiratory tract infections in Japan;2020;JOURNAL OF INFECTION AND CHEMOTHERAPY;10.1016/j.jiac.2020.04.025;Web of Science;Background: Japan was ranked as the worst country of 36 high-income countries in terms of oral antibiotic consumptions for children. Knowing the patterns and variations of antibiotic use for pediatric inpatients with uncomplicated respiratory infections is an important step to promote judicious antibiotic use.;;
PEDOBESITY: Development of intelligent multi-level information systems and specialized artificial intelligence algorithms for personalized management of obesity in childhood and adolescence;2020;Obesity Reviews;10.1111/obr.13118;Embase;"INTRODUCTION: Obesity in childhood and adolescence represents a major health problem of our century. In Greece, more than 30-35% of children and adolescents are currently overweight or obese. Our aim is to evaluate and further develop the National Registry for the Prevention and Management of Overweight and Obesity in Childhood and Adolescence in order to provide personalized intervention programs for overweight and obese children and adolescents using intelligent information systems and support systems. METHODS: The project is part of the Operational Program Competitiveness, Entrepreneurship & Innovation, EPAnEK 2014-2020 (project code: T1EDK-01386, MIS: 5030543, Acronym: PEDOBESITY), which is co-funded by Greece and the European Union, and represents continuation of the Program Development of a National System for the Prevention and Management of Overweight and Obesity in Childhood and Adolescence in Greece. The main innovative actions include (1) collection and analysis of clinical, hematological, biochemical, endocrinologic and genetic data of overweight and obese children and adolescents; (2) detection of polymorphisms associated with obesity, diabetes type 2, antioxidant capacity and body mass index; (3) development of a specific obesity-risk algorithm by linking each genotype to the patient's data, as well as published information on how it affects body weight at clinical or genetic level; (4) development of interconnected online and mobile applications to integrate the ecosystem of applications for childhood obesity. Applications will include development and expansion of the Electronic Health File (EHR) of the National Registry for the Prevention and Management of Overweight and Obesity in Childhood and Adolescence, Patient Access Subsystem and Online Support, as well as mobile application for children, adolescents and their parents; and (5) the development of an intelligent data management platform (in full interoperability with the National Registry for the Prevention and Management of Overweight and Obesity in Childhood and Adolescence) using the innovative methodology of Fuzzy Cognitive Maps and modeling techniques from medical data analysis in order to provide personalized management guidelines. RESULTS: Our goal is to reduce overweight and obesity rates in Greece by at least 20% within 5 years following implementation of the project. CONCLUSION: These research actions are expected to play an important role in the management of overweight and obesity in childhood and adolescence.";;
Personalized nutrition intervention: Machine-learning algorithm at the intersection of gaming, medicine and behavior change;2020;Global Advances in Health and Medicine;10.1177/2164956120912849;Embase;Purpose: Many people are addicted to foods that ultimately cause disease. The leading causes of death in the United States are heart disease and cancer, both largely preventable by making behavioral changes. These attitudes are greatly influenced by our education. Regardless of the efforts made by various institutions to educate people about healthy behaviors, compliance is still low, and the number of deaths from these diseases is on the rise. We now know that the health status of a mother, not only at the moment of pregnancy, but also years before she becomes pregnant, greatly influences the health of her children. In other words, an obese or overweight woman will most likely give birth to a child that is predisposed to obesity, which raises his or her risk of death from chronic disease. Hence, an early intervention is recommended. Methods: Newtrima, an app in development, functions as a personalized virtual health and wellness space for women. It integrates baseline dietary recalls with other health metrics, such as microbiome and DNA profiling, and generates an avatar. This way women are interactively educated about healthy behaviors while using game as a learning tool. Thus, they vicariously learn what is suitable for them, by engaging with their own avatar that is programmed to deliver the optimal education for each individual. Results: Periodically, women do behavioral check-ins, including 24-hour dietary recalls, which are not only measuring the success of this method but are also helping the machine-learning algorithm to become more personalized. Conclusion: Currently, nutrition education (when existent) is taught as an all-size-fits-all model. This approach does not deliver sustainable, long-term results. Furthermore, people who seek to learn more about healthy behaviors have to navigate through a myriad of conflicting information that is not well understood or trusted. A paradigm-shift from all-size-fits-all to a tailor-made model is apparent.;;
Recent Practice Patterns and Variations in Children Hospitalized for Asthma Exacerbation in Japan;2020;INTERNATIONAL ARCHIVES OF ALLERGY AND IMMUNOLOGY;10.1159/000507857;Web of Science;Background: High antibiotic prescribing rates for adults with an asthma exacerbation have been reported in developed countries, but few studies have assessed the variation of antibiotic and adjunctive treatment in the routine care of children. Objective: We evaluated the trends in health resource utilization for children hospitalized for asthma exacerbation, ascertained the variations of practices across hospitals and geographic location, and classified these different patterns at hospital levels. Methods: Using data on Japanese children hospitalized for asthma exacerbation with no indication of bacterial infection during 2010-2018, we conducted a retrospective observational study to assess the trends in initial treatment patterns and their variations. Mixed-effect generalized linear models were used to investigate the treatment trends. Hierarchical cluster analyses were performed to classify the treatment variations across hospitals. Results: Overall, 54,981 children were eligible for the study. Proportions of antibiotic use decreased from 47.2% in 2010 to 26.9% in 2018. Similarly, utilization of antitussives, antihistamines, and methylxanthine showed decreasing trends over the period, whereas the use of mucolytics and ambroxol increased. These treatment variations were more considerable in hospital levels than in 47 prefecture levels. Hierarchical cluster analyses classified these patterns into 6 groups, mostly based on mediator release inhibitor, ambroxol, and antitussives. Conclusions: Wide variations in antibiotics and adjunctive treatments were observed across hospital levels. Our findings support the improvement in reducing inappropriate antibiotic use and highlight the need for comparative effectiveness research of the adjunctive treatments among children hospitalized for asthma.;;
Relationship Between Health Status and Physical Fitness of College Students From South China: An Empirical Study by Data Mining Approach;2020;IEEE ACCESS;10.1109/access.2020.2986039;Web of Science;This study aims to reveal the scientific associations between the motor competence related physical fitness and the medical health status of college students from south China. Two hundred and fourteen college students, including 112 males and 102 females, from 17 provinces were administrated with the Shantou University fitness test battery twice. All the subjects were asked for a medical examination, including a questionnaire and a physical examination. The records were assessed and concluded by three expertise medical practitioners. A machine learning model equipped with a new loss was designed to deal with the soft label issue. Armed with the trained model, we mine and highlight the relationship between the motor competence related physical fitness and the medical health status of the college students. The physical educators, the educational authorities, the universities, and the individuals may potentially benefit from this study.;;
Revisiting the Neuropathology of Sudden Infant Death Syndrome (SIDS);2020;FRONTIERS IN NEUROLOGY;10.3389/fneur.2020.594550;Web of Science;Background: Sudden infant death syndrome (SIDS) is one of the leading causes of infant mortality in the United States (US). The extent to which SIDS manifests with an underlying neuropathological mechanism is highly controversial. SIDS correlates with markers of poor prenatal and postnatal care, generally rooted in the lack of access and quality of healthcare endemic to select racial and ethnic groups, and thus can be viewed in the context of health disparities. However, some evidence suggests that at least a subset of SIDS cases may result from a neuropathological mechanism. To explain these issues, a triple-risk hypothesis has been proposed, whereby an underlying biological abnormality in an infant facing an extrinsic risk during a critical developmental period SIDS is hypothesized to occur. Each SIDS decedent is thus thought to have a unique combination of these risk factors leading to their death. This article reviews the neuropathological literature of SIDS and uses machine learning tools to identify distinct subtypes of SIDS decedents based on epidemiological data.;;
Use of theory to guide development and application of sensor technologies in Nursing;2020;NURSING OUTLOOK;10.1016/j.outlook.2020.04.007;Web of Science;"Sensor technologies for health care, research, and consumers have expanded and evolved rapidly. Many technologies developed in commercial or engineering spaces, lack theoretical grounding and scientific evidence to support their need, safety, and efficacy. Theory is a mechanism for synthesizing and guiding knowledge generation for the discipline of nursing, including the design, implementation, and evaluation of sensors and related technologies such as artificial intelligence and machine learning. In this paper, three nurse scientists summarize their presentations at the Council for the Advancement of Nursing Science 2019 Advanced Methods Conference on Expanding Science of Sensor Technology in Research discussing the theoretical underpinnings of sensor technologies development and use in nursing research and practice. Multiple theories with diverse epistemological roots guide decision-making about whether or not to apply sensors to a given use; development of, components of, and mechanisms by which sensor technologies are expected to work; and possible outcomes.";;
